0.375,0.08483171968649147,0.14532148457919497,0.0,0.06107105293340931
0.375,0.11272475795297372,0.17171981181390486,0.043209876543209874,0.018464671263783546
0.625,0.014983863531581374,0.1840041819132253,0.037037037037037035,0.06258068575204136
0.625,0.001152604887044721,0.19628855201254575,0.043209876543209874,0.01148433897487519
0.125,9.220839096357768E-4,0.2004704652378463,0.0,0.03837035141907575
0.5,0.10926694329183956,0.23444851019341348,0.043209876543209874,0.06236854423914765
0.5,0.1000461041954818,0.2720857292211187,0.030864197530864196,0.07700446825985847
0.5,0.020977408944213922,0.2885520125457397,0.05555555555555555,0.030035414001445906
0.5,0.004610419548178884,0.2956089911134344,0.05555555555555555,0.09582333256568112
0.5,0.01751959428307976,0.30240460010454784,0.08024691358024691,0.09003412449546987
0.375,0.16712770862148454,0.31495033978044956,0.06790123456790123,0.045888632911243156
0.25,0.06708160442600276,0.32253005750130687,0.09876543209876543,0.034849507259928005
0.375,0.05901337021668972,0.3316779926816519,0.08641975308641975,0.04132227202967648
0.5,0.005532503457814661,0.3384736016727653,0.08024691358024691,0.1072797852719889
0.5,0.0013831258644536654,0.3470987976999477,0.09259259259259259,0.05435813561142313
0.5,0.02858460119870908,0.36095138525875586,0.08024691358024691,0.06326327547806002
0.5,0.046104195481788846,0.36957658128593834,0.09876543209876543,0.025063922408298082
0.5,0.004149377593360996,0.3789858860428646,0.10493827160493827,0.1306331939113483
0.625,0.01751959428307976,0.3941453214845792,0.09259259259259259,0.13920151506658596
0.625,0.09774089442139235,0.4278619968635651,0.16666666666666666,0.1313661286457202
0.625,0.18165053019824803,0.46680606377417666,0.1419753086419753,0.06755938285753714
0.5,0.08506224066390042,0.48614741244119186,0.16666666666666666,0.1670711579280178
0.5,0.049562010142923,0.4952953476215369,0.16049382716049382,0.05650993242445933
0.5,0.04080221300138313,0.5039205436487193,0.15432098765432098,0.12243400709864617
0.5,0.03895804518211157,0.4832723470987977,0.17901234567901234,0.14438570964112213
0.5,0.002305209774089442,0.46732880292733925,0.15432098765432098,0.12261364582423871
0.5,0.02581834946980175,0.4485101934134867,0.14814814814814814,0.09589747759966853
0.5,0.1710465652374366,0.4276006272869838,0.19753086419753085,0.11207054639524905
0.375,0.23766712770862147,0.43962362780972297,0.19753086419753085,0.13958471731418176
0.375,0.29207007837713234,0.4362258233141662,0.18518518518518517,0.11797342064293195
0.25,0.1710465652374366,0.42838473601672766,0.18518518518518517,0.11641222630087493
0.375,0.3840479483633011,0.39858860428646103,0.19753086419753085,0.06363874193750738
0.5,0.07630244352236054,0.41766858337689494,0.20987654320987653,0.014331109013506406
0.375,0.06247118487782388,0.41583899634082594,0.19135802469135801,0.024189965503687617
0.375,0.018441678192715538,0.4163617354939885,0.21604938271604937,0.03853801215011584
0.5,0.017980636237897647,0.42498693152117095,0.20987654320987653,0.0
0.375,0.0318118948824343,0.3959749085206482,0.2222222222222222,0.09887482025599907
0.375,0.021668971876440755,0.36774699424986934,0.2037037037037037,0.10894042192298654
0.5,0.07284462886122638,0.36042864610559333,0.18518518518518517,0.0953516990301786
0.5,0.03803596127247579,0.36591740721380034,0.2345679012345679,0.12003469625755359
0.5,0.04633471645919779,0.37062205959226346,0.17901234567901234,0.036580452243532964
0.375,0.04633471645919779,0.36330371144798745,0.19753086419753085,0.12466303702239033
0.375,0.07238358690640849,0.37062205959226346,0.20987654320987653,0.14568054956785798
0.5,0.05232826187183034,0.3831677992681652,0.19135802469135801,0.07867015812730793
0.5,0.04817888427846934,0.3959749085206482,0.19135802469135801,0.13124550649745378
0.5,0.07538035961272475,0.41296393099843176,0.2037037037037037,0.11611592689917265
0.5,0.09220839096357769,0.41975953998954524,0.24691358024691357,0.15008349192478854
0.5,0.0818349469801752,0.4370099320439101,0.22839506172839505,0.1491632138693698
0.375,0.12609497464269248,0.4532148457919498,0.24691358024691357,0.08815357935073592
0.5,0.10465652374366068,0.4521693674856247,0.2345679012345679,0.1520776720543
0.375,0.06685108344859382,0.4260324098274961,0.2654320987654321,0.08919298230510204
0.375,0.015444905486399263,0.4027705175117616,0.25308641975308643,0.08339678707140186
0.5,0.0735361917934532,0.4051228437009932,0.29012345679012347,0.1290825738926071
0.375,0.1214845550945136,0.4145321484579195,0.24691358024691357,0.048290907058279715
0.375,0.12840018441678192,0.4236800836382645,0.25308641975308643,0.0757445953432614
0.375,0.1871830336560627,0.43204391008886567,0.2716049382716049,0.052041797336761536
0.375,0.25633932687874594,0.4393622582331417,0.2654320987654321,0.09188818704287302
0.375,0.07491931765790687,0.4417145844223732,0.2716049382716049,0.1912146463174264
0.375,0.14937759336099585,0.4445896497647674,0.2839506172839506,0.13108361641483088
0.375,0.06385431074227754,0.4503397804495557,0.2839506172839506,0.19193685076501174
0.375,0.1825726141078838,0.46157867224255095,0.2716049382716049,0.07275945451339413
0.375,0.13646841862609496,0.47621536853110297,0.25925925925925924,0.20750708955350747
0.375,0.14730290456431536,0.4830109775222164,0.30246913580246915,0.15465974089039983
0.375,0.08782849239280774,0.490852064819655,0.25925925925925924,0.13981058361250015
0.375,0.06685108344859382,0.4971249346576059,0.2654320987654321,0.21149014705452535
0.375,0.08206546795758414,0.509147935180345,0.2962962962962963,0.10966524655688023
0.375,0.09013370216689719,0.5151594354417146,0.2716049382716049,0.20838999876133812
0.375,0.07238358690640849,0.5227391531625719,0.3148148148148148,0.19527493692915227
0.375,0.046104195481788846,0.5303188708834292,0.2962962962962963,0.13305917450593657
0.375,0.10419548178884279,0.542080501829587,0.25308641975308643,0.22854911955657464
0.375,0.0119870908252651,0.5533193936225823,0.30246913580246915,0.09274969806251883
0.375,0.06385431074227754,0.5554103502352327,0.2839506172839506,0.18681432414680418
0.375,0.08114338404794837,0.5611604809200209,0.30864197530864196,0.14534482260075388
0.5,0.058091286307053944,0.5695243073706221,0.30246913580246915,0.15231061909418975
0.375,0.0938220378054403,0.5697856769472034,0.32098765432098764,0.17512398861978223
0.5,0.1272475795297372,0.5781495033978045,0.3333333333333333,0.1641508667092821
0.5,0.1673582295988935,0.5810245687401986,0.3148148148148148,0.17609925939498214
0.375,0.12102351313969571,0.5812859383167799,0.32098765432098764,0.14427194988556805
0.375,0.15813739050253572,0.5828541557762676,0.30864197530864196,0.15863537453021073
0.375,0.13854310742277548,0.5768426555148981,0.29012345679012347,0.2596043786931565
0.375,0.06915629322268327,0.5838996340825928,0.2839506172839506,0.22968562536782036
0.375,0.026970954356846474,0.5948771562990068,0.3395061728395062,0.24968229461193933
0.375,0.0735361917934532,0.6045478306325144,0.30246913580246915,0.1400278095345398
0.75,0.0656984785615491,0.6181390486147412,0.30864197530864196,0.13687032906951038
0.75,0.11871830336560626,0.6204913748039729,0.3333333333333333,0.12332696035399215
0.375,0.07076994006454587,0.6285938316779927,0.32098765432098764,0.1792065820078232
0.375,0.06615952051636699,0.6338212232096184,0.35802469135802467,0.26331858636332145
0.375,0.11940986629783311,0.6484579194981704,0.3148148148148148,0.19282939851533382
0.375,0.10857538035961273,0.6620491374803973,0.3271604938271605,0.25952271621987966
0.375,0.08782849239280774,0.6667537898588605,0.3395061728395062,0.230022319308443
0.375,0.12033195020746888,0.6664924202822792,0.30864197530864196,0.1816270103028533
0.375,0.09566620562471184,0.6680606377417668,0.32098765432098764,0.17399752685605185
0.375,0.030889810972798526,0.6610036591740721,0.3148148148148148,0.21068019755830453
0.375,0.14200092208390963,0.667276529012023,0.3148148148148148,0.08185817623990725
0.375,0.10650069156293222,0.6680606377417668,0.3395061728395062,0.16858996139872906
0.375,0.09359151682803135,0.6711970726607422,0.35185185185185186,0.07641866946377794
0.375,0.10557860765329645,0.6785154208050183,0.35802469135802467,0.07406939170409713
0.375,0.12217611802674043,0.6811291165708312,0.35185185185185186,0.11045242538637376
0.375,0.14615029967727064,0.6847882906429692,0.3395061728395062,0.0787005398114071
0.5,0.14107883817427386,0.6860951385258756,0.3395061728395062,0.12291309568804985
0.375,0.14499769479022592,0.6853110297961317,0.3333333333333333,0.1849679350021612
0.5,0.2028584601198709,0.6847882906429692,0.32098765432098764,0.09982245430418472
0.375,0.16390041493775934,0.6879247255619446,0.36419753086419754,0.2651845333271946
0.375,0.12863070539419086,0.6866178776790381,0.3395061728395062,0.1604768976145668
0.375,0.13093591516828032,0.6829587036069001,0.35802469135802467,0.11058724021047707
0.375,0.09566620562471184,0.6769472033455306,0.30864197530864196,0.2070722633970984
0.375,0.040110650069156296,0.6649242028227914,0.37037037037037035,0.21491264064902763
0.375,0.0677731673582296,0.6589127025614219,0.3333333333333333,0.09527964390669903
0.375,0.15237436606731214,0.6589127025614219,0.345679012345679,0.26927501846685475
0.375,0.13416320885200553,0.6594354417145845,0.35802469135802467,0.1172249207541807
0.375,0.14822498847395113,0.656299006795609,0.4012345679012346,0.1253682726443597
0.25,0.16620562471184877,0.6510716152639833,0.30864197530864196,0.2816806336633614
0.375,0.10627017058552328,0.652639832723471,0.3888888888888889,0.19552837756909658
0.375,0.11318579990779161,0.6513329848405646,0.345679012345679,0.18615852894505777
0.375,0.05739972337482711,0.6419236800836383,0.3888888888888889,0.1583213888709271
0.375,0.07722452743199631,0.6393099843178254,0.3950617283950617,0.277695985334942
0.375,0.028123559243891195,0.630684788290643,0.4074074074074074,0.2884629859225188
0.375,0.0677731673582296,0.6262415054887611,0.3950617283950617,0.14947124172407136
0.375,0.10972798524665744,0.6181390486147412,0.3950617283950617,0.17005551894053142
0.375,0.07791609036422315,0.6176163094615786,0.37037037037037035,0.2674513687962449
0.375,0.08114338404794837,0.6178776790381599,0.42592592592592593,0.13531172372106756
0.375,0.10603964960811434,0.6244119184526921,0.3950617283950617,0.24730126268961689
0.5,0.10627017058552328,0.6280710925248301,0.3888888888888889,0.1475726983948146
0.375,0.14269248501613646,0.6340825927861997,0.3950617283950617,0.23253657522746726
0.5,0.1553711387736284,0.6442760062728699,0.37037037037037035,0.26996734031344727
0.5,0.10096818810511757,0.6549921589127026,0.43209876543209874,0.2633937295635216
0.375,0.17196864914707238,0.6521170935703084,0.38271604938271603,0.1655259654380582
0.375,0.13877362840018442,0.6515943544171459,0.3765432098765432,0.236081188219555
0.375,0.11065006915629322,0.6576058546785154,0.38271604938271603,0.31902524452810743
0.375,0.062010142923005995,0.6641400940930475,0.35802469135802467,0.20661385556391415
0.375,0.10212079299216228,0.6641400940930475,0.4012345679012346,0.24394876550078046
0.375,0.0834485938220378,0.6651855723993727,0.37037037037037035,0.2309093147592069
0.375,0.08091286307053942,0.6680606377417668,0.35802469135802467,0.21236192047054553
0.375,0.09174734900875979,0.6711970726607422,0.3888888888888889,0.28801590103730995
0.375,0.1214845550945136,0.6706743335075798,0.38271604938271603,0.17557016891686084
0.375,0.11226371599815584,0.6730266596968113,0.36419753086419754,0.24623085419726864
0.375,0.11203319502074689,0.6738107684265552,0.3765432098765432,0.1658492153275035
0.375,0.08644536652835408,0.6824359644537376,0.345679012345679,0.26237928076447303
0.375,0.2284462886122637,0.6847882906429692,0.3271604938271605,0.3375459690632731
0.375,0.2070078377132319,0.6798222686879247,0.3333333333333333,0.31089468164252865
0.25,0.16021207929921624,0.6719811813904861,0.41358024691358025,0.20243902537928055
0.375,0.11018902720147533,0.6696288552012546,0.3950617283950617,0.21411095721675574
0.25,0.1267865375749193,0.6623105070569786,0.4074074074074074,0.34238155408802246
0.375,0.07860765329644998,0.6628332462101412,0.345679012345679,0.22653279261421883
0.375,0.08068234209313048,0.6596968112911658,0.37037037037037035,0.3233128986874707
0.375,0.165283540802213,0.6591740721380032,0.4012345679012346,0.21078815547274726
0.375,0.18533886583679116,0.6555148980658652,0.4012345679012346,0.2142388160700643
0.375,0.18280313508529275,0.6555148980658652,0.3888888888888889,0.23005635053775736
0.375,0.1330106039649608,0.6536853110297961,0.4567901234567901,0.37518978025027705
0.375,0.1302443522360535,0.6497647673810768,0.4444444444444444,0.3022409860834107
0.25,0.11226371599815584,0.650810245687402,0.4074074074074074,0.25451054935356415
0.375,0.057860765329645,0.6518557239937272,0.4567901234567901,0.38240814398822115
0.375,0.15029967727063162,0.6497647673810768,0.3765432098765432,0.398185315109688
0.375,0.15998155832180727,0.6502875065342394,0.42592592592592593,0.3871881748246947
0.375,0.11549100968188106,0.6411395713538944,0.38271604938271603,0.2850870942130721
0.375,0.08898109727985247,0.6299006795608991,0.3765432098765432,0.24815263608366492
0.375,0.09727985246657446,0.6249346576058546,0.42592592592592593,0.33118905395958653
0.375,0.11341632088520055,0.6217982226868792,0.41358024691358025,0.32564870120328
0.375,0.12494236975564776,0.6186617877679038,0.4382716049382716,0.24210864608766103
0.375,0.07491931765790687,0.6126502875065343,0.4444444444444444,0.29327845165954336
0.375,0.1251728907330567,0.6074228959749085,0.41358024691358025,0.2675862148130424
0.375,0.04656523743660673,0.6069001568217459,0.41358024691358025,0.27990149596729935
0.375,0.09313047487321346,0.6092524830109776,0.42592592592592593,0.38296864550934845
0.375,0.06731212540341171,0.6121275483533717,0.4012345679012346,0.26172254978190224
0.5,0.0834485938220378,0.6217982226868792,0.4444444444444444,0.314055749267385
0.375,0.14661134163208853,0.6199686356508103,0.4382716049382716,0.17985292582324305
0.375,0.10834485938220378,0.6176163094615786,0.4382716049382716,0.12080007139383836
0.375,0.18349469801751958,0.623366440146367,0.4074074074074074,0.2914828130282775
0.375,0.14845550945136007,0.6210141139571353,0.4382716049382716,0.14750688181016444
0.375,0.08736745043798985,0.6163094615786723,0.42592592592592593,0.3113661280218663
0.375,0.058091286307053944,0.6199686356508103,0.4444444444444444,0.30744096416118527
0.375,0.12194559704933149,0.6330371144798745,0.43209876543209874,0.30726553644930255
0.375,0.08437067773167359,0.645321484579195,0.42592592592592593,0.31550589761827874
0.375,0.11825726141078838,0.6583899634082593,0.32098765432098764,0.14358589777049907
0.375,0.08275703088981097,0.6612650287506534,0.4074074074074074,0.3585867201658803
0.375,0.12448132780082988,0.6738107684265552,0.43209876543209874,0.20322339686630084
0.375,0.15767634854771784,0.6816518557239938,0.42592592592592593,0.36462515786232597
0.375,0.09520516366989396,0.6939362258233142,0.4012345679012346,0.36194816965793686
0.375,0.11433840479483633,0.6952430737062206,0.4506172839506173,0.33667325986642854
0.375,0.12840018441678192,0.6944589649764767,0.37037037037037035,0.20925868410063775
0.375,0.08990318118948824,0.7064819654992159,0.43209876543209874,0.3336458529359921
0.375,0.099124020285846,0.7067433350757972,0.4444444444444444,0.16576231248160997
0.375,0.08898109727985247,0.7127548353371668,0.3950617283950617,0.1862148941433814
0.375,0.0677731673582296,0.718504966021955,0.41975308641975306,0.39790947811534616
0.375,0.1917934532042416,0.7260846837428123,0.4444444444444444,0.3634316318061796
0.375,0.103273397879207,0.7302665969681129,0.46296296296296297,0.20187652752572782
0.375,0.1355463347164592,0.7409827496079456,0.47530864197530864,0.222768957367666
0.375,0.08667588750576302,0.7464715107161526,0.47530864197530864,0.21670016917981524
0.375,0.10235131396957123,0.7592786199686357,0.4691358024691358,0.4011839623761209
0.375,0.1459197786998617,0.7681651855723993,0.2654320987654321,0.4220009058982234
0.375,0.13462425080682341,0.7783585990590696,0.2345679012345679,0.2588527907276847
0.5,0.14223144306131857,0.792472556194459,0.32098765432098764,0.2913151522972374
0.5,0.14453665283540804,0.8191322530057501,0.5185185185185185,0.36443129526820245
0.25,0.19225449515905949,0.8207004704652379,0.3148148148148148,0.2783817879084578
0.375,0.15029967727063162,0.8314166231050706,0.30864197530864196,0.41765863333140874
0.5,0.09774089442139235,0.852848928384736,0.5679012345679012,0.4791775821600747
0.5,0.19202397418165054,0.8677469942498693,0.5987654320987654,0.3963032415229409
0.5,0.23075149838635317,0.8795086251960271,0.3148148148148148,0.2980338402676408
0.25,0.08229598893499308,0.8742812336644015,0.5185185185185185,0.5042981193082496
0.375,0.07307514983863532,0.886565603763722,0.5185185185185185,0.3420186582843164
0.375,0.09359151682803135,0.9077365394668061,0.41975308641975306,0.4047220249024378
0.5,0.16297833102812356,0.9223732357553581,0.4506172839506173,0.41740441287411073
0.375,0.2669432918395574,0.9312598013591218,0.20987654320987653,0.39367363502096103
0.25,0.036883356385431075,0.9294302143230528,0.6604938271604939,0.2896368293886584
0.5,0.17680958967266022,0.9438055410350236,0.6172839506172839,0.4143027049462161
0.375,0.15237436606731214,0.9566126502875065,0.6049382716049383,0.45072139187790283
0.5,0.2070078377132319,0.9636696288552012,0.2962962962962963,0.5205278028437069
0.5,0.10511756569847856,0.9769994772608468,0.4382716049382716,0.34185966912224913
0.375,0.18971876440756108,0.9824882383690539,0.2839506172839506,0.30506685701696346
0.375,0.17081604426002767,0.9843178254051228,0.3148148148148148,0.39276000100939557
0.5,0.0677731673582296,0.9895452169367486,0.38271604938271603,0.3856805383384881
0.5,0.09082526509912402,1.0,0.4691358024691358,0.41788409412470323
0.25,0.1917934532042416,0.9882383690538421,0.24074074074074073,0.39620096067883287
0.25,0.11410788381742738,0.9898065865133299,0.4074074074074074,0.39975199936591493
0.375,0.16090364223144307,0.9921589127025614,0.3333333333333333,0.37036589248583285
0.375,0.09474412171507607,0.9939884997386305,0.3950617283950617,0.47389675261907116
0.375,0.16136468418626096,0.998170412963931,0.43209876543209874,0.4393848750805902
0.375,0.08575380359612725,0.9989545216936748,0.4567901234567901,0.5273418156874236
0.125,0.16390041493775934,0.9837950862519603,0.3148148148148148,0.6508879982958807
0.25,0.19801751959428307,0.9801359121798223,0.16666666666666666,0.4927688628538027
0.5,0.15975103734439833,0.9874542603240982,0.3765432098765432,0.3874445475778889
0.375,0.14015675426463808,0.985363303711448,0.4876543209876543,0.6179936179123922
0.375,0.0636237897648686,0.9884997386304234,0.47530864197530864,0.45862805360489445
0.375,0.17657906869525128,0.9832723470987977,0.41358024691358025,0.6280696379392248
0.5,0.07445827570308898,0.9911134343962362,0.42592592592592593,0.44245420499196025
0.375,0.1970954356846473,0.9866701515943544,0.4012345679012346,0.6909067588298485
0.375,0.1698939603503919,0.9749085206481966,0.2839506172839506,0.6468505095435764
0.25,0.1334716459197787,0.9626241505488761,0.345679012345679,0.5510075255805826
0.375,0.1917934532042416,0.9613173026659697,0.4876543209876543,0.6797384330393765
0.25,0.23144306131858,0.9537375849451124,0.41975308641975306,0.6989633326449106
0.25,0.1053480866758875,0.9448510193413486,0.7283950617283951,0.5926951576368028
0.5,0.19732595666205624,0.9621014113957136,0.35802469135802467,0.6311695366908587
0.5,0.18441678192715538,0.9547830632514376,0.35185185185185186,0.5580993093656782
0.375,0.27800829875518673,0.9553058024046001,0.3148148148148148,0.6049880736293564
0.375,0.18165053019824803,0.9553058024046001,0.5308641975308642,0.5532141903426233
0.375,0.32180728446288615,0.9440669106116049,0.32098765432098764,0.6022829496148466
0.25,0.2826187183033656,0.9184526921066388,0.10493827160493827,0.7062055899865712
0.25,0.05025357307514984,0.9127025614218505,0.42592592592592593,0.6666643584072998
0.375,0.23075149838635317,0.9046001045478307,0.25308641975308643,0.6148154878838374
0.125,0.13070539419087138,0.8941453214845791,0.3395061728395062,0.6649452666474707
0.125,0.06685108344859382,0.8836905384213277,0.3148148148148148,0.4971134436799843
0.375,0.10557860765329645,0.8915316257187663,0.2839506172839506,0.5692400296218301
0.375,0.28077455048409405,0.8795086251960271,0.05555555555555555,0.6263318929482957
0.375,0.08921161825726141,0.8826450601150027,0.3395061728395062,0.7825500208382793
0.25,0.1851083448593822,0.883951907997909,0.35185185185185186,0.7877476282712987
0.25,0.30889810972798526,0.8771562990067956,0.3271604938271605,0.8131359546987256
0.25,0.1318579990779161,0.8695765812859383,0.49382716049382713,0.6377564979138794
0.25,0.17127708621484555,0.8549398849973863,0.4567901234567901,0.6898124567337837
0.25,0.10903642231443061,0.8669628855201255,0.4444444444444444,0.6022822633755754
0.125,0.06639004149377593,0.8599059069524307,0.25308641975308643,0.824916593075303
0.25,0.07976025818349469,0.8478829064296916,0.2962962962962963,0.2555970532760922
0.375,0.0417242969110189,0.8457919498170413,0.5925925925925926,0.47829863442440074
0.25,0.1491470723835869,0.834553058024046,0.24074074074074073,0.28939648968025583
0.125,0.1459197786998617,0.8039728175640355,0.1111111111111111,0.4766918987488891
0.375,0.11041954817888427,0.7835859905906952,0.2037037037037037,0.2885893163338141
0.25,0.031581373905025356,0.7645060115002613,0.30864197530864196,0.5690586129126711
0.25,0.06662056247118488,0.7454260324098275,0.2345679012345679,0.5702595628300245
0.375,0.09658828953434763,0.7362780972294825,0.32098765432098764,0.27953563685764926
0.25,0.10580912863070539,0.7286983795086251,0.3271604938271605,0.30586021199989805
0.375,0.06800368833563854,0.7357553580763199,0.35185185185185186,0.5553998312288091
0.25,0.08321807284462886,0.7305279665446942,0.18518518518518517,0.300071690168958
0.375,0.05763024435223606,0.7025614218504966,0.3765432098765432,0.5417363082554366
0.125,0.11549100968188106,0.667276529012023,0.4567901234567901,0.5817702908241481
0.25,0.058782849239280774,0.6437532671197073,0.7901234567901234,0.5350403597590664
0.125,0.07999077916090364,0.6238891792995296,0.0,0.5260739886338189
0.125,0.014983863531581374,0.5967067433350758,0.3395061728395062,0.4711788395999612
0.125,0.04149377593360996,0.5810245687401986,0.41975308641975306,0.34399674298364796
0.25,0.07100046104195482,0.5716152639832723,0.6111111111111112,0.4013668451419048
0.125,0.022821576763485476,0.5433873497124935,0.19753086419753085,0.608383491965339
0.25,0.026970954356846474,0.5339780449555672,0.7839506172839507,0.4685381908842533
0.375,0.07837713231904103,0.5355462624150549,0.9320987654320988,0.4131803606181132
0.25,0.011065006915629323,0.5313643491897543,0.6975308641975309,0.6990104959984609
0.25,0.0599354541263255,0.4903293256664924,0.4691358024691358,0.6815791763063789
0.25,0.0516366989396035,0.48092002090956615,0.41358024691358025,0.5547431938243207
0.25,0.03872752420470263,0.47386304234187143,0.3333333333333333,0.5025092182989195
0.125,0.022130013831258646,0.4453737584945112,0.3333333333333333,0.6762883339105541
0.125,0.0396496081143384,0.4357030841610037,0.2654320987654321,0.49728175945760145
0.125,0.04080221300138313,0.4291688447464715,0.043209876543209874,0.5339628393324526
0.125,0.05739972337482711,0.41400940930475694,0.2962962962962963,0.6935417928606099
0.125,0.04472106961733518,0.3954521693674856,0.20987654320987653,0.7371915389567585
0.125,0.07053941908713693,0.3797699947726085,0.12962962962962962,0.5135501531264952
0.25,0.03342554172429691,0.36408782017773134,0.7716049382716049,0.7230312099437068
0.25,0.0875979714153988,0.3512807109252483,0.2345679012345679,0.7187865705095723
0.25,0.012217611802674043,0.35415577626764244,0.5617283950617284,0.6999095006364713
0.375,0.10926694329183956,0.3512807109252483,0.2654320987654321,0.6276542136385751
0.0,0.0198248040571692,0.34265551489806584,0.1728395061728395,0.48056500200303887
0.125,0.038497003227293686,0.3353371667537899,0.3271604938271605,0.5038805115190097
0.0,0.019594283079760258,0.32043910088865657,0.30864197530864196,0.6557080493589449
0.0,0.027201475334255418,0.30397281756403555,0.18518518518518517,0.4970296912961996
0.125,0.044490548639926235,0.29090433873497124,0.2222222222222222,0.5436950846770912
0.25,0.04633471645919779,0.2822791427077888,0.2962962962962963,0.6981722235359545
0.25,0.06869525126786538,0.2718243596445374,0.3271604938271605,0.5930359066276646
0.375,0.05394190871369295,0.2812336644014637,0.4691358024691358,0.7308912385929487
0.25,0.11779621945597049,0.2812336644014637,0.3395061728395062,0.6626291467216682
0.25,0.08321807284462886,0.2820177731312075,0.2654320987654321,0.5551364401194319
0.375,0.07514983863531581,0.30266596968112913,0.49382716049382713,0.5995284475655023
0.25,0.05532503457814661,0.30371144798745425,0.25925925925925924,0.7290020218792419
0.25,0.0792992162286768,0.3029273392577104,0.46296296296296297,0.7099433169481231
0.25,0.05832180728446289,0.3139048614741244,0.16666666666666666,0.8191590143969568
0.25,0.03480866758875058,0.316257187663356,0.22839506172839505,0.6145432380493224
0.25,0.06454587367450439,0.31547307893361215,0.4444444444444444,0.7451257126399877
0.25,0.053711387736284005,0.31312075274438056,0.22839506172839505,0.6876254121763614
0.125,0.08414015675426464,0.30946157867224255,0.42592592592592593,0.7744420726559571
0.25,0.062010142923005995,0.31129116570831156,0.21604938271604937,0.6278546266984695
0.125,0.1267865375749193,0.2992681651855724,0.037037037037037035,0.8483752458647144
0.25,0.05094513600737667,0.30632514375326714,0.2777777777777778,0.7705252372446133
0.375,0.06154910096818811,0.31521170935703086,0.16666666666666666,0.7445663652485438
0.25,0.07837713231904103,0.319916361735494,0.25308641975308643,0.6309399272692428
0.0,0.0557860765329645,0.3159958180867747,0.30864197530864196,0.7896217789137325
0.125,0.0218994928538497,0.31259801359121797,0.42592592592592593,0.7946509457983582
0.375,0.07284462886122638,0.31677992681651856,0.2222222222222222,0.44114492284783435
0.25,0.04863992623328723,0.3251437532671197,0.3395061728395062,0.3304161925767065
0.125,0.08598432457353619,0.3196549921589127,0.3271604938271605,0.38702101317676096
0.125,0.042185338865836794,0.31887088342916886,0.38271604938271603,0.40561182769567494
0.25,0.12171507607192254,0.31521170935703086,0.3950617283950617,0.6335193759190343
0.25,0.0396496081143384,0.32070047046523786,0.4444444444444444,0.5690943597401636
0.125,0.14384508990318118,0.3264506011500261,0.024691358024691357,0.6150421028068154
0.25,0.03734439834024896,0.3358599059069524,0.43209876543209874,0.4193559213980291
0.125,0.11041954817888427,0.3369053842132776,0.2654320987654321,0.6696666864116421
0.0,0.13254956201014292,0.3355985363303711,0.2777777777777778,0.4646552307387531
0.0,0.03734439834024896,0.3259278619968636,0.3765432098765432,0.5770976564336227
0.25,0.06316274781005071,0.3306325143753267,0.5,0.3843104928261638
0.25,0.13208852005532504,0.332723470987977,0.29012345679012347,0.6588316233654365
0.25,0.09681881051175657,0.332723470987977,0.2839506172839506,0.47690288613209936
0.125,0.12194559704933149,0.3256664924202823,0.07407407407407407,0.4474620360737893
0.125,0.03411710465652374,0.318086774699425,0.18518518518518517,0.40453412011289636
0.125,0.0338865836791148,0.3175640355462624,0.345679012345679,0.5499937942134995
0.25,0.09313047487321346,0.3240982749607946,0.35185185185185186,0.5582775756127283
0.25,0.06224066390041494,0.3316779926816519,0.2962962962962963,0.6420152988311567
0.25,0.10419548178884279,0.3298484056455829,0.3765432098765432,0.597825451235853
0.125,0.1496081143384048,0.3303711447987454,0.2222222222222222,0.6563756977844671
0.125,0.10627017058552328,0.3264506011500261,0.6604938271604939,0.6179641408164233
0.125,0.15398801290917474,0.3274960794563513,0.5987654320987654,0.44392818456118227
0.125,0.15352697095435686,0.330893883951908,0.2222222222222222,0.4286419240602008
0.125,0.11456892577224527,0.3379508625196027,0.3333333333333333,0.6918050772285878
0.125,0.07791609036422315,0.3423941453214846,0.4012345679012346,0.7141616609410917
0.25,0.17335177501152604,0.340041819132253,0.17901234567901234,0.5787279737859093
0.0,0.016136468418626097,0.329064296915839,0.2777777777777778,0.44750851318806834
0.25,0.0735361917934532,0.3340303188708834,0.2654320987654321,0.716882818000393
0.125,0.043568464730290454,0.336382645060115,0.25925925925925924,0.4381641489951476
0.375,0.19479022591055786,0.3301097752221641,0.018518518518518517,0.6617281457512322
0.125,0.09566620562471184,0.325405122843701,0.5,0.5657442331960824
0.125,0.14845550945136007,0.323575535807632,0.4444444444444444,0.5847325674092057
0.0,0.029737206085753802,0.32253005750130687,0.3888888888888889,0.7553152428808212
0.0,0.08460119870908253,0.314427600627287,0.3333333333333333,0.631141151339185
0.25,0.07376671277086215,0.31913225300575015,0.9012345679012346,0.6919429489367175
0.25,0.1798063623789765,0.31860951385258757,0.3148148148148148,0.6555985318097948
0.25,0.15191332411249422,0.3193936225823314,0.2716049382716049,0.5083670814889483
0.125,0.18810511756569848,0.3214845791949817,0.043209876543209874,0.5610325143597907
0.25,0.09451360073766712,0.3301097752221641,0.2654320987654321,0.7045052450359245
0.25,0.05463347164591978,0.3434396236278097,0.37037037037037035,0.6657650106496537
0.25,0.16804979253112035,0.3549398849973863,0.4444444444444444,0.5520877909642813
0.0,0.24435223605348086,0.3413486670151594,0.32098765432098764,0.7364805326863719
0.0,0.05832180728446289,0.3314166231050706,0.09259259259259259,0.5916652684541516
0.125,0.1111111111111111,0.334553058024046,0.25308641975308643,0.8346136530609437
0.125,0.1682803135085293,0.3306325143753267,0.29012345679012347,0.7258425138890929
0.125,0.12079299216228677,0.3233141662310507,0.25308641975308643,0.7149970948684307
0.125,0.19778699861687413,0.31285938316779927,0.17901234567901234,0.7332300356073962
0.25,0.058091286307053944,0.31860951385258757,0.3395061728395062,0.6075772855924159
0.25,0.21184877823881973,0.3120752744380554,0.2839506172839506,0.8116310319769097
0.0,0.2874596588289534,0.29769994772608466,0.17901234567901234,0.5607129764009489
0.0,0.16574458275703088,0.29273392577104024,0.18518518518518517,0.7552071601956019
0.0,0.09451360073766712,0.2848928384736017,0.06790123456790123,0.520158793271948
0.125,0.07445827570308898,0.2791427077888134,0.3333333333333333,0.8217028097973382
0.25,0.20078377132319042,0.2809722948248824,0.654320987654321,0.6951243230054635
0.25,0.14730290456431536,0.2880292733925771,0.4012345679012346,0.7097623369366821
0.25,0.10580912863070539,0.2841087297438578,0.21604938271604937,0.851824346827324
0.25,0.0896726602120793,0.2895974908520648,0.25308641975308643,0.6468091792238315
0.125,0.05071461502996773,0.29090433873497124,0.24074074074074073,0.8439560833068274
0.25,0.11203319502074689,0.29952953476215366,0.3148148148148148,0.7311944939654458
0.25,0.23328722913785155,0.30005227391531625,0.14814814814814814,0.7397537068539926
0.25,0.25426463808206545,0.30554103502352326,0.0,0.8843839048318388
0.125,0.8817427385892116,0.29848405645582854,0.0,0.6293813843061883
0.125,0.8298755186721992,0.2940407736539467,0.0,0.8493167037594589
0.125,0.855002305209774,0.2895974908520648,0.0,0.6301940475667999
0.125,0.8974181650530199,0.2825405122843701,0.06172839506172839,0.7298666209756083
0.875,0.5382664822498847,0.2822791427077888,0.2962962962962963,0.4673107583695691
0.25,0.055094513600737666,0.2859383167799268,0.29012345679012347,0.29600441239374325
0.25,0.15352697095435686,0.2885520125457397,0.3271604938271605,0.6070659437572642
0.125,0.06592899953895805,0.2835859905906952,0.30246913580246915,0.5726127084837795
0.125,0.09474412171507607,0.2828018818609514,0.3395061728395062,0.46525491028372906
0.125,0.09820193637621023,0.277835859905907,0.37037037037037035,0.6025847077380246
0.125,0.13831258644536654,0.2762676424464192,0.19135802469135801,0.6280258433966424
0.25,0.0636237897648686,0.2838473601672765,0.2654320987654321,0.42714105638862404
0.375,0.06754264638082065,0.2895974908520648,0.09876543209876543,0.5022836951202367
0.125,0.036883356385431075,0.2828018818609514,0.3765432098765432,0.36182670530692845
0.125,0.013831258644536652,0.2875065342394145,0.8641975308641975,0.3657726123092173
0.0,0.14084831719686491,0.2867224255096707,0.3333333333333333,0.5915774298274336
0.125,0.07445827570308898,0.29064296915838994,0.3395061728395062,0.47493640511499047
0.125,0.0557860765329645,0.2812336644014637,0.35185185185185186,0.6101264149434965
0.0,0.02743199631166436,0.2788813382122321,0.345679012345679,0.40584274721044516
0.125,0.026509912402028584,0.28149503397804493,0.5802469135802469,0.3330937110568961
0.25,0.035961272475795295,0.2932566649242028,0.41358024691358025,0.5990674819313979
0.125,0.046795758414015676,0.3029273392577104,0.3888888888888889,0.45806957960888667
0.0,0.11710465652374366,0.29796131730266595,0.09876543209876543,0.5775464569170096
0.125,0.03227293683725219,0.2880292733925771,0.043209876543209874,0.5956512892611134
0.25,0.030428769017980636,0.2937794040773654,0.24074074074074073,0.5917109033656885
0.25,0.05555555555555555,0.2940407736539467,0.2962962962962963,0.45667885334034297
0.25,0.0698478561549101,0.30135912179822266,0.20987654320987653,0.7066771923293796
0.25,0.0417242969110189,0.29587036069001565,0.30864197530864196,0.5210937318936159
0.0,0.08575380359612725,0.28149503397804493,0.19753086419753085,0.6979105168320613
0.0,0.024896265560165973,0.2752221641400941,0.29012345679012347,0.5194864035569154
0.25,0.07169202397418165,0.2828018818609514,0.4444444444444444,0.5724086770713641
0.25,0.03780544029506685,0.29508625196027183,0.37037037037037035,0.4184690507180418
0.125,0.05463347164591978,0.30162049137480396,0.41975308641975306,0.5651477976912977
0.125,0.005071461502996773,0.30972294824882385,0.17901234567901234,0.5350611964787566
0.125,0.0756108805901337,0.31024568740198644,0.06172839506172839,0.42040536839991055
0.25,0.0099124020285846,0.3139048614741244,0.32098765432098764,0.6139150795745902
0.125,0.055094513600737666,0.2990067956089911,0.09876543209876543,0.641157219007867
0.125,0.08229598893499308,0.2992681651855724,0.14814814814814814,0.599442886005457
0.125,0.009451360073766712,0.29639309984317824,0.4012345679012346,0.5670776584854781
0.125,0.0776855693868142,0.2937794040773654,0.6234567901234568,0.7260268003261133
0.125,0.0218994928538497,0.29482488238369053,0.5061728395061729,0.749264390492105
0.25,0.01705855232826187,0.31129116570831156,0.9320987654320988,0.4854389228488949
0.125,0.0500230520977409,0.30815473078933614,0.2777777777777778,0.6236235248935947
0.25,0.017980636237897647,0.3193936225823314,0.5432098765432098,0.6468747150742344
0.125,0.04771784232365145,0.3259278619968636,0.2037037037037037,0.7963688210431155
0.25,0.03872752420470263,0.338212232096184,0.2777777777777778,0.5710747526988621
0.25,0.07307514983863532,0.35049660219550444,0.2839506172839506,0.7106133984037888
0.125,0.06085753803596127,0.3374281233664401,0.5246913580246914,0.6584282082520335
0.25,0.10189027201475334,0.3531102979613173,0.25308641975308643,0.6718687034622549
0.125,0.09359151682803135,0.35807631991636174,0.345679012345679,0.5275150287180218
0.25,0.09797141539880129,0.3661787767903816,0.17901234567901234,0.6299641886036307
0.25,0.04264638082065468,0.37114479874542605,0.24074074074074073,0.686660653339089
0.25,0.01751959428307976,0.37454260324098276,0.38271604938271603,0.579454264476428
0.125,0.029276164130935915,0.3776790381599582,0.30864197530864196,0.7389687115130893
0.25,0.02581834946980175,0.3844746471510716,0.5123456790123457,0.8144115175404786
0.25,0.08390963577685569,0.387611082070047,0.36419753086419754,0.8703917980183219
0.125,0.13577685569386813,0.3810768426555149,0.1728395061728395,0.7827206136825692
0.25,0.2044721069617335,0.3740198640878202,0.13580246913580246,0.5587017650604332
0.125,0.37136929460580914,0.37088342916884476,0.043209876543209874,0.7312598738523779
0.25,0.1413093591516828,0.3844746471510716,0.7962962962962963,0.8514876528867014
0.25,0.8278008298755186,0.3810768426555149,0.19753086419753085,0.8826593855432281
0.375,0.48570769940064545,0.3753267119707266,0.30246913580246915,0.9227432452298806
0.375,0.8520055325034578,0.3682697334030319,0.0,0.9113586604908875
0.75,0.38427846934071,0.38212232096184007,0.6666666666666666,0.5328404326189614
0.125,0.024896265560165973,0.387611082070047,0.6172839506172839,0.38302934649215853
0.25,0.017289073305670817,0.3964976476738108,0.654320987654321,0.37943011509261937
0.25,0.07307514983863532,0.40460010454783063,0.2037037037037037,0.5129633249715078
0.25,0.045873674504379895,0.41191845269210664,0.18518518518518517,0.36586154268023036
0.125,0.00714615029967727,0.41583899634082594,0.030864197530864196,0.38266414242908553
0.125,0.014983863531581374,0.41400940930475694,0.49382716049382713,0.36142244799078344
0.25,0.03872752420470263,0.42237323575535807,0.14814814814814814,0.40080993078060434
0.25,0.03665283540802213,0.42446419236800836,0.41975308641975306,0.5634995445398764
0.25,0.04103273397879207,0.42472556194458966,0.48148148148148145,0.3426288185745257
0.25,0.011526048870447211,0.41949817041296394,0.38271604938271603,0.5829112571906568
0.25,0.013600737667127709,0.4218504966021955,0.3148148148148148,0.47732317649303596
0.25,0.01705855232826187,0.42106638787245165,0.3950617283950617,0.4220933610436751
0.125,0.04702627939142462,0.40198640878201775,0.25925925925925924,0.3813818107727026
0.25,0.024896265560165973,0.4051228437009932,0.6234567901234568,0.7070133559942018
0.0,0.006224066390041493,0.3951907997909043,0.1728395061728395,0.4256779318769652
0.125,0.00437989857076994,0.3855201254573968,0.5432098765432098,0.6939268354771604
0.125,0.01590594744121715,0.3868269733403032,0.024691358024691357,0.5926827429445323
0.25,0.018902720147533424,0.387611082070047,0.19135802469135801,0.5317970369997445
0.25,0.024435223605348087,0.3883951907997909,0.3271604938271605,0.5474008703198364
0.25,0.02950668510834486,0.3925771040250915,0.5246913580246914,0.5854292874256729
0.25,0.05624711848778239,0.3928384736016728,0.2037037037037037,0.5745000848285318
0.25,0.020516366989396035,0.3970203868269733,0.808641975308642,0.7396834609067735
0.25,0.009451360073766712,0.3983272347098798,0.24074074074074073,0.6995621387944504
0.25,0.015214384508990318,0.4017250392054365,0.20987654320987653,0.4306240326170773
0.25,0.009681881051175657,0.41035023523261893,0.48148148148148145,0.5705604475577665
0.25,0.003918856615952052,0.41400940930475694,0.24074074074074073,0.43660027208139396
0.125,0.06293222683264177,0.41400940930475694,0.48148148148148145,0.5079408021307356
0.25,0.0119870908252651,0.42524830109775225,0.2222222222222222,0.7234730856489932
0.125,0.08506224066390042,0.43021432305279667,0.43209876543209874,0.7283399881386661
0.25,0.014522821576763486,0.4294302143230528,0.29012345679012347,0.5084056668516082
0.25,0.010834485938220378,0.43021432305279667,0.24074074074074073,0.7546650935567154
0.25,0.00875979714153988,0.4458964976476738,0.6728395061728395,0.6251217411861689
0.125,0.0599354541263255,0.4296915838996341,0.19135802469135801,0.7523326286591798
0.125,0.017289073305670817,0.41792995295347624,0.22839506172839505,0.8244190072182701
0.25,0.02351313969571231,0.4255096706743335,0.4567901234567901,0.5290933790418596
0.125,0.1330106039649608,0.4362258233141662,0.1728395061728395,0.5945671871760346
0.125,0.07376671277086215,0.43230527966544696,0.06790123456790123,0.7426167282862743
0.125,0.012217611802674043,0.42864610559330896,0.4382716049382716,0.7158041122514016
0.125,0.09289995389580452,0.41923680083638265,0.2222222222222222,0.6738807570055126
0.125,0.0875979714153988,0.41610036591740723,0.48148148148148145,0.8004317318411497
0.25,0.11549100968188106,0.4181913225300575,0.4382716049382716,0.8688545596653697
0.0,0.004840940525587829,0.41374803972817564,0.3333333333333333,0.7299275403072774
0.25,0.03872752420470263,0.41871406168322006,0.3333333333333333,0.5962277302489498
0.25,0.13739050253573076,0.4221118661787768,0.5987654320987654,0.7055559085528776
0.25,0.054402950668510835,0.4354417145844224,0.24074074074074073,0.773466552339204
0.125,0.260488704472107,0.4388395190799791,0.15432098765432098,0.7142288188115902
0.25,0.10811433840479484,0.4453737584945112,0.2345679012345679,0.5933339840129332
0.0,0.16597510373443983,0.4330893883951908,0.21604938271604937,0.8543405990787737
0.125,0.13992623328722914,0.42237323575535807,0.20987654320987653,0.839352447155755
0.125,0.35684647302904565,0.41165708311552535,0.3333333333333333,0.77241610717111
0.125,0.24850161364684187,0.3998954521693675,0.22839506172839505,0.5851423458322147
0.0,0.2033195020746888,0.3863042341871406,0.1728395061728395,0.8611642192722876
0.125,0.4863992623328723,0.36670151594354417,0.15432098765432098,0.7506421717925776
0.25,0.3727524204702628,0.36905384213277576,0.08024691358024691,0.9430478799433129
0.5,0.3727524204702628,0.37820177731312077,0.2716049382716049,0.734384414832388
0.25,0.29160903642231445,0.3774176685833769,0.0,0.7797784875779307
0.375,0.7332872291378515,0.3700993204391009,0.018518518518518517,0.305959092840344
0.125,0.028354080221300138,0.36173549398849975,0.0,0.33806757329479914
0.125,0.03411710465652374,0.36042864610559333,0.5432098765432098,0.45962887119660073
0.125,0.06339326878745966,0.36016727652901204,0.3395061728395062,0.5333531469326555
0.25,0.05763024435223606,0.36461055933089387,0.6604938271604939,0.3188676590372768
0.25,0.039880129091747346,0.36121275483533716,0.5617283950617284,0.3708849389164388
0.125,0.02881512217611803,0.349189754312598,0.37037037037037035,0.4690285088435499
0.25,0.037574919317657905,0.36278097229482487,0.2716049382716049,0.30721609602907957
0.25,0.058091286307053944,0.36670151594354417,0.3395061728395062,0.38978914643344764
0.5,0.02351313969571231,0.37480397281756406,0.36419753086419754,0.5259132838735736
0.25,0.0318118948824343,0.3857814950339781,0.5802469135802469,0.37631876862223335
0.25,0.07215306592899953,0.3978044955567172,0.4444444444444444,0.33999328546065793
0.25,0.02627939142461964,0.4012023000522739,0.4074074074074074,0.4206480787530683
0.125,0.07468879668049792,0.40982749607945634,0.05555555555555555,0.586961004671761
0.5,0.01313969571230982,0.41845269210663877,0.4876543209876543,0.45595699201239326
0.375,0.05647763946519133,0.4330893883951908,0.5308641975308642,0.37810370815940675
0.25,0.0698478561549101,0.4474647151071615,0.43209876543209874,0.5210490015702091
0.375,0.03872752420470263,0.4550444328280188,0.30864197530864196,0.4548711431364422
0.375,0.03642231443061319,0.4537375849451124,0.41358024691358025,0.6813765797578941
0.375,0.05417242969110189,0.46157867224255095,0.42592592592592593,0.5557787288846125
0.25,0.08598432457353619,0.47804495556717197,0.3333333333333333,0.4317421347387763
0.25,0.02074688796680498,0.48823836905384216,0.35185185185185186,0.4389810232694691
0.125,0.019363762102351315,0.4952953476215369,0.2962962962962963,0.5875648016523644
0.25,0.02236053480866759,0.5086251960271825,0.6481481481481481,0.5775060935707833
0.25,0.05394190871369295,0.5282279142707789,0.25308641975308643,0.437696320968331
0.25,0.05624711848778239,0.5514898065865134,0.20987654320987653,0.4918692967472976
0.25,0.07030889810972799,0.5721380031364349,0.16666666666666666,0.6777379519856473
0.25,0.0958967266021208,0.5794563512807109,0.19135802469135801,0.5153903661176971
0.25,0.07123098201936376,0.5961840041819132,0.3333333333333333,0.4952907297901989
0.125,0.030889810972798526,0.5841610036591741,0.3395061728395062,0.4927567600884737
0.125,0.13831258644536654,0.5870360690015682,0.06172839506172839,0.5407646870254519
0.0,0.017289073305670817,0.5828541557762676,0.08641975308641975,0.46837358703723964
0.25,0.021668971876440755,0.6105593308938839,0.49382716049382713,0.7491132306962687
0.375,0.06615952051636699,0.6259801359121798,0.2962962962962963,0.5606197414381435
0.25,0.15398801290917474,0.6348667015159436,0.24074074074074073,0.5218706171340408
0.25,0.08506224066390042,0.6351280710925248,0.6419753086419753,0.466221072792238
0.25,0.09843245735361918,0.6369576581285938,0.4876543209876543,0.5868195458038044
0.25,0.1000461041954818,0.6536853110297961,0.41975308641975306,0.8017457864674801
0.125,0.4988473951129553,0.6319916361735494,0.09876543209876543,0.5563711093391581
0.125,0.1855693868142001,0.6231050705697857,0.12345679012345678,0.504858433673212
0.25,0.15283540802213003,0.6168322007318349,0.2654320987654321,0.6982312401132806
0.125,0.5986629783310281,0.6011500261369577,0.030864197530864196,0.8288414762017368
0.125,0.20308898109727985,0.5951385258755881,0.09876543209876543,0.6174116558176916
0.25,0.14107883817427386,0.5943544171458442,0.04938271604938271,0.5103550230796303
0.25,0.09635776855693869,0.5948771562990068,0.16049382716049382,0.6722348433061524
0.25,0.18188105117565698,0.5838996340825928,0.11728395061728394,0.524034080014688
0.25,0.26302443522360536,0.5765812859383168,0.13580246913580246,0.7592688232858702
0.125,0.7422775472568004,0.5608991113434396,0.0,0.5878852441993364
0.125,0.6977869986168741,0.5433873497124935,0.012345679012345678,0.7885820016470366
0.25,0.8524665744582757,0.5230005227391532,0.0,0.5279354750424291
0.25,0.8294144767173813,0.5075797177208573,0.006172839506172839,0.6181094987711482
0.25,0.8248040571692024,0.4976476738107684,0.0,0.6566758338875496
0.375,0.896957123098202,0.4892838473601673,0.0,0.8820635426996323
0.125,0.8188105117565698,0.46889702038682696,0.0,0.6093347131733516
0.125,0.846934071000461,0.4401463669628855,0.0,0.880230254486531
0.125,0.7860765329644998,0.4200209095661265,0.012345679012345678,0.9269226295478598
0.125,0.7330567081604425,0.4017250392054365,0.0,0.8977004714682142
0.125,0.8118948824343015,0.3758494511238892,0.0,0.672834678814599
0.25,0.8236514522821576,0.37114479874542605,0.006172839506172839,0.8208230510516165
0.5,0.8727524204702628,0.36696288552012546,0.05555555555555555,0.725671702695944
0.625,0.4536652835408022,0.3829064296915839,0.3148148148148148,0.43127580396127874
0.125,0.08782849239280774,0.37480397281756406,0.1728395061728395,0.4715772326896066
0.125,0.024896265560165973,0.35598536330371144,0.35185185185185186,0.5217824977730756
0.25,0.04057169202397418,0.3470987976999477,0.09259259259259259,0.5507976611343616
0.375,0.05901337021668972,0.3716675378985886,0.6728395061728395,0.5097795178726183
0.25,0.17957584140156754,0.3700993204391009,0.012345679012345678,0.34502672574438165
0.125,0.04034117104656524,0.3682697334030319,0.07407407407407407,0.5535941797427221
0.125,0.015444905486399263,0.35467851542080503,0.47530864197530864,0.40812025058089374
0.25,0.034578146611341634,0.37062205959226346,0.2345679012345679,0.6014613964364032
0.125,0.046795758414015676,0.3813382122320962,0.2839506172839506,0.6103526555541446
0.25,0.08529276164130936,0.3883951907997909,0.6975308641975309,0.44845558576775935
0.125,0.030889810972798526,0.391270256142185,0.5370370370370371,0.6232813722314964
0.125,0.05417242969110189,0.3920543648719289,0.8395061728395061,0.46909513643824785
0.5,0.05624711848778239,0.42629377940407737,0.47530864197530864,0.6454555722613228
0.25,0.05025357307514984,0.4375326711970727,0.2222222222222222,0.7301752726841928
0.25,0.09474412171507607,0.4422373235755358,0.30864197530864196,0.791822017980779
0.25,0.06016597510373444,0.4485101934134867,0.3765432098765432,0.604268832487715
0.25,0.11825726141078838,0.4445896497647674,0.018518518518518517,0.5768171717278529
0.25,0.026740433379437527,0.47151071615263984,0.4012345679012346,0.5479672984528517
0.25,0.04725680036883356,0.4903293256664924,0.3148148148148148,0.6954782041205612
0.375,0.059474412171507604,0.5230005227391532,0.36419753086419754,0.6591415851671752
0.375,0.10834485938220378,0.5509670674333508,0.2037037037037037,0.5412411866212413
0.25,0.0739972337482711,0.5684788290642969,0.2037037037037037,0.508848072832695
0.25,0.06270170585523283,0.5862519602718244,0.16666666666666666,0.6587787205561633
0.375,0.048409405255878286,0.6147412441191845,0.5123456790123457,0.7045344725903402
0.25,0.1682803135085293,0.6377417668583377,0.3888888888888889,0.7859892649095386
0.25,0.14223144306131857,0.65446941975954,0.3765432098765432,0.6222708537119104
0.5,0.08160442600276625,0.7046523784631469,0.43209876543209874,0.6557897430249159
0.375,0.10834485938220378,0.7318348144276007,0.20987654320987653,0.779163585998211
0.25,0.10096818810511757,0.7475169890224778,0.24691358024691357,0.5891217225953232
0.375,0.058091286307053944,0.7629377940407737,0.5370370370370371,0.7872945231961195
0.25,0.26394651913324113,0.763199163617355,0.21604938271604937,0.9013723194597275
0.375,0.13900414937759337,0.7846314688970204,0.22839506172839505,0.8144719377890413
0.375,0.12701705855232825,0.7956089911134344,0.5802469135802469,0.7833880437592324
0.375,0.1558321807284463,0.8065865133298484,0.48148148148148145,0.9432742765174318
0.125,0.3294144767173813,0.7817564035546263,0.12345679012345678,0.8817034854310934
0.125,0.5640848317196865,0.7681651855723993,0.08641975308641975,0.6092387956388496
0.25,0.3835869064084832,0.7783585990590696,0.006172839506172839,0.6040696047501981
0.125,0.7844628861226371,0.7608468374281233,0.006172839506172839,0.6902844021962277
0.125,0.8439372982941448,0.7496079456351281,0.0,0.7311921233206906
0.125,0.8739050253573075,0.7203345530580241,0.0,0.6084440681773725
0.125,0.7780082987551867,0.7015159435441715,0.0,0.6634291769411502
0.125,0.7955278930382664,0.6850496602195505,0.0,0.8350230883643172
0.125,0.8070539419087137,0.6560376372190277,0.0,0.8043323782442312
0.75,0.6793453204241586,0.6403554626241506,0.5617283950617284,0.5373216686382009
0.125,0.01429230059935454,0.6278097229482488,0.3765432098765432,0.47628508363182404
0.125,0.02789303826648225,0.6280710925248301,0.6172839506172839,0.5489542664883568
0.375,0.07238358690640849,0.6393099843178254,0.5617283950617284,0.6267534934023865
0.375,0.11664361456892577,0.643491897543126,0.2654320987654321,0.6090564431488663
0.25,0.08621484555094514,0.6406168322007318,0.25925925925925924,0.6975939733718576
0.125,0.0318118948824343,0.6228437009932044,0.2222222222222222,0.4882286414499312
0.0,0.019363762102351315,0.5901725039205437,0.13580246913580246,0.39424885949372573
0.0,0.009451360073766712,0.5697856769472034,0.4444444444444444,0.7115714508118195
0.125,0.0218994928538497,0.5601150026136957,1.0,0.38423375879856225
0.5,0.11779621945597049,0.5797177208572922,0.2839506172839506,0.7045829148443505
0.375,0.11479944674965421,0.5747516989022478,0.6851851851851852,0.44972247704053947
0.0,0.3252650991240203,0.5533193936225823,0.2962962962962963,0.6897901539574686
0.0,0.03135085292761641,0.5227391531625719,0.2222222222222222,0.6317771079874539
0.125,0.026048870447210697,0.5015682174594878,0.5493827160493827,0.7684234111276006
0.125,0.024896265560165973,0.4848405645582854,0.6790123456790124,0.5079521874640992
0.125,0.07076994006454587,0.485363303711448,0.12345679012345678,0.5467704347784316
0.25,0.04126325495620101,0.48170412963931,0.36419753086419754,0.6747175010260057
0.375,0.13231904103273398,0.4905906952430737,0.24691358024691357,0.7754605453125506
0.125,0.06662056247118488,0.47307893361212755,0.32098765432098764,0.7183817205322385
0.125,0.028123559243891195,0.4626241505488761,0.2345679012345679,0.6153140407143888
0.125,0.08898109727985247,0.4315211709357031,0.1419753086419753,0.8313871743564611
0.125,0.08898109727985247,0.4315211709357031,0.1419753086419753,0.8313871743564611
0.0,0.011526048870447211,0.4464192368008364,0.0,0.6694445632366213
0.0,0.011526048870447211,0.4464192368008364,0.0,0.6694445632366213
0.0,0.011526048870447211,0.4464192368008364,0.0,0.6694445632366213
0.0,0.011526048870447211,0.4464192368008364,0.0,0.6694445632366213
0.125,0.019363762102351315,0.4508625196027182,0.012345679012345678,0.6863206217801926
0.0,0.015214384508990318,0.4529534762153685,0.12962962962962962,0.6075780966024636
0.125,0.026048870447210697,0.446941975953999,0.30864197530864196,0.6934001468364884
0.25,0.0500230520977409,0.40250914793518033,0.29012345679012347,0.848646778267264
0.25,0.0500230520977409,0.40250914793518033,0.29012345679012347,0.848646778267264
0.25,0.0500230520977409,0.40250914793518033,0.29012345679012347,0.848646778267264
0.25,0.0500230520977409,0.40250914793518033,0.29012345679012347,0.848646778267264
0.25,0.14499769479022592,0.41244119184526923,0.4074074074074074,0.68634467134738
0.25,0.07330567081604426,0.4294302143230528,0.2222222222222222,0.8381827211252427
0.125,0.17588750576302445,0.4328280188186095,0.024691358024691357,0.9320687066501483
0.25,0.08321807284462886,0.4291688447464715,0.24074074074074073,0.9203143637147367
0.25,0.03227293683725219,0.41165708311552535,0.21604938271604937,0.8545436635176706
0.25,0.058091286307053944,0.42237323575535807,0.2777777777777778,0.7674683844109021
0.125,0.08483171968649147,0.4296915838996341,0.19753086419753085,0.672348509483624
0.0,0.023743660673121253,0.42263460533193936,0.11728395061728394,0.8244939944549995
0.25,0.3153526970954357,0.42263460533193936,0.2716049382716049,0.831391167021312
0.125,0.09474412171507607,0.41845269210663877,0.2716049382716049,0.6909751020227246
0.125,0.2524204702627939,0.40564558285415575,0.5740740740740741,0.7182749791328674
0.125,0.22867680958967265,0.3755880815473079,0.22839506172839505,0.7265955679111896
0.125,0.3603042876901798,0.35258755880815473,0.1419753086419753,0.819000742666855
0.0,0.006685108344859382,0.34291688447464713,0.25925925925925924,0.689068729327237
0.25,0.35269709543568467,0.35023523261892314,0.5123456790123457,0.9463384596342675
0.375,0.13785154449054865,0.3682697334030319,0.2839506172839506,0.22757497171836402
0.375,0.06731212540341171,0.3883951907997909,0.3333333333333333,0.5861592588541008
0.25,0.1016597510373444,0.3980658651332985,0.29012345679012347,0.3650157527784346
0.125,0.07999077916090364,0.40642969158389963,0.3271604938271605,0.2874621683308125
0.125,0.0417242969110189,0.4090433873497125,0.2839506172839506,0.4340670821970225
0.0,0.033656062701705854,0.4069524307370622,0.2962962962962963,0.2650998451625855
0.125,0.04817888427846934,0.41139571353894405,0.6049382716049383,0.3174830465367859
0.125,0.025357307514983864,0.4163617354939885,0.5925925925925926,0.4683098603630973
0.125,0.062010142923005995,0.42054364871928906,0.47530864197530864,0.47467189106862395
0.125,0.021438450899031812,0.4236800836382645,0.42592592592592593,0.6209845917760649
0.125,0.03065928999538958,0.4296915838996341,0.3765432098765432,0.3992749383016308
0.125,0.06385431074227754,0.4391008886565604,0.2839506172839506,0.4091778700686417
0.125,0.04817888427846934,0.4346576058546785,0.07407407407407407,0.5027384222155117
0.0,0.006454587367450438,0.43204391008886567,0.29012345679012347,0.6085824389686085
0.125,0.0239741816505302,0.42472556194458966,0.4691358024691358,0.31412050530043417
0.125,0.03941908713692946,0.41610036591740723,0.47530864197530864,0.631165980723726
0.375,0.0500230520977409,0.43413486670151596,0.9382716049382716,0.4036153704994908
0.625,0.07883817427385892,0.48013591217982227,0.6666666666666666,0.6715665710267471
0.375,0.13739050253573076,0.4932043910088866,0.6604938271604939,0.4529640842016833
0.125,0.08875057630244353,0.49189754312598016,0.2222222222222222,0.5703781262604772
0.375,0.04541263254956201,0.501829587036069,0.4876543209876543,0.46572058601464955
0.25,0.33148916551406177,0.4979090433873497,0.11728395061728394,0.7579215796329675
0.5,0.051175656984785614,0.5431259801359122,0.8271604938271605,0.7687372408234135
0.0,0.02627939142461964,0.5663878724516467,0.5370370370370371,0.5103562707873962
0.25,0.11180267404333795,0.5865133298484057,0.5432098765432098,0.5687563245136926
0.375,0.13393268787459658,0.6069001568217459,0.3148148148148148,0.710719141636947
0.125,0.01751959428307976,0.6244119184526921,0.6851851851851852,0.6397803734882188
0.0,0.0,0.6317302665969681,0.30864197530864196,0.6351253317771922
0.375,0.07791609036422315,0.6474124411918453,0.43209876543209874,0.5653456529502721
0.375,0.165283540802213,0.6717198118139048,0.22839506172839505,0.6151833121332188
0.25,0.05739972337482711,0.6657083115525353,0.12962962962962962,0.6014953964730233
0.25,0.09635776855693869,0.667276529012023,0.35802469135802467,0.8658726316829997
0.25,0.11272475795297372,0.6560376372190277,0.30246913580246915,0.6350104490846489
0.25,0.05693868142000922,0.6534239414532148,0.3148148148148148,0.6562994628399719
0.375,0.22706316274781005,0.6667537898588605,0.36419753086419754,0.8962707231392927
0.375,0.25864453665283543,0.6860951385258756,0.0,0.8002233958369419
0.25,0.8584601198709082,0.6803450078410873,0.0,0.6910477186146987
0.125,0.8022130013831259,0.6753789858860428,0.0,0.7762199626442533
0.25,0.8275703088981097,0.6688447464715107,0.0,0.8106702658044881
0.125,0.789073305670816,0.6610036591740721,0.0,0.8973522986161455
0.125,0.7607192254495159,0.6487192890747517,0.0,0.6694101576949771
0.125,0.7669432918395575,0.6301620491374804,0.0,0.7973590331188118
0.125,0.8144306131857999,0.6199686356508103,0.0,0.9158055845465654
0.125,0.888197325956662,0.6186617877679038,0.0,0.622655927521155
0.125,0.8605348086675888,0.6131730266596969,0.0,0.6814400568904833
0.875,0.867680958967266,0.6108207004704652,0.018518518518518517,0.8215579821184138
0.5,0.7254495159059474,0.5956612650287506,0.30246913580246915,0.37070913689222634
0.25,0.050484094052558784,0.5462624150548876,0.6728395061728395,0.3198822949924902
0.25,0.04656523743660673,0.5324098274960795,0.7160493827160493,0.6183480916886785
0.25,0.045182111572153065,0.5240460010454783,0.9135802469135802,0.3672676157542944
0.5,0.06177962194559705,0.5431259801359122,0.9320987654320988,0.4864870909503163
0.25,0.10027662517289074,0.5342394145321484,0.7654320987654321,0.5155775534752732
0.25,0.03296449976947902,0.5318870883429169,0.9382716049382716,0.6110106966298696
0.125,0.062010142923005995,0.4986931521170936,0.9074074074074074,0.5526554979977566
0.5,0.07169202397418165,0.5156821745948772,0.7962962962962963,0.46069070169805854
0.5,0.1288612263715998,0.5363303711447988,0.8148148148148148,0.6098754385263897
0.375,0.12471184877823882,0.553058024046001,0.7222222222222222,0.5138905278050272
0.25,0.09220839096357769,0.5478306325143754,0.7469135802469136,0.5147000094108358
0.25,0.07837713231904103,0.5721380031364349,0.7654320987654321,0.6154089912753723
0.25,0.2572614107883817,0.5611604809200209,0.22839506172839505,0.5218587951029592
0.25,0.06938681420009221,0.559330893883952,0.30246913580246915,0.632204073584938
0.25,0.11433840479483633,0.5575013068478829,0.2839506172839506,0.49353121229875524
0.25,0.1136468418626095,0.5663878724516467,0.24074074074074073,0.5730177456172784
0.25,0.13116643614568926,0.5726607422895975,0.2654320987654321,0.7414612573169872
0.25,0.053711387736284005,0.5661265028750654,0.25308641975308643,0.6106603090965164
0.375,0.11018902720147533,0.5548876110820701,0.38271604938271603,0.5420434939073961
0.25,0.09889349930843706,0.5671719811813904,0.2222222222222222,0.602524942536039
0.25,0.08875057630244353,0.5805018295870361,0.2654320987654321,0.6347062267386332
0.25,0.12955278930382666,0.6048092002090957,0.29012345679012347,0.4840554332853933
0.125,0.4234670355002305,0.605070569785677,0.24074074074074073,0.5096222755014234
0.25,0.21853388658367912,0.6210141139571353,0.5925925925925926,0.6428454611931848
0.125,0.2194559704933149,0.6259801359121798,0.05555555555555555,0.5822360913258452
0.125,0.22867680958967265,0.6314688970203868,0.16666666666666666,0.4824220590490801
0.0,0.156984785615491,0.6440146366962886,0.2716049382716049,0.7003348754065539
0.25,0.3831258644536653,0.6539466806063774,0.29012345679012347,0.7104798624801455
0.375,0.6205624711848778,0.6523784631468897,0.20987654320987653,0.7814522563531642
0.375,0.4319963116643615,0.658128593831678,0.20987654320987653,0.5821808802572049
0.375,0.6648224988473951,0.6424464192368008,0.22839506172839505,0.8529402966531269
1.0,0.7365145228215768,0.6492420282279143,0.006172839506172839,0.8207519629016554
0.25,0.8999538958045182,0.6291165708311552,0.0,0.8604244845305916
0.125,0.8651452282157677,0.6035023523261892,0.018518518518518517,0.742472774002786
0.25,0.8434762563393269,0.5716152639832723,0.012345679012345678,0.8837517536922558
0.375,0.8188105117565698,0.5598536330371144,0.0,0.9265196823248688
0.125,0.8895804518211157,0.5439100888656561,0.006172839506172839,0.6811938529555811
0.125,0.8029045643153527,0.5099320439100888,0.0,0.8483473907888411
0.625,0.3227293683725219,0.492681651855724,0.29012345679012347,0.3454466417929885
0.125,0.11618257261410789,0.4573967590172504,0.17901234567901234,0.36211458268121105
0.125,0.01636698939603504,0.4354417145844224,0.2777777777777778,0.33353146932655503
0.125,0.026740433379437527,0.41845269210663877,0.07407407407407407,0.3887574168818417
0.375,0.056708160442600276,0.4255096706743335,0.9197530864197531,0.4568131690813399
0.125,0.028354080221300138,0.41845269210663877,0.9320987654320988,0.39527690830742235
0.25,0.19617335177501152,0.41923680083638265,0.2037037037037037,0.61016833792443
0.125,0.021438450899031812,0.42524830109775225,0.9259259259259259,0.5607032754730692
0.375,0.07791609036422315,0.4291688447464715,0.6234567901234568,0.6476856003512796
0.125,0.21369294605809128,0.42446419236800836,0.2716049382716049,0.41647087792367954
0.125,0.07215306592899953,0.4181913225300575,0.04938271604938271,0.4518390884945779
0.125,0.048409405255878286,0.4127025614218505,0.49382716049382713,0.6015033506100308
0.25,0.05486399262332872,0.41949817041296394,0.24074074074074073,0.48403649932004605
0.125,0.06892577224527432,0.40930475692629376,0.49382716049382713,0.6283896749811728
0.125,0.020055325034578148,0.4087820177731312,0.35185185185185186,0.6953853434700855
0.375,0.09359151682803135,0.4388395190799791,0.43209876543209874,0.7509175097038132
0.375,0.14891655140617796,0.446941975953999,0.35185185185185186,0.7569066005581184
0.375,0.10880590133702167,0.47177208572922114,0.38271604938271603,0.5285387417472319
0.25,0.11318579990779161,0.487192890747517,0.3888888888888889,0.6715680994687604
0.25,0.07215306592899953,0.4895452169367486,0.25925925925925924,0.7392911191997926
0.125,0.07584140156754264,0.48823836905384216,0.08024691358024691,0.79136981749373
0.125,0.023282618718303366,0.4976476738107684,0.7962962962962963,0.786147255905393
0.25,0.05463347164591978,0.5047046523784632,0.35185185185185186,0.4559231791319379
0.125,0.09336099585062241,0.5143753267119707,0.3271604938271605,0.729843631960022
0.125,0.01475334255417243,0.5180345007841087,0.808641975308642,0.6432394873056496
0.125,0.06154910096818811,0.5282279142707789,0.4567901234567901,0.5127579210805498
0.375,0.045182111572153065,0.5561944589649764,0.36419753086419754,0.6104134189223429
0.25,0.099124020285846,0.5768426555148981,0.3395061728395062,0.8356197734106551
0.25,0.08045182111572154,0.5886042864610559,0.19135802469135801,0.7946669476504555
0.25,0.05763024435223606,0.6118661787767904,0.19753086419753085,0.6907841403491567
0.375,0.04863992623328723,0.6105593308938839,0.29012345679012347,0.6087877804741783
0.25,0.030428769017980636,0.6178776790381599,0.2777777777777778,0.6024516708974877
0.25,0.039188566159520516,0.6278097229482488,0.16666666666666666,0.5848789547228375
0.125,0.380129091747349,0.6228437009932044,0.2716049382716049,0.5920411404186228
0.25,0.2999077916090364,0.6202300052273916,0.36419753086419754,0.7013193480265272
0.125,0.4656523743660673,0.6008886565603764,0.09259259259259259,0.8265878976276989
0.375,0.4870908252650991,0.5776267642446419,0.0,0.7613455392840947
0.125,0.8494698017519594,0.5679560899111343,0.0,0.699813926221605
0.125,0.846934071000461,0.5394668060637742,0.0,0.6789590523834197
0.125,0.8266482249884739,0.5216936748562467,0.0,0.8524213749932975
0.125,0.8665283540802213,0.5169890224777836,0.0,0.822479632652375
0.125,0.8363301060396496,0.5039205436487193,0.0,0.8587191487488813
0.25,0.8457814661134163,0.48170412963931,0.0,0.6349775095996296
0.125,0.867680958967266,0.46602195504443283,0.0,0.6545358902982892
0.125,0.8653757491931766,0.45635128071092523,0.0,0.6100696754328431
0.125,0.8520055325034578,0.4273392577104025,0.0,0.6961767645059831
0.125,0.8128169663439373,0.39884997386304233,0.05555555555555555,0.6891270284725977
0.625,0.8743660673121254,0.37846314688970206,0.0,1.0
0.125,0.801751959428308,0.35938316779926816,0.0,0.670887693231332
0.125,0.8828953434762563,0.334553058024046,0.0,0.8008869268268368
0.125,0.8556938681420009,0.32096184004181916,0.0,0.7543259977786435
0.125,0.8374827109266944,0.3175640355462624,0.0,0.7297346446866724
0.125,0.8847395112955279,0.29430214323052795,0.0,0.7036940166392436
0.25,0.8462425080682342,0.2775744903293257,0.1111111111111111,0.9189063878863297
0.125,0.8847395112955279,0.2645060115002614,0.0,0.9906163642051482
0.5,0.36975564776394654,0.279665446941976,0.2839506172839506,0.5611467108130629
0.125,0.01867219917012448,0.2621536853110298,0.2716049382716049,0.40607338599096804
0.125,0.035961272475795295,0.25561944589649765,0.9320987654320988,0.5543689126872509
0.375,0.06085753803596127,0.2702561421850497,0.6049382716049383,0.6198419098113781
0.125,0.25864453665283543,0.25065342394145324,0.07407407407407407,0.36568371313089837
0.375,0.04126325495620101,0.26084683742812337,0.043209876543209874,0.4999381604838536
0.25,2.305209774089442E-4,0.24464192368008364,0.037037037037037035,0.6273205765819788
0.125,0.04725680036883356,0.23261892315734448,0.06790123456790123,0.6331339901828481
0.125,0.035961272475795295,0.22922111866178776,0.043209876543209874,0.6370277741932173
0.25,2.305209774089442E-4,0.2302665969681129,0.043209876543209874,0.4323404418052098
0.25,4.610419548178884E-4,0.22373235755358076,0.043209876543209874,0.6103363105824116
0.375,4.610419548178884E-4,0.23078933612127547,0.05555555555555555,0.6966798090844917
0.375,0.01913324112494237,0.2603240982749608,0.043209876543209874,0.5090551611291368
0.25,4.610419548178884E-4,0.26293779404077366,0.043209876543209874,0.6298425994818457
0.25,0.025357307514983864,0.2637219027705175,0.06790123456790123,0.6578032938174926
0.125,0.046104195481788846,0.2671197072660742,0.04938271604938271,0.6316713647542956
0.25,0.0,0.2736539466806064,0.043209876543209874,0.4449161195702058
0.25,4.610419548178884E-4,0.2765290120230005,0.043209876543209874,0.5934798410507646
0.25,2.305209774089442E-4,0.2893361212754835,0.043209876543209874,0.621104933190084
0.375,0.0099124020285846,0.3196549921589127,0.037037037037037035,0.6673447646447281
0.375,0.0016136468418626094,0.3431782540512284,0.05555555555555555,0.7210834445430861
0.25,0.005301982480405717,0.36225823314166233,0.06172839506172839,0.6299693977835532
0.25,0.005071461502996773,0.3774176685833769,0.06172839506172839,0.5513950636126649
0.375,0.0036883356385431073,0.40198640878201775,0.043209876543209874,0.6904233968413467
0.375,0.002305209774089442,0.42106638787245165,0.06172839506172839,0.6407643782177799
0.25,0.002996772706316275,0.4380554103502352,0.04938271604938271,0.4089243670433091
0.375,0.009220839096357769,0.46680606377417666,0.043209876543209874,0.6223016097083393
0.375,0.01313969571230982,0.4939884997386304,0.043209876543209874,0.5843484605734796
0.25,6.915629322268327E-4,0.4971249346576059,0.043209876543209874,0.6793584436392778
0.25,0.008990318118948824,0.5,0.05555555555555555,0.41303812193280287
0.125,0.05140617796219456,0.47804495556717197,0.04938271604938271,0.3859687588324063
0.25,0.0,0.4759539989545217,0.043209876543209874,0.5381133704083457
0.25,0.0,0.47307893361212755,0.037037037037037035,0.7235125444070891
0.25,2.305209774089442E-4,0.4534762153685311,0.037037037037037035,0.3929338690865709
0.375,0.012678653757491932,0.47203345530580243,0.04938271604938271,0.5576847896531588
0.25,0.001152604887044721,0.4464192368008364,0.043209876543209874,0.3830961924357155
0.25,0.01037344398340249,0.45269210663878723,0.06790123456790123,0.5591935802690489
0.125,0.03941908713692946,0.44877156299006793,0.043209876543209874,0.5587693908213439
0.25,0.0,0.4558285415577627,0.043209876543209874,0.4380121469965693
0.25,9.220839096357768E-4,0.46497647673810766,0.043209876543209874,0.4893401619131652
0.375,4.610419548178884E-4,0.4759539989545217,0.043209876543209874,0.6182273135769414
0.375,0.003918856615952052,0.4937271301620491,0.043209876543209874,0.4492334067890088
0.375,0.00437989857076994,0.48431782540512286,0.043209876543209874,0.5866016024497993
0.375,0.0027662517289073307,0.5052273915316258,0.043209876543209874,0.7331022391394759
0.25,0.002305209774089442,0.5214323052796654,0.043209876543209874,0.6311829807420362
0.375,0.0027662517289073307,0.5684788290642969,0.037037037037037035,0.4714885830528408
0.375,0.002305209774089442,0.6173549398849973,0.043209876543209874,0.6287041597235629
0.375,0.0018441678192715537,0.6680606377417668,0.030864197530864196,0.4910220095961828
0.25,0.2540341171046565,0.6813904861474125,0.018518518518518517,0.6020260777785461
0.25,0.7722452743199631,0.6539466806063774,0.012345679012345678,0.5128580496287617
0.25,0.760027662517289,0.6474124411918453,0.012345679012345678,0.41911049728048055
0.25,0.7646380820654679,0.6212754835337166,0.012345679012345678,0.638946249654034
0.25,0.7648686030428768,0.5974908520648197,0.012345679012345678,0.5380375721615686
0.25,0.7722452743199631,0.5838996340825928,0.012345679012345678,0.4281443693958621
0.25,0.7563393268787459,0.5679560899111343,0.018518518518518517,0.6911919536324345
0.25,0.7595666205624712,0.5426032409827496,0.012345679012345678,0.5569605576804538
0.25,0.7796219455970493,0.5277051751176163,0.012345679012345678,0.4626370946201368
0.25,0.7860765329644998,0.5002613695765813,0.012345679012345678,0.7137225301928903
0.25,0.7471184877823882,0.4947726084683743,0.012345679012345678,0.5910645283575746
0.25,0.7634854771784232,0.492681651855724,0.018518518518518517,0.49255971583954716
0.25,0.784923928077455,0.4921589127025614,0.012345679012345678,0.7528394475536803
0.25,0.7514983863531581,0.4913748039728176,0.012345679012345678,0.6254563764089779
0.25,0.7676348547717843,0.48823836905384216,0.012345679012345678,0.5174600949524325
0.25,0.7697095435684648,0.4811813904861474,0.012345679012345678,0.767975515232344
0.25,0.760027662517289,0.46001045478306324,0.012345679012345678,0.6787883035756591
0.25,0.7902259105578607,0.4534762153685311,0.018518518518518517,0.5362064674370576
0.25,0.7614107883817427,0.4498170412963931,0.012345679012345678,0.4386570871407526
0.25,0.7623328722913785,0.4474647151071615,0.012345679012345678,0.6785614703038222
0.25,0.7660212079299217,0.4445896497647674,0.012345679012345678,0.5872545591163784
0.25,0.76855693868142,0.4364871928907475,0.012345679012345678,0.45300045488305873
0.25,0.7623328722913785,0.42472556194458966,0.012345679012345678,0.7065338307070801
0.25,0.7710926694329184,0.3993727130162049,0.018518518518518517,0.6085170902743706
0.25,0.7558782849239281,0.3815995818086775,0.012345679012345678,0.48757109945731264
0.25,0.7750115260488705,0.36408782017773134,0.012345679012345678,0.7194151032966342
0.25,0.7826187183033656,0.3395190799790904,0.012345679012345678,0.6099251284881659
0.25,0.7634854771784232,0.30345007841087296,0.012345679012345678,0.49387782551611664
0.25,0.7621023513139695,0.2545739675901725,0.012345679012345678,0.734431079102832
0.25,0.7646380820654679,0.2007318348144276,0.012345679012345678,0.6345673568642908
0.25,0.7634854771784232,0.16283324621014114,0.012345679012345678,0.5317948535111542
0.25,0.7786998616874136,0.161787767903816,0.012345679012345678,0.7718762864062021
0.25,0.7544951590594744,0.16257187663355985,0.018518518518518517,0.6740031259446513
0.25,0.7750115260488705,0.16231050705697858,0.012345679012345678,0.5441462869979274
0.25,0.7784693407100046,0.161787767903816,0.012345679012345678,0.43997544635887526
0.25,0.7485016136468419,0.16283324621014114,0.012345679012345678,0.6896889648576557
0.25,0.7773167358229599,0.161787767903816,0.012345679012345678,0.5785348910091395
0.25,0.7634854771784232,0.16231050705697858,0.012345679012345678,0.4660898139352675
0.25,0.7722452743199631,0.16283324621014114,0.012345679012345678,0.7354794343604183
0.25,0.7761641309359152,0.1615263983272347,0.012345679012345678,0.6119723361977273
0.25,0.7485016136468419,0.161787767903816,0.012345679012345678,0.5073910620890889
0.25,0.7837713231904103,0.161787767903816,0.012345679012345678,0.7528542016980118
0.25,0.7662517289073306,0.16231050705697858,0.012345679012345678,0.6545817747513795
0.25,0.7547256800368833,0.1620491374803973,0.012345679012345678,0.5381639961509463
0.25,0.7775472568003688,0.1620491374803973,0.018518518518518517,0.7810766651229403
0.25,0.7574919317657907,0.16231050705697858,0.018518518518518517,0.6754471605274922
0.25,0.7773167358229599,0.161787767903816,0.012345679012345678,0.5764616373999654
0.25,0.7512678653757492,0.16231050705697858,0.018518518518518517,0.4642602688454639
0.25,0.7814661134163209,0.1615263983272347,0.012345679012345678,0.7086501926195653
0.25,0.7637159981558321,0.161787767903816,0.012345679012345678,0.5968245400660642
0.25,0.7586445366528354,0.16283324621014114,0.012345679012345678,0.4850130801884001
0.25,0.7699400645458737,0.16231050705697858,0.012345679012345678,0.7398852464452104
0.25,0.7623328722913785,0.16283324621014114,0.012345679012345678,0.6253772093512329
0.25,0.76855693868142,0.16231050705697858,0.018518518518518517,0.5132218500205981
0.25,0.7881512217611802,0.1615263983272347,0.012345679012345678,0.7366505640621671
0.25,0.7609497464269248,0.1615263983272347,0.018518518518518517,0.6063754934723204
0.25,0.7609497464269248,0.161787767903816,0.018518518518518517,0.4853892328871187
0.25,0.7710926694329184,0.16100365917407214,0.018518518518518517,0.686230724435661
0.25,0.7710926694329184,0.1620491374803973,0.018518518518518517,0.5532762014185876
0.25,0.7533425541724297,0.161787767903816,0.012345679012345678,0.7842071639075325
0.25,0.7750115260488705,0.16126502875065343,0.018518518518518517,0.6589847794936983
0.25,0.7738589211618258,0.1615263983272347,0.012345679012345678,0.5277350619825346
0.25,0.7586445366528354,0.16126502875065343,0.012345679012345678,0.7948778414555834
0.25,0.7708621484555095,0.16100365917407214,0.012345679012345678,0.6902488425249002
0.25,0.7531120331950207,0.161787767903816,0.012345679012345678,0.567937297943475
0.25,0.7699400645458737,0.16100365917407214,0.012345679012345678,0.7957773451767002
0.25,0.7674043337943753,0.1615263983272347,0.018518518518518517,0.6724396545359215
0.25,0.7609497464269248,0.161787767903816,0.012345679012345678,0.561448281780076
0.25,0.7710926694329184,0.1615263983272347,0.012345679012345678,0.45577654227675285
0.25,0.7761641309359152,0.16126502875065343,0.012345679012345678,0.6846846273575711
0.25,0.76855693868142,0.16100365917407214,0.012345679012345678,0.5757196567842909
0.25,0.7660212079299217,0.16100365917407214,0.012345679012345678,0.4829651862395676
0.25,0.7609497464269248,0.1615263983272347,0.012345679012345678,0.7212414355389407
0.25,0.7710926694329184,0.16074228959749084,0.012345679012345678,0.595464912913585
0.25,0.7699400645458737,0.16126502875065343,0.012345679012345678,0.49517129296431006
0.25,0.7586445366528354,0.1620491374803973,0.012345679012345678,0.7599772093699484
0.25,0.76855693868142,0.16100365917407214,0.012345679012345678,0.64116461167638
0.25,0.7697095435684648,0.1615263983272347,0.018518518518518517,0.5229314182765918
0.25,0.7837713231904103,0.16074228959749084,0.012345679012345678,0.7634289305188664
0.25,0.7425080682342093,0.161787767903816,0.018518518518518517,0.660198331259487
0.25,0.7708621484555095,0.1620491374803973,0.012345679012345678,0.5555067597843449
0.25,0.7773167358229599,0.16100365917407214,0.018518518518518517,0.44683372163558643
0.25,0.7660212079299217,0.161787767903816,0.012345679012345678,0.6966449668451294
0.25,0.7547256800368833,0.1620491374803973,0.012345679012345678,0.6070641345810037
0.25,0.7710926694329184,0.1615263983272347,0.012345679012345678,0.48443289607726603
0.25,0.7595666205624712,0.1620491374803973,0.018518518518518517,0.7205708861928627
0.25,0.8107422775472568,0.16048092002090958,0.012345679012345678,0.5793073468869956
0.25,0.7623328722913785,0.16074228959749084,0.012345679012345678,0.4767223740110707
0.25,0.7468879668049793,0.1620491374803973,0.012345679012345678,0.7447929177861334
0.25,0.7828492392807745,0.16126502875065343,0.012345679012345678,0.6292184648646585
0.25,0.7498847395112955,0.1620491374803973,0.012345679012345678,0.4926315526141677
0.25,0.7699400645458737,0.16231050705697858,0.012345679012345678,0.7619014866718765
0.25,0.7814661134163209,0.1615263983272347,0.012345679012345678,0.6453342014883968
0.25,0.7452743199631167,0.1620491374803973,0.012345679012345678,0.53956660683596
0.25,0.8035961272475796,0.16100365917407214,0.012345679012345678,0.7594357041995566
0.25,0.7466574458275703,0.1620491374803973,0.018518518518518517,0.6818151178449068
0.25,0.7408944213923467,0.16309461578672244,0.012345679012345678,0.5474910172059213
0.25,0.7634854771784232,0.16283324621014114,0.018518518518518517,0.8097264372649884
0.25,0.7786998616874136,0.1633559853633037,0.012345679012345678,0.689201173506585
0.25,0.7722452743199631,0.16283324621014114,0.012345679012345678,0.6058971535075763
0.0,0.9207007837713231,0.15263983272347098,0.0,0.7169216217119119
0.125,0.9389119409866298,0.14715107161526397,0.0,0.5829720517515493
0.0,0.9389119409866298,0.1414009409304757,0.037037037037037035,0.8127577744748874
0.0,0.9389119409866298,0.13669628855201255,0.0,0.5553681394515557
0.0,0.9389119409866298,0.13094615786722424,0.0,0.6669412871459368
0.0,0.9389119409866298,0.12545739675901724,0.0,0.7796777039831417
0.0,0.9389119409866298,0.11996863565081024,0.0,0.5330204144641896
0.0,0.9389119409866298,0.1152639832723471,0.0,0.646401397133248
0.0,0.9389119409866298,0.11003659174072138,0.037037037037037035,0.4816213425903268
0.0,0.9389119409866298,0.10428646105593309,0.006172839506172839,0.6398965974666104
0.0,0.9389119409866298,0.09879769994772608,0.006172839506172839,0.48661223603923404
0.0,0.9236975564776395,0.09383167799268165,0.037037037037037035,0.7476178841315559
0.0,0.9236975564776395,0.08860428646105593,0.0,0.5051637165708287
0.0,0.9236975564776395,0.07788813382122321,0.037037037037037035,0.7455323094081938
0.125,0.938220378054403,0.07213800313643493,0.037037037037037035,0.6137748684143995
0.0,0.938220378054403,0.06795608991113435,0.0,0.7426443026279003
0.125,0.9232365145228216,0.06246732880292734,0.0,0.5364343612604955
0.0,0.9232365145228216,0.056194458964976476,0.0,0.6551180707418487
0.0,0.9232365145228216,0.05148980658651333,0.0,0.7701524533568626
0.0,0.9232365145228216,0.04573967590172504,0.0,0.525490841216741
0.0,0.9232365145228216,0.03998954521693675,0.0,0.6389558881965255
0.0,0.9232365145228216,0.0352848928384736,0.0,0.7518044427691888
0.0,0.9232365145228216,0.02901202300052274,0.0,0.5073512602113573
0.0,0.9232365145228216,0.024830109775222164,0.0,0.6216131869485151
0.0,0.9232365145228216,0.018295870360690015,0.0,0.7344490460946607
0.0,0.9232365145228216,0.013068478829064296,0.0,0.4877624354432103
0.0,0.9232365145228216,0.007841087297438577,0.0,0.6018273803168298
0.0,0.9232365145228216,0.0023523261892315736,0.0,0.7143680941909565
0.0,0.9232365145228216,2.6136957658128593E-4,0.0,0.46665764573951934
0.0,0.9232365145228216,2.6136957658128593E-4,0.0,0.5811081635054899
0.0,0.9232365145228216,2.6136957658128593E-4,0.0,0.6941575054503775
0.0,0.9232365145228216,2.6136957658128593E-4,0.0,0.807671587345361
0.0,0.9232365145228216,2.6136957658128593E-4,0.0,0.5555875176694915
0.0,0.9232365145228216,2.6136957658128593E-4,0.0,0.6689681884116084
0.0,0.9232365145228216,2.6136957658128593E-4,0.0,0.7826422576348719
0.0,0.9232365145228216,2.6136957658128593E-4,0.0,0.5350291615818676
0.0,0.9232365145228216,2.6136957658128593E-4,0.0,0.6479942832525583
0.0,0.9232365145228216,2.6136957658128593E-4,0.0,0.7610825848724354
0.0,0.9232365145228216,2.6136957658128593E-4,0.0,0.5151262263836603
0.0,0.9232365145228216,2.6136957658128593E-4,0.0,0.6283095097572151
0.0,0.9232365145228216,2.6136957658128593E-4,0.0,0.741541422540945
0.0,0.9232365145228216,2.6136957658128593E-4,0.0,0.49721516305559765
0.0,0.9232365145228216,2.6136957658128593E-4,0.0,0.610343609672842
0.125,1.0,2.6136957658128593E-4,0.012345679012345678,0.5792167321104986
0.0,1.0,2.6136957658128593E-4,0.012345679012345678,0.6935663727035978
0.0,1.0,2.6136957658128593E-4,0.012345679012345678,0.807206410697547
0.0,0.9225449515905948,0.0,0.012345679012345678,0.565575044023029
0.0,0.9225449515905948,0.0,0.012345679012345678,0.6828180253471209
0.0,0.9225449515905948,0.0,0.012345679012345678,0.7967516489783816
0.0,0.9225449515905948,0.0,0.012345679012345678,0.5457812520616421
0.0,0.9225449515905948,0.0,0.012345679012345678,0.6586357332461934
0.0,0.9225449515905948,0.0,0.012345679012345678,0.7706306685508302
0.0,0.9225449515905948,0.0,0.012345679012345678,0.5240231001863482
0.0,0.9225449515905948,0.0,0.012345679012345678,0.6365785682048065
0.0,0.9225449515905948,0.0,0.012345679012345678,0.7493727851042657
0.0,0.9225449515905948,0.0,0.012345679012345678,0.5030322885870705
0.0,0.9225449515905948,0.0,0.012345679012345678,0.6164045684944618
0.0,0.9225449515905948,0.0,0.012345679012345678,0.7292446698470114
0.0,0.9225449515905948,0.0,0.012345679012345678,0.48368754665062363
0.0,0.9225449515905948,0.0,0.012345679012345678,0.5977771961380076
0.0,0.9225449515905948,0.0,0.012345679012345678,0.7109551767535573
0.0,0.9225449515905948,0.0,0.012345679012345678,0.463703260906081
0.0,0.9225449515905948,0.0,0.012345679012345678,0.5784082174782086
0.0,0.9225449515905948,0.0,0.012345679012345678,0.6913284840547158
0.0,0.9225449515905948,0.0,0.012345679012345678,0.8062013820921308
0.0,0.9225449515905948,0.0,0.012345679012345678,0.5545723514384776
0.0,0.9225449515905948,0.0,0.0,0.6684643952084404
0.125,0.9983863531581374,0.0,0.0,0.62821590048208
0.0,0.9983863531581374,0.0,0.0,0.7409509136480483
0.0,0.9983863531581374,0.0,0.0,0.48971615864841306
0.0,0.9983863531581374,0.0,0.0,0.6021210907249179
0.0,0.9983863531581374,0.0,0.0,0.715401414569964
0.0,0.9983863531581374,0.0,0.0,0.46878520582920336
0.0,0.9983863531581374,0.0,0.0,0.5815783933697558
0.0,0.9983863531581374,0.0,0.0,0.694016919977857
0.0,0.9983863531581374,0.0,0.0,0.45874727208192423
0.0,0.9983863531581374,0.0,0.012345679012345678,0.6567239642146183
0.125,0.9988473951129553,0.0,0.012345679012345678,0.5265411304213643
0.0,0.9988473951129553,0.0,0.012345679012345678,0.6412189805422781
0.0,0.9988473951129553,0.0,0.012345679012345678,0.7538289421974111
0.0,0.9988473951129553,0.0,0.012345679012345678,0.511192297375924
0.0,0.9988473951129553,0.0,0.012345679012345678,0.6238702902969916
0.0,0.9988473951129553,0.0,0.012345679012345678,0.7361900663184751
0.0,0.9988473951129553,0.0,0.012345679012345678,0.49003794248123345
0.0,0.9988473951129553,0.0,0.012345679012345678,0.6030703467931992
0.0,0.9988473951129553,0.0,0.012345679012345678,0.7160337216730177
0.0,0.9988473951129553,0.0,0.012345679012345678,0.46985767303936526
0.0,0.9988473951129553,0.0,0.012345679012345678,0.584591763587826
0.0,0.9988473951129553,0.0,0.012345679012345678,0.6981401574463714
0.0,0.9988473951129553,0.0,0.012345679012345678,0.8108334659802652
0.0,0.9988473951129553,0.0,0.012345679012345678,0.5576782079946937
0.0,0.9988473951129553,0.0,0.012345679012345678,0.6709889759092272
0.0,0.9988473951129553,0.0,0.012345679012345678,0.783761420308172
0.0,0.9988473951129553,0.0,0.012345679012345678,0.5379488289467204
0.0,0.9988473951129553,0.0,0.04938271604938271,0.6544043507070713
0.0,0.9225449515905948,0.0,0.012345679012345678,0.7815103371496659
0.0,0.9225449515905948,0.0,0.012345679012345678,0.5349708312438127
0.0,0.9225449515905948,0.0,0.0,0.7756409014701086
0.125,0.9979253112033195,0.0,0.0,0.7482345013094537
0.0,0.9979253112033195,0.0,0.0,0.4932260853646094
0.0,0.9979253112033195,0.0,0.0,0.6061095757547174
0.0,0.9979253112033195,0.0,0.0,0.7187773062794106
0.0,0.9979253112033195,0.0,0.0,0.4759786154118298
0.0,0.9979253112033195,0.0,0.0,0.5889913371337888
0.0,0.9979253112033195,0.0,0.0,0.7016335520346698
0.0,0.9979253112033195,0.0,0.0,0.5602751245532075
0.125,1.0,0.0,0.0,0.5042012971856173
