activeThreads,clients,cpu,fileDescriptors,free_disk_space,httpMeanTimes,httpSystemErrors,http_Gobal_Hits,systemLoad,threadCount,tomcatBusyThreads,tomcatBytesSent,usedConnections,usedMemory,usedPhysicalMemorySize
3,12,35,128,24300800000,1967,0,13831,1.08,30,3,1325240,26,54554800,1351810000
1,8,13,131,24299300000,353,0,13857,0.6,30,1,8467090,26,63579400,1361840000
0,9,7,123,24298700000,356,0,14156,0.25,30,0,7950640,26,60886600,1363420000
1,5,4,105,24298300000,97,0,14620,0.33,30,1,7378330,5,56432600,1366420000
0,1,4,61,24298000000,136,0,14927,0.45,30,0,7927500,5,73376900,1369400000
0,2,3,100,24297800000,18,0,15166,0.35,30,0,3591300,5,73330400,1370400000
0,2,1,61,24297700000,20,0,15361,0.29,30,0,2234170,5,74415700,1374660000
0,1,2,63,24297500000,21,0,15428,0.1,30,0,2176320,5,71879300,1375040000
0,0,1,62,24297400000,17,0,15542,0.04,30,0,2309000,5,76321300,1375300000
0,4,1,61,24297400000,17,0,15645,0.06,30,0,1047060,5,69133200,1375440000
0,3,1,66,24297000000,72,0,15690,0.02,28,0,1218590,7,60696400,1379840000
0,3,3,66,24296500000,32,0.49505,15719,0.11,28,0,4238630,7,64808300,1380480000
0,1,3,66,24296300000,20,0,15921,0.04,28,0,2829250,7,59698000,1395160000
0,0,2,62,24296200000,70,0,16093,0.02,28,0,4807340,5,74877600,1387100000
0,3,1,61,24296200000,15,0,16220,0.04,28,0,829395,5,65338500,1387100000
0,3,1,63,24295900000,69,0,16266,0.21,28,0,919341,5,60299800,1389480000
0,4,2,63,24295500000,26,0,16290,0.79,28,0,3430550,5,60139300,1390280000
0,4,2,63,24295200000,23,0,16454,0.6,28,0,3358430,5,79950200,1390760000
0,4,2,63,24295000000,60,0,16630,0.25,28,0,5918440,5,74850400,1391600000
0,1,2,63,24294700000,18,0,16827,0.37,28,0,3868720,5,57720300,1392040000
0,4,3,100,24294600000,19,0,17051,0.32,28,0,4058530,5,83184300,1393010000
1,4,1,63,24294300000,26,0,17245,0.16,28,1,1914970,5,72774100,1393700000
0,5,3,62,24293800000,23,0,17326,0.4,28,0,4302580,5,58824800,1394240000
0,7,4,103,24293200000,21,0,17546,0.15,28,0,4624980,5,62995600,1397550000
0,5,4,100,24292800000,38,0,17776,0.05,28,0,7264510,5,65928300,1398240000
1,5,5,62,24292200000,19,0,18038,0.1,28,1,6844420,5,64629300,1399130000
0,4,4,64,24292000000,22,0,18406,0.12,28,0,5883200,5,84680600,1402020000
0,7,4,63,24291400000,27,0,18686,0.16,28,0,6242230,5,82480000,1402900000
0,5,3,63,24290900000,18,0,18949,0.06,28,0,4692560,5,82554700,1403750000
0,7,4,63,24290100000,20,0,19195,0.02,28,0,6529400,6,64778900,1401840000
1,7,5,66,24289200000,26,0,19555,0.2,28,1,5663870,6,76375300,1404270000
0,3,3,62,24288800000,161,0,19841,0.07,28,0,8110700,5,85887100,1405370000
0,3,3,62,24288400000,14,0,20128,0.26,28,0,5807910,5,72457900,1414660000
0,4,1,63,24288300000,15,0,20487,0.1,28,0,4660180,5,86941400,1417100000
0,4,2,62,24287900000,18,0,20656,0.1,28,0,3390750,5,81708400,1419890000
1,7,2,100,24287500000,17,0,20838,0.16,28,1,4110950,5,76413800,1422340000
2,7,4,105,24286600000,93,0,21067,0.21,28,2,4816790,5,93041600,1423770000
0,3,4,100,24286000000,80,0,21286,0.08,28,0,7602060,5,70744100,1424460000
0,5,3,63,24285700000,18,0,21597,0.09,28,0,5839460,5,78117000,1425230000
0,3,2,62,24285400000,21,0,21952,0.03,28,0,5978190,5,64232900,1425680000
0,3,2,63,24284900000,18,0,22119,0.06,28,0,4940090,5,87680000,1426450000
0,1,2,63,24284800000,22,0,22382,0.14,28,0,3274150,5,95431500,1426790000
0,3,2,62,24284500000,20,0,22548,0.1,28,0,3682720,5,80917100,1427140000
0,0,1,62,24284300000,24,0,22694,0.04,28,0,1671430,5,78852000,1427310000
0,3,1,61,24284000000,19,0,22771,0.01,28,0,2691090,5,77798400,1427710000
0,0,1,62,24283700000,96,0,22908,0.01,28,0,1003070,5,84520700,1428000000
0,4,1,61,24283300000,32,0,22934,0.12,28,0,2828940,5,64203200,1428500000
0,2,1,66,24283000000,290,0,23064,0.04,28,0,1139150,7,78279000,1428710000
0,4,2,65,24282500000,42,0,23091,0.16,28,0,4162950,7,67724200,1429300000
0,0,2,66,24282200000,20,0,23285,0.06,28,0,2387860,7,77646400,1429680000
0,2,2,61,24281800000,39,0,23416,0.02,28,0,5120350,5,85937000,1430270000
0,1,0,63,24281700000,25,0,23577,0.01,28,0,692497,5,70375100,1430370000
0,1,1,61,24281400000,18,0,23596,0,28,0,2149740,5,96270800,1430720000
0,5,0,61,24281300000,15,0,23699,0,28,0,1536850,5,79896300,1430780000
1,5,1,66,24281000000,29,0,23756,0,28,1,2394960,6,72523200,1431220000
0,8,2,67,24280300000,38,0,23840,0,28,0,5411710,6,75860500,1431830000
0,7,2,66,24279800000,28,0,24113,0.41,28,0,5029550,6,64009700,1432470000
0,10,3,65,24279200000,248,0,24407,0.21,28,0,8521190,5,97792400,1433220000
0,6,3,66,24278600000,21,0,24647,0.08,28,0,6996190,5,98939800,1433920000
0,8,3,63,24278100000,176,0,25038,0.2,28,0,8042310,5,70433600,1434740000
1,10,3,65,24277600000,19,0,25354,0.34,28,1,6894240,5,78715000,1435320000
2,10,4,68,24276900000,88,0,25698,0.3,28,1,8494020,5,97525300,1436290000
0,13,4,64,24276400000,56,0,26044,0.25,28,0,8272010,5,98894200,1436980000
3,16,5,70,24275600000,90,0,26460,0.22,28,3,8386690,5,71738200,1440260000
3,12,5,72,24274300000,265,0,26904,0.19,28,3,8233510,5,82059300,1441760000
0,12,4,65,24273600000,297,0.252525,27225,0.27,28,0,8481810,5,90827500,1442550000
0,8,4,67,24273000000,57,0,27621,0.18,28,0,8316760,5,76744500,1445520000
0,10,4,66,24272400000,233,0.282486,28074,0.11,28,1,8246980,5,82798900,1446210000
1,10,3,68,24271900000,62,0,28428,0.08,28,1,8491510,5,81773300,1447010000
0,13,3,65,24271400000,27,0,28727,0.16,28,0,8205300,5,93318800,1447600000
0,10,4,70,24270500000,46,0,29153,0.13,28,0,8463350,5,107417000,1450820000
2,6,4,104,24269700000,105,0,29618,0.12,28,2,8214890,5,81174400,1451930000
0,9,4,61,24269000000,48,0,30025,0.52,28,0,7790490,5,83512200,1454620000
1,5,3,65,24268400000,96,0,30426,0.4,28,1,7073650,5,93343700,1455530000
0,4,3,63,24267700000,91,0,30711,0.3,28,0,7662070,5,83499800,1456150000
0,5,2,64,24267500000,14,0,31046,0.19,28,0,4461930,5,105995000,1456420000
0,5,2,65,24267200000,54,0,31321,0.07,28,0,6486220,5,76234300,1456820000
0,6,3,63,24266700000,16,0,31523,0.11,28,0,5014210,5,106608000,1457510000
0,7,2,65,24266300000,21,0,31810,0.32,28,0,5654920,5,89055000,1460320000
0,6,4,66,24265600000,24,0,32097,0.21,28,0,6059410,5,79596800,1461060000
0,9,3,63,24264700000,60,0,32434,0.4,28,0,7724360,5,94105400,1462070000
0,9,3,65,24264100000,29,0,32755,0.15,28,0,6854680,5,83306900,1464810000
2,9,3,104,24263400000,203,0,33099,0.3,28,2,8519940,5,103681000,1465670000
0,7,3,64,24262900000,47,0,33385,0.18,28,0,8344430,5,95814900,1466190000
0,6,3,65,24262500000,72,0,33818,0.18,28,0,8370920,5,81007400,1466830000
0,4,3,62,24262000000,20,0,34208,0.36,28,0,7874700,5,104530000,1469550000
0,4,3,63,24261400000,16,0,34556,0.13,28,0,5776910,5,91604000,1470120000
0,4,2,63,24261200000,16,0,34877,0.08,28,0,3504140,5,111996000,1470370000
0,2,4,64,24260300000,24,0,35105,0.06,28,0,5576200,5,102124000,1471460000
0,0,1,63,24260100000,14,0,35325,0.02,28,0,3475890,5,111153000,1471750000
0,0,1,61,24260000000,15,0,35530,0.09,28,0,2987380,5,103769000,1473970000
0,4,0,61,24260000000,15,0,35622,0.03,28,0,197,5,109605000,1473970000
0,0,1,66,24259700000,56,0,35622,0.01,28,0,1199240,6,90799600,1476260000
0,1,2,62,24259100000,40,0,35650,0.97,28,0,3827570,6,108776000,1476950000
0,3,0,63,24259100000,28,0,35824,1.07,28,0,351391,6,104917000,1477080000
0,7,1,63,24258700000,18,0,35834,1.11,28,0,1832880,5,114078000,1477340000
2,11,2,68,24258100000,57,0,35908,1.15,28,2,4136160,6,113983000,1478230000
1,8,4,69,24257100000,84,0,36083,1.1,28,1,7990710,6,101505000,1479260000
0,4,3,64,24256400000,146,0,36433,1.36,28,0,8151460,6,108087000,1479890000
0,5,2,63,24256100000,78,0,36785,1.3,28,0,6942760,6,107912000,1482530000
0,5,1,66,24255900000,104,0,37112,1.15,28,0,6254980,5,106435000,1482940000
0,1,2,65,24255500000,14,0,37293,1.22,28,0,5372480,5,122573000,1483350000
0,0,2,62,24255300000,16,0,37569,1.75,28,0,4217820,5,108717000,1483730000
0,2,0,61,24255200000,16,0,37814,0.64,28,0,1612960,5,90679100,1483620000
0,0,0,62,24255100000,31,0,37859,0.24,28,0,620094,5,104176000,1483820000
0,0,2,61,24254800000,21,0,37875,0.09,28,0,1978890,5,96289300,1484180000
0,3,0,61,24254800000,21,0,37966,0.03,28,0,196,5,102190000,1484190000
0,5,0,63,24254500000,50,0,37966,0.05,28,0,919338,5,100499000,1487180000
0,5,2,63,24253900000,16,0,37990,0.18,28,0,4109600,5,103225000,1487940000
0,9,2,66,24253500000,23,0,38175,0.18,28,0,5318050,5,97106600,1488520000
0,6,2,67,24252900000,77,0,38447,0.32,28,0,7178850,6,91316200,1489130000
0,6,3,65,24252300000,165,0,38708,0.12,28,0,8079430,6,115301000,1489750000
0,3,2,64,24252000000,15,0,39016,0.04,28,0,5580440,6,119727000,1490240000
0,2,2,62,24251800000,83,0,39359,0.09,28,0,7384250,5,109248000,1492590000
0,1,1,62,24251600000,14,0,39591,0.03,28,0,2810680,5,118746000,1492910000
0,0,1,62,24251500000,18,0,39752,0.01,28,0,1666560,5,112526000,1492990000
0,0,0,61,24251500000,18,0,39855,0,28,0,648245,5,93033400,1492990000
0,3,0,61,24251500000,18,0,39902,0,28,0,190,5,98653700,1492960000
0,7,0,65,24251200000,41,0,39902,0,28,0,982603,6,101463000,1493250000
1,6,2,67,24250400000,43,0,39927,0.05,28,1,4413490,6,93286600,1494040000
0,4,3,66,24249800000,30,0,40110,0.11,28,0,6536350,6,117144000,1494940000
0,8,2,65,24249500000,27,0,40465,0.12,28,0,6598920,6,88845200,1496020000
0,11,2,67,24249000000,80,0,40754,0.16,28,0,7850800,6,95017200,1499420000
0,9,4,69,24248000000,63,0,40952,0.1,28,0,8249010,6,86020000,1500550000
1,8,4,65,24247300000,43,0,41353,0.07,28,1,8154400,6,101946000,1501390000
0,8,3,65,24247000000,124,0,41815,0.37,28,0,8383560,5,71268900,1503850000
1,7,3,69,24246500000,93,0,42155,0.25,28,1,8370170,5,78461000,1505060000
0,10,3,62,24246100000,20,0,42484,0.13,28,0,7704610,5,98826100,1506550000
0,12,3,67,24245500000,23,0,42878,0.3,28,0,6913180,5,85949700,1507320000
0,8,6,69,24244200000,79,0,43274,0.3,28,0,8413010,5,84437200,1508810000
0,8,5,66,24242900000,114,0,43711,0.15,28,0,8247840,5,89708300,1510080000
1,4,3,67,24242100000,73,0,44114,0.16,28,1,8217260,5,80795100,1511020000
0,6,2,64,24241800000,45,0,44441,0.2,28,0,7990690,5,83756000,1511500000
0,5,2,64,24241400000,20,0,44793,0.29,28,0,5097400,5,107152000,1511910000
0,6,2,64,24240900000,15,0,45034,0.14,28,0,5819260,5,101057000,1512440000
0,8,3,67,24240300000,23,0,45360,0.09,28,0,5396620,5,83567300,1513080000
0,8,4,66,24239300000,36,0,45646,0.17,28,0,8006330,5,72963000,1514190000
0,5,3,66,24238800000,27,0,45960,0.18,28,0,7878000,5,89948000,1514840000
0,5,3,62,24238400000,32,0,46381,0.16,28,0,7581700,5,97454800,1515240000
0,5,3,64,24238000000,27,0,46744,0.09,28,0,6277640,5,80239700,1515880000
0,4,2,63,24237600000,16,0,47007,0.07,28,0,4353630,5,98247500,1516430000
0,0,3,63,24237100000,16,0,47242,0.03,28,0,4688660,5,90041000,1516970000
0,4,2,99,24236500000,21,0,47516,0.04,28,0,3302890,5,112385000,1517570000
0,4,1,103,24236200000,82,0,47698,0.05,28,0,1220650,6,85964700,1517900000
0,4,2,65,24235600000,31,0,47728,0.02,28,0,4445350,6,96290600,1518540000
1,10,2,66,24235200000,36,0,47945,0.07,28,1,4540350,6,99640200,1519190000
0,10,2,70,24234500000,259,0,48187,0.03,28,0,8426660,5,103844000,1519860000
0,7,3,63,24233800000,32,0,48403,0.21,28,0,7834780,5,75679800,1520710000
0,7,2,67,24233500000,48,0,48834,0.08,28,0,7587460,6,113447000,1521190000
0,8,2,66,24233100000,88,0,49170,0.03,28,0,8215730,6,89352100,1521480000
0,5,3,63,24232500000,26,0,49468,0.46,28,0,7073490,6,89980700,1522240000
0,9,2,64,24232200000,14,0,49837,0.17,28,0,4675920,6,115038000,1522660000
0,9,3,68,24231400000,32,0,50120,0.13,28,0,6471120,6,106294000,1523550000
4,13,5,75,24229700000,136,0,50409,0.05,28,4,8183000,7,115961000,1525590000
0,13,4,71,24228900000,98,0,50754,0.08,28,0,8472320,7,118755000,1526410000
3,15,3,72,24228300000,59,0,51179,0.33,28,3,8239280,7,87840500,1527310000
5,19,3,79,24227700000,530,0,51658,0.21,28,5,8293160,7,92956300,1528270000
5,19,3,79,24227000000,997,0,51964,0.08,29,5,8269690,7,81198100,1529370000
1,19,2,78,24226500000,679,0.355872,52242,0.03,29,1,8633870,7,117490000,1529880000
2,21,3,76,24226000000,148,0,52523,0.1,29,2,8281290,5,87219600,1530540000
2,21,3,74,24225400000,160,0,52900,0.19,29,2,8204220,5,98042600,1530960000
2,25,4,80,24224800000,196,0,53349,0.11,29,2,8573220,6,120557000,1532050000
1,29,3,86,24224100000,351,0,53789,0.3,29,1,8305100,6,106966000,1533010000
0,29,3,74,24223400000,351,0,54167,0.11,29,0,8212380,6,88200700,1533420000
3,24,3,115,24222900000,171,0,54560,0.16,29,3,8343710,5,116955000,1534580000
1,24,4,114,24222100000,234,0.440529,55002,0.33,29,1,8372680,5,121053000,1535080000
4,28,5,82,24220900000,180,0,55456,0.35,29,4,8254670,6,96573600,1536560000
4,24,4,75,24220100000,755,0,55863,0.29,29,5,8308510,6,101027000,1537660000
0,24,3,78,24219500000,387,0.292398,56201,0.3,29,0,8509890,6,103981000,1538360000
3,24,3,75,24218900000,95,0,56543,0.21,29,3,8186510,5,114362000,1539020000
1,27,3,77,24218200000,393,0.253807,56950,0.17,29,1,8350570,5,118079000,1539680000
2,25,4,115,24217500000,247,0,57344,0.16,29,2,8332780,5,124167000,1540530000
1,25,4,73,24216800000,200,0,57770,0.23,29,1,8159760,5,105387000,1541200000
3,28,4,80,24215900000,272,0,58177,0.35,29,3,8351290,5,109858000,1542530000
3,24,4,77,24215000000,561,0.558659,58566,0.29,29,4,8349710,5,125342000,1543330000
1,24,3,74,24214500000,162,0,58924,0.24,29,1,8339400,5,93852700,1543670000
1,25,3,75,24214000000,164,0,59322,0.09,29,1,8239000,5,101780000,1544340000
0,21,8,111,24213100000,254,0.246914,59723,0.27,29,0,8374710,5,105098000,1546570000
2,24,4,110,24212200000,103,0,60128,0.23,29,2,8251810,5,128654000,1549980000
3,23,4,78,24211200000,329,0.529101,60555,0.09,29,3,8268370,5,125623000,1551340000
1,21,3,72,24210500000,197,0,60933,0.14,29,1,8358730,5,105989000,1554100000
2,21,4,72,24209800000,79,0,61333,0.23,29,2,8319280,5,134235000,1554780000
3,26,3,82,24209200000,245,0,61798,0.16,29,3,8367690,7,114411000,1555870000
2,26,5,115,24208100000,464,0.251889,62217,0.06,29,3,8393200,7,129937000,1559120000
1,31,4,124,24207200000,477,0.257069,62614,0.19,29,1,8467270,8,133228000,1561760000
6,31,3,86,24206300000,606,0.30303,63003,0.48,29,6,8003830,8,117424000,1563420000
5,36,3,91,24205600000,614,0.27933,63333,0.29,30,5,8597500,8,133694000,1565300000
4,36,4,87,24204600000,771,0.552486,63691,0.35,30,4,8392450,8,83709500,1571200000
4,41,4,91,24203400000,424,0,64053,0.31,30,4,8370970,8,83954000,1575020000
3,41,3,91,24202600000,571,0.530504,64425,0.31,30,5,8085450,8,83447200,1577760000
8,46,3,92,24201800000,510,0.246305,64802,0.15,30,9,8497530,8,81305600,1579340000
5,46,3,83,24201200000,798,0.759494,65208,0.13,31,6,8291910,7,88673000,1579770000
6,51,6,102,24200300000,926,0.243309,65603,0.2,31,8,8414220,8,118253000,1582010000
4,51,3,131,24199400000,371,0.486618,66014,0.11,31,4,8492210,8,89552400,1582570000
7,56,3,130,24198600000,503,0.821918,66425,0.19,31,8,8274580,8,104056000,1583960000
5,56,3,90,24197800000,1197,1.40845,66790,0.17,32,5,8622110,5,126645000,1585470000
9,61,3,98,24197000000,697,0.52356,67145,0.18,33,10,8200460,6,83385000,1586480000
7,61,3,92,24196400000,806,0.511509,67527,0.07,33,8,8482190,6,110591000,1587150000
5,66,3,97,24195500000,1217,1.26904,67918,0.02,33,6,8631360,6,96975100,1588230000
3,66,3,101,24195000000,881,0.952381,68312,0.12,33,5,8488320,5,106183000,1588930000
8,71,4,101,24194100000,709,0.518135,68732,0.04,33,9,8410140,5,88866400,1589730000
5,71,3,88,24193500000,890,1.8617,69118,0.23,33,5,8443340,5,113135000,1590300000
10,76,4,101,24192600000,1019,0.735294,69494,0.09,34,11,8378740,5,126706000,1592250000
4,76,3,90,24192000000,1403,0.757576,69902,0.26,35,5,8482770,5,114639000,1592760000
6,81,3,99,24191100000,792,0.239808,70298,0.09,35,7,8425690,5,93299900,1593790000
10,81,4,99,24190300000,685,0.777202,70715,0.13,35,10,8254690,5,125629000,1595020000
12,86,4,110,24189300000,1187,1.26263,71101,0.3,35,12,8722590,5,111056000,1596700000
8,86,3,98,24188500000,1282,1.02564,71497,0.11,35,8,8746160,5,104855000,1597600000
11,91,4,103,24187500000,1410,1.52672,71887,0.04,36,12,8347850,5,118560000,1599660000
17,91,2,122,24187000000,1745,3.59281,72280,0.47,39,18,3946400,5,126093000,1602640000
7,96,3,105,24186300000,2513,2.66667,72447,0.21,39,9,6889210,6,101280000,1603560000
16,96,1,124,24186000000,1735,3.0303,72747,0.46,39,18,3092640,6,133409000,1603750000
10,101,3,108,24185200000,2330,3.40909,72879,0.29,39,15,7035730,6,137331000,1605020000
8,101,3,112,24184600000,884,0.932401,73231,0.11,39,9,8800090,5,125118000,1605800000
9,106,3,108,24183700000,1042,0.78329,73660,0.29,39,10,8752270,5,140499000,1605430000
5,106,3,106,24183100000,1139,0.480769,74043,0.34,39,6,8441610,5,130313000,1608720000
12,111,2,99,24182600000,1090,2.29358,74459,0.42,39,12,4751100,5,123836000,1609600000
11,111,3,113,24182000000,780,2.7027,74677,0.41,41,12,5850040,6,154111000,1615720000
13,116,4,114,24181100000,874,0.464037,74973,0.24,41,14,8559220,6,138373000,1614620000
5,116,3,106,24180500000,2500,0.724638,75404,0.59,41,5,8757910,8,135304000,1617920000
9,121,3,121,24179700000,676,0.898876,75818,0.37,43,11,8585810,19,150234000,1621510000
2,121,3,151,24179100000,1196,1.27877,76263,0.28,43,3,8312220,19,125044000,1623020000
9,126,4,122,24178200000,762,1.41844,76654,0.14,43,10,8454460,17,145774000,1624290000
6,126,3,107,24177400000,1046,1.07239,77077,0.12,43,6,8672140,14,148341000,1627950000
1,131,3,94,24176700000,844,1.33333,77450,0.17,43,2,8075480,10,151001000,1628170000
7,131,4,150,24175700000,894,0.477327,77825,0.18,43,7,8761210,12,139275000,1632420000
9,136,4,102,24174900000,919,1.5625,78244,0.06,43,9,7883920,12,99709200,1633150000
3,136,4,92,24174100000,1527,0.519481,78628,0.09,44,5,8452590,13,125648000,1636250000
9,141,4,162,24173100000,955,2.34375,79013,0.62,51,11,8246560,29,87721100,1639420000
4,141,3,176,24172400000,956,1.76322,79397,1.15,51,5,8734890,29,131674000,1639940000
0,146,3,163,24171800000,517,1.02564,79794,0.81,51,0,8245920,27,101377000,1640000000
2,146,3,145,24170700000,793,2.80899,80184,0.98,51,5,8071400,36,114735000,1644020000
9,151,1,121,24170300000,593,2.85714,80540,0.54,51,10,2666660,36,95370300,1646470000
15,151,1,164,24170000000,2145,1.49254,80680,0.73,51,16,2231420,27,91437700,1648170000
5,156,2,125,24169600000,3242,2.5641,80814,0.52,53,10,4448010,42,116235000,1649020000
0,156,3,132,24168800000,1954,0,81009,0.29,53,0,7553690,42,131885000,1648740000
4,161,3,155,24168100000,396,0.649351,81373,0.14,55,4,8541750,58,126954000,1650330000
8,161,4,164,24167300000,577,1.07066,81835,0.26,55,8,8842010,58,106060000,1653020000
8,166,3,212,24166500000,907,0.990099,82302,0.09,55,8,8365500,35,139267000,1651900000
9,166,4,188,24165500000,1183,1.7284,82706,0.29,55,10,8465130,35,131836000,1652640000
7,171,4,167,24164700000,1331,2.94118,83111,0.11,55,10,8592600,45,132918000,1654340000
8,171,4,181,24163800000,883,1.3986,83553,0.04,55,8,8363790,45,112572000,1656010000
7,176,4,155,24162800000,1528,2.02532,83982,0.01,55,9,8118420,50,155464000,1657040000
6,176,4,211,24161700000,982,5.02793,84377,0.01,56,7,8635300,66,138934000,1659620000
10,181,4,192,24160600000,946,1.79028,84735,0.18,56,11,8305620,68,160701000,1661320000
6,181,3,182,24159700000,1406,3.003,85126,0.07,56,7,7841320,72,118486000,1662610000
2,186,3,180,24158800000,992,2.28426,85459,0.02,56,3,8755440,81,166136000,1664270000
6,186,4,198,24157800000,869,1.28535,85853,0.17,56,7,8192550,81,160589000,1666520000
7,191,4,206,24156600000,1084,6.00962,86242,0.1,57,10,8633580,99,140097000,1672100000
3,191,3,193,24155900000,1771,2.24359,86658,0.18,57,3,7779620,99,126492000,1671970000
6,196,3,195,24155100000,1208,1.08932,86970,0.06,57,8,8976370,100,137952000,1673760000
7,196,4,202,24154100000,1198,1.28535,87429,0.12,57,8,8389920,100,141152000,1687630000
4,201,3,208,24153400000,953,1.75824,87818,0.05,57,5,8935090,100,119776000,1690120000
3,201,3,219,24152600000,1060,2.04082,88273,0.51,57,5,8393430,117,114987000,1695900000
4,206,3,229,24152100000,459,1.45631,88714,0.69,57,4,8387820,117,128979000,1695550000
7,206,3,215,24151000000,504,1.54242,89126,0.49,57,8,8399590,117,145611000,1696430000
1,211,2,262,24150400000,1292,2.45614,89515,0.35,57,1,6688380,133,136807000,1696400000
7,211,3,233,24149600000,427,2.73684,89800,0.4,66,10,8549540,133,145257000,1702460000
8,216,3,253,24148800000,1060,1.37931,90275,0.31,66,9,8694880,134,129692000,1704660000
7,216,3,251,24147900000,1086,0.956938,90710,0.19,66,8,8445010,134,123049000,1705800000
2,221,2,239,24147300000,1295,1.69492,91128,0.07,66,3,7834670,141,148878000,1707650000
200,266,0,3353,24146500000,170001,0,91762,0.03,218,200,216970,152,203914000,1844910000
200,300,10,3205,24084700000,6536,96.0478,97626,2.37,218,200,20263400,152,394929000,1829940000
200,300,10,3205,24084700000,6536,96.0478,97626,2.37,218,200,20263400,152,394929000,1829940000
200,300,10,3205,24084700000,6536,96.0478,97626,2.37,218,200,20263400,152,394929000,1829940000
200,300,10,3205,24084700000,6536,96.0478,97626,2.37,218,200,20263400,152,394929000,1829940000
200,300,10,3205,24084700000,6536,96.0478,97626,2.37,218,200,20263400,152,394929000,1829940000
200,300,10,3205,24084700000,6536,96.0478,97626,2.37,218,200,20263400,152,394929000,1829940000
200,300,10,3205,24084700000,6536,96.0478,97626,2.37,218,200,20263400,152,394929000,1829940000
200,300,10,3205,24084700000,6536,96.0478,97626,2.37,218,200,20263400,152,394929000,1829940000
200,300,10,3205,24084700000,6536,96.0478,97626,2.37,218,200,20263400,152,394929000,1829940000
200,300,10,3205,24084700000,6536,96.0478,97626,2.37,218,200,20263400,152,394929000,1829940000
200,300,10,3205,24084700000,6536,96.0478,97626,2.37,218,200,20263400,152,394929000,1829940000
1,300,15,210,24061900000,1355,97.3994,99549,3.22,218,1,29680400,152,422974000,1706240000
200,300,0,992,24060600000,123394,0,102511,0.15,218,200,27310,152,444941000,1612390000
74,205,29,4132,24008400000,174319,95.747,207,7.3,218,200,67801700,152,375056000,1860400000
74,205,29,4132,24008400000,174319,95.747,207,7.3,218,200,67801700,152,375056000,1860400000
74,205,29,4132,24008400000,174319,95.747,207,7.3,218,200,67801700,152,375056000,1860400000
74,205,29,4132,24008400000,174319,95.747,207,7.3,218,200,67801700,152,375056000,1860400000
74,205,29,4132,24008400000,174319,95.747,207,7.3,218,200,67801700,152,375056000,1860400000
74,205,29,4132,24008400000,174319,95.747,207,7.3,218,200,67801700,152,375056000,1860400000
74,205,29,4132,24008400000,174319,95.747,207,7.3,218,200,67801700,152,375056000,1860400000
74,205,29,4132,24008400000,174319,95.747,207,7.3,218,200,67801700,152,375056000,1860400000
74,205,29,4132,24008400000,174319,95.747,207,7.3,218,200,67801700,152,375056000,1860400000
74,205,29,4132,24008400000,174319,95.747,207,7.3,218,200,67801700,152,375056000,1860400000
74,205,29,4132,24008400000,174319,95.747,207,7.3,218,200,67801700,152,375056000,1860400000
74,205,29,4132,24008400000,174319,95.747,207,7.3,218,200,67801700,152,375056000,1860400000
74,205,29,4132,24008400000,174319,95.747,207,7.3,218,200,67801700,152,375056000,1860400000
74,205,29,4132,24008400000,174319,95.747,207,7.3,218,200,67801700,152,375056000,1860400000
74,205,29,4132,24008400000,174319,95.747,207,7.3,218,200,67801700,152,375056000,1860400000
74,205,29,4132,24008400000,174319,95.747,207,7.3,218,200,67801700,152,375056000,1860400000
74,205,29,4132,24008400000,174319,95.747,207,7.3,218,200,67801700,152,375056000,1860400000
74,205,29,4132,24008400000,174319,95.747,207,7.3,218,200,67801700,152,375056000,1860400000
74,205,29,4132,24008400000,174319,95.747,207,7.3,218,200,67801700,152,375056000,1860400000
74,205,29,4132,24008400000,174319,95.747,207,7.3,218,200,67801700,152,375056000,1860400000
74,205,29,4132,24008400000,174319,95.747,207,7.3,218,200,67801700,152,375056000,1860400000
74,205,29,4132,24008400000,174319,95.747,207,7.3,218,200,67801700,152,375056000,1860400000
74,205,29,4132,24008400000,174319,95.747,207,7.3,218,200,67801700,152,375056000,1860400000
6,205,19,214,23980000000,1384,94.3352,6532,3.74,218,6,40172400,152,246113000,1846390000
4,200,2,212,23978400000,970,98.6577,9939,1.4,135,4,1537760,152,325194000,1727190000
71,195,0,278,23976900000,3724,0,10223,0.35,114,71,322542,152,280369000,1637450000
71,195,0,278,23976900000,3724,0,10223,0.35,114,71,322542,152,280369000,1637450000
117,195,0,325,23976800000,8,0,10249,0.13,137,117,105479,152,307371000,1639300000
200,170,0,950,23976700000,140940,0,10306,0,218,200,0,152,254685000,1654420000
200,130,0,1566,23976500000,112128,0,10359,0.05,218,200,0,152,282239000,1661710000
200,47,0,1803,23976000000,106767,0,10560,0.05,218,200,0,152,312605000,1672790000
200,47,0,1803,23976000000,106767,0,10560,0.05,218,200,0,152,312605000,1672790000
200,47,0,1803,23976000000,106767,0,10560,0.05,218,200,0,152,312605000,1672790000
200,47,0,1803,23976000000,106767,0,10560,0.05,218,200,0,152,312605000,1672790000
200,47,0,1803,23976000000,106767,0,10560,0.05,218,200,0,152,312605000,1672790000
200,47,0,1803,23976000000,106767,0,10560,0.05,218,200,0,152,312605000,1672790000
200,47,0,1803,23976000000,106767,0,10560,0.05,218,200,0,152,312605000,1672790000
200,47,0,1803,23976000000,106767,0,10560,0.05,218,200,0,152,312605000,1672790000
200,47,0,1803,23976000000,106767,0,10560,0.05,218,200,0,152,312605000,1672790000
200,47,0,1803,23976000000,106767,0,10560,0.05,218,200,0,152,312605000,1672790000
200,47,0,1803,23976000000,106767,0,10560,0.05,218,200,0,152,312605000,1672790000
200,47,0,1803,23976000000,106767,0,10560,0.05,218,200,0,152,312605000,1672790000
200,47,0,1803,23976000000,106767,0,10560,0.05,218,200,0,152,312605000,1672790000
200,47,0,1803,23976000000,106767,0,10560,0.05,218,200,0,152,312605000,1672790000
200,47,0,1803,23976000000,106767,0,10560,0.05,218,200,0,152,312605000,1672790000
200,47,0,1803,23976000000,106767,0,10560,0.05,218,200,0,152,312605000,1672790000
200,47,0,1803,23976000000,106767,0,10560,0.05,218,200,0,152,312605000,1672790000
200,47,0,1803,23976000000,106767,0,10560,0.05,218,200,0,152,312605000,1672790000
200,47,0,1803,23976000000,106767,0,10560,0.05,218,200,0,152,312605000,1672790000
200,47,0,1803,23976000000,106767,0,10560,0.05,218,200,0,152,312605000,1672790000
200,47,0,1803,23976000000,106767,0,10560,0.05,218,200,0,152,312605000,1672790000
200,47,0,1803,23976000000,106767,0,10560,0.05,218,200,0,152,312605000,1672790000
200,47,0,1803,23976000000,106767,0,10560,0.05,218,200,0,152,312605000,1672790000
200,47,0,1803,23976000000,106767,0,10560,0.05,218,200,0,152,312605000,1672790000
200,47,0,1803,23976000000,106767,0,10560,0.05,218,200,0,152,312605000,1672790000
200,47,0,1803,23976000000,106767,0,10560,0.05,218,200,0,152,312605000,1672790000
200,47,0,1803,23976000000,106767,0,10560,0.05,218,200,0,152,312605000,1672790000
200,47,0,1803,23976000000,106767,0,10560,0.05,218,200,0,152,312605000,1672790000
200,47,0,1803,23976000000,106767,0,10560,0.05,218,200,0,152,312605000,1672790000
200,47,0,1803,23976000000,106767,0,10560,0.05,218,200,0,152,312605000,1672790000
200,47,0,1803,23976000000,106767,0,10560,0.05,218,200,0,152,312605000,1672790000
2,43,7,262,23965000000,887097,92.029,10560,0.05,218,2,15854100,152,253152000,1698960000
2,43,0,210,23964600000,887097,92.029,11802,0.05,28,2,221,152,292879000,1675650000
2,42,0,210,23964200000,887097,92.029,11802,0.05,28,2,214,152,327711000,1654480000
2,42,0,210,23963800000,887097,92.029,11802,0.02,28,2,214,152,361036000,1654380000
2,43,0,210,23963800000,887097,92.029,11802,0.01,28,2,214,152,376322000,1644200000
3,43,0,211,23963800000,887097,92.029,11802,0,28,3,213,152,266726000,1644510000
3,39,0,211,23963800000,887097,92.029,11802,0,28,3,213,152,279460000,1644500000
3,39,0,211,23963800000,887097,92.029,11802,0,28,3,212,152,293356000,1644500000
3,43,0,211,23963800000,887097,92.029,11802,0,28,3,213,152,306269000,1644470000
7,43,0,215,23963800000,887097,92.029,11802,0,28,7,213,152,319789000,1644630000
6,39,0,213,23963700000,4785490,100,11803,0,28,6,0,152,348106000,1644550000
6,39,0,213,23963700000,4785490,100,11803,0,28,6,0,152,348106000,1644550000
6,42,0,214,23963700000,4785490,100,11803,0,28,6,402,152,362509000,1644610000
9,42,0,217,23963700000,4785490,100,11803,0,29,9,202,152,376026000,1644720000
9,39,0,217,23963700000,4785490,100,11803,0.2,28,9,203,152,266049000,1644670000
9,39,0,217,23963700000,4785490,100,11803,0.07,29,9,202,152,279302000,1644790000
9,40,0,217,23963700000,4785490,100,11803,0.07,29,9,203,152,293002000,1644790000
10,40,0,218,23963600000,4785490,100,11803,0.03,29,10,204,152,307359000,1644950000
10,43,0,218,23963600000,4785490,100,11803,0.01,29,10,205,152,320068000,1644960000
13,43,0,221,23963600000,4785490,100,11803,0,32,13,206,152,334525000,1645260000
13,39,0,221,23963600000,4785490,100,11803,0,32,13,204,152,347748000,1645320000
13,39,0,221,23963600000,4785490,100,11803,0,32,13,203,152,361106000,1645310000
13,42,0,221,23963600000,4785490,100,11803,0,32,13,203,152,374666000,1645340000
16,42,0,224,23963500000,4785490,100,11803,0,35,16,199,152,261441000,1645760000
16,45,0,224,23963500000,4785490,100,11803,0,35,16,203,152,275225000,1645800000
19,45,0,227,23963500000,4785490,100,11803,0.07,38,19,203,152,290236000,1646350000
19,43,0,227,23963500000,4785490,100,11803,0.06,38,19,204,152,302703000,1647410000
19,43,0,227,23963500000,4785490,100,11803,0.06,38,19,202,152,316986000,1649540000
19,44,0,227,23963400000,4785490,100,11803,0.11,38,19,203,152,331108000,1650070000
20,44,0,228,23963400000,4785490,100,11803,0.04,39,20,202,152,344660000,1650730000
20,42,0,228,23963400000,4785490,100,11803,0.08,39,20,202,152,357948000,1650960000
20,42,0,228,23963400000,4785490,100,11803,0.03,39,20,204,152,371883000,1651430000
20,42,0,228,23963400000,4785490,100,11803,0.01,39,20,201,152,384882000,1651680000
20,42,0,228,23963400000,4785490,100,11803,0,39,20,203,152,272641000,1652540000
20,39,0,228,23963400000,4785490,100,11803,0.08,39,20,202,152,285740000,1654700000
20,39,0,228,23963300000,4785490,100,11803,0.03,39,20,202,152,299760000,1654700000
20,37,0,228,23963300000,4785490,100,11803,0.09,39,20,202,152,313927000,1655620000
20,37,0,228,23963300000,4785490,100,11803,0.09,39,20,200,152,327104000,1657560000
20,38,0,228,23963300000,4785490,100,11803,0.03,39,20,203,152,341124000,1670300000
21,38,0,229,23963300000,4785490,100,11803,0.01,40,21,203,152,361928000,1684900000
21,39,0,229,23963300000,4785490,100,11803,0,40,21,202,152,375384000,1693140000
21,39,0,229,23963300000,1294210,0,11803,0.09,41,21,41160,152,389392000,1709220000
21,39,0,229,23963300000,1294210,0,11804,0.06,40,21,202,152,276577000,1722760000
21,39,0,229,23963300000,1294210,0,11804,0.02,40,21,200,152,290020000,1736880000
21,41,0,229,23963200000,1294210,0,11804,0.01,40,21,199,152,303828000,1750570000
23,41,0,231,23963200000,1294210,0,11804,0.22,42,23,201,152,317528000,1763110000
23,39,0,231,23963200000,1294210,0,11804,0.3,42,23,201,152,332083000,1777440000
23,39,0,231,23963200000,1294210,0,11804,0.78,42,23,200,152,345451000,1784800000
23,43,0,231,23963200000,1294210,0,11804,0.35,42,23,199,152,358980000,1787710000
27,43,0,235,23963200000,1294210,0,11804,0.13,46,27,201,152,373923000,1791210000
27,47,0,235,23963200000,1294210,0,11804,0.05,46,27,202,152,386991000,1791990000
32,47,0,241,23963100000,1294210,0,11804,0.02,52,32,201,152,275071000,1795200000
32,50,0,240,23963100000,1294210,0,11804,0.01,51,32,201,152,289549000,1797370000
35,50,0,243,23963100000,1294210,0,11804,0,54,35,200,152,304233000,1800470000
35,50,0,243,23963100000,1294210,0,11804,0,54,35,200,152,318016000,1802510000
35,50,0,243,23963000000,1294210,0,11804,0,54,35,201,152,332425000,1803600000
35,49,0,243,23963000000,1294210,0,11804,0.14,54,35,199,152,345669000,1803600000
35,49,0,243,23963000000,1294210,0,11804,0.05,54,35,201,152,359721000,1803560000
35,48,0,243,23963000000,1294210,0,11804,0.02,54,35,202,152,373943000,1803600000
35,48,0,243,23963000000,1294210,0,11804,0.01,54,35,202,152,388265000,1803560000
35,52,0,243,23963000000,1294210,0,11804,0,54,35,202,152,275685000,1803690000
39,52,0,247,23963000000,1294210,0,11804,0,58,39,201,152,290260000,1804040000
39,48,0,247,23962900000,1294210,0,11804,0.08,58,39,199,152,304479000,1804200000
39,48,0,247,23962900000,1294210,0,11804,0.03,58,39,202,152,318199000,1804210000
39,52,0,247,23962900000,1294210,0,11804,0.05,58,39,199,152,332737000,1809730000
43,52,0,251,23962900000,1294210,0,11804,0.02,62,43,202,152,347715000,1810370000
43,51,0,251,23962900000,1294210,0,11804,0.01,62,43,202,152,361956000,1810320000
43,51,0,251,23962900000,1294210,0,11804,0,62,43,202,152,376500000,1810350000
43,50,0,251,23962800000,1294210,0,11804,0,62,43,199,152,390196000,1810480000
43,50,0,251,23962800000,1294210,0,11804,0,62,43,200,152,277299000,1810460000
43,48,0,250,23962800000,1294210,0,11804,0,61,43,0,152,306369000,1810530000
43,48,0,250,23962800000,1294210,0,11804,0,62,43,199,152,320035000,1812250000
43,47,0,250,23962800000,1294210,0,11804,0,62,43,199,152,320035000,1812250000
43,47,0,251,23962800000,1294210,0,11804,0,63,43,402,152,334904000,1812250000
43,47,0,251,23962800000,1294210,0,11804,0,62,43,201,152,349472000,1812230000
43,47,0,251,23962800000,1294210,0,11804,0,62,43,201,152,362883000,1812410000
43,47,0,251,23962700000,1294210,0,11804,0,62,43,201,152,377079000,1812390000
43,47,0,250,23962700000,1294210,0,11804,0,61,43,0,152,278346000,1812430000
43,47,0,250,23962700000,1294210,0,11804,0,61,43,0,152,278346000,1812430000
43,47,0,251,23962700000,1294210,0,11804,0,63,43,398,152,292892000,1812710000
43,43,0,251,23962700000,1294210,0,11804,0,62,43,199,152,306887000,1812550000
43,43,0,251,23962700000,1294210,0,11804,0,62,43,201,152,321309000,1812570000
43,46,0,251,23962700000,1294210,0,11804,0,62,43,201,152,335121000,1812770000
43,46,0,251,23962700000,1294210,0,11804,0,62,43,201,152,363130000,1812970000
46,46,0,254,23962700000,1294210,0,11804,0,66,46,200,152,377884000,1813790000
46,46,0,254,23962700000,1294210,0,11804,0,65,46,199,152,272203000,1813990000
44,44,0,252,23962600000,1568850,0,11804,0.08,65,44,82120,152,287313000,1814020000
0,44,0,208,23961700000,2897720,97.7273,11806,0.03,63,0,1233030,152,385966000,1815110000
0,44,0,208,23961300000,2897720,97.7273,11850,0.01,28,0,217,152,289278000,1811190000
0,44,0,208,23960900000,2897720,97.7273,11850,0,28,0,209,152,322985000,1810800000
0,44,0,208,23960800000,2897720,97.7273,11850,0,28,0,208,152,343722000,1811040000
0,46,0,208,23960800000,2897720,97.7273,11850,0,28,0,211,152,357422000,1811000000
2,46,0,210,23960800000,2897720,97.7273,11850,0,28,2,0,152,384769000,1811020000
2,42,0,210,23960800000,2897720,97.7273,11850,0,28,2,0,152,384769000,1811020000
2,42,0,210,23960800000,1,100,11850,0,28,2,608,152,274179000,1811150000
2,42,0,210,23960700000,1,100,11851,0,28,2,192,152,287991000,1811420000
2,42,0,210,23960700000,1,100,11851,0,28,2,194,152,301933000,1811550000
2,38,0,210,23960700000,1,100,11851,0,28,2,195,152,315537000,1811680000
2,38,0,210,23960700000,1,100,11851,0,28,2,195,152,328624000,1811670000
2,34,0,210,23960700000,1,100,11851,0,28,2,194,152,341344000,1811670000
2,34,0,210,23960700000,1,100,11851,0,28,2,194,152,354779000,1811750000
2,37,0,210,23960700000,1,100,11851,0,28,2,195,152,368370000,1811780000
5,37,0,213,23960700000,1,100,11851,0,28,5,195,152,382754000,1811780000
5,33,0,213,23960700000,1,100,11851,0,28,5,193,152,395355000,1811780000
5,33,0,213,23960600000,1,100,11851,0,28,5,193,152,286232000,1811840000
5,34,0,213,23960600000,1,100,11851,0,28,5,195,152,298696000,1811890000
6,34,0,214,23960600000,1,100,11851,0,28,6,195,152,313050000,1811870000
6,36,0,214,23960600000,1,100,11851,0.13,28,6,195,152,326057000,1812030000
8,36,0,216,23960600000,1,100,11851,0.05,28,8,194,152,340403000,1812030000
8,36,0,216,23960600000,1,100,11851,0.02,28,8,195,152,367059000,1812050000
8,36,0,215,23960500000,1,100,11851,0.01,28,8,0,152,367059000,1812160000
8,32,0,216,23960500000,1,100,11851,0,28,8,385,152,379783000,1812200000
8,32,0,216,23960500000,1,100,11851,0,28,8,194,152,399939000,1812310000
8,31,0,216,23960500000,1,100,11851,0.05,28,8,195,152,285640000,1812340000
8,31,0,216,23960500000,1,100,11851,0.02,28,8,196,152,305917000,1812340000
7,27,0,215,23960500000,1391220,0,11851,0.01,28,7,41156,152,318948000,1812480000
7,27,0,215,23960400000,1391220,0,11852,0,28,7,202,152,333230000,1812610000
6,23,0,214,23960400000,1511300,0,11852,0,28,6,41159,152,346399000,1812570000
6,23,0,214,23960400000,1511300,0,11853,0,28,6,201,152,360470000,1812540000
6,26,0,214,23960400000,1511300,0,11853,0,28,6,198,152,373469000,1812570000
9,26,0,217,23960400000,1511300,0,11853,0,29,9,199,152,387651000,1812760000
9,29,0,217,23960400000,1511300,0,11853,0.05,28,9,198,152,400980000,1812710000
12,29,0,220,23960400000,1511300,0,11853,0.02,31,12,200,152,295817000,1812960000
12,29,0,220,23960400000,1511300,0,11853,0.01,31,12,202,152,308822000,1812960000
12,29,0,220,23960300000,1511300,0,11853,0,31,12,202,152,322977000,1813100000
11,32,0,219,23960300000,1390150,0,11853,0,31,11,41161,152,336354000,1813100000
14,32,0,222,23960300000,1390150,0,11854,0,33,14,202,152,351584000,1813390000
14,28,0,222,23960300000,1390150,0,11854,0,33,14,200,152,364967000,1813480000
14,28,0,222,23960300000,1390150,0,11854,0,33,14,201,152,385611000,1813580000
14,25,0,222,23960200000,1390150,0,11854,0,33,14,200,152,398546000,1813550000
14,25,0,222,23960200000,1390150,0,11854,0,34,14,200,152,299978000,1813820000
13,26,0,221,23960200000,1750750,0,11854,0.08,33,13,41160,152,312825000,1813840000
15,26,0,223,23960200000,1750750,0,11855,0.03,34,15,203,152,334884000,1813980000
13,26,0,221,23960200000,1750450,0,11855,0.64,34,13,82120,152,347871000,1813950000
13,26,0,221,23960200000,1750450,0,11857,0.52,32,13,201,152,362370000,1813700000
12,24,0,220,23960100000,1630040,0,11857,0.19,32,12,41162,152,375823000,1813810000
13,24,0,221,23960100000,1630040,0,11858,0.11,32,13,203,152,390948000,1813700000
13,28,0,221,23960100000,1630040,0,11858,0.04,32,13,202,152,403228000,1813860000
17,28,0,225,23960100000,1630040,0,11858,0.02,36,17,202,152,291624000,1814340000
18,31,0,226,23960100000,1630040,0,11858,0.01,38,18,201,152,305124000,1814500000
21,31,0,229,23960000000,1630040,0,11858,0,40,21,202,152,327154000,1814880000
21,27,0,229,23960000000,1630040,0,11858,0,40,21,201,152,340408000,1814880000
21,27,0,230,23960000000,1630040,0,11858,0,40,21,200,153,354710000,1814990000
20,30,0,229,23960000000,2110440,0,11858,0,40,20,41161,153,368117000,1815130000
23,30,0,232,23960000000,2110440,0,11859,0,42,23,202,153,383876000,1815230000
23,31,0,235,23959900000,2110440,0,11859,0,42,23,200,156,397763000,1815500000
24,31,0,239,23959900000,2110440,0,11859,0,43,24,201,159,286706000,1815610000
24,31,0,241,23959900000,2110440,0,11859,0,43,24,200,161,302252000,1815740000
24,31,0,245,23959800000,2110440,0,11859,0,43,24,201,165,317402000,1815740000
24,29,0,245,23959800000,2110440,0,11859,0,43,24,201,165,330905000,1815900000
24,29,0,245,23959800000,2110440,0,11859,0,43,24,200,165,345734000,1815870000
24,30,0,245,23959700000,2110440,0,11859,0,43,24,201,165,360859000,1816010000
0,30,0,221,23959100000,1102430,100,11859,0.08,43,0,665265,165,297321000,1817330000
0,26,0,221,23958700000,1102430,100,11884,0.03,28,0,204,165,333333000,1816100000
0,26,0,222,23958600000,1102430,100,11884,0.01,28,0,202,166,355710000,1815810000
0,23,0,223,23958600000,1102430,100,11884,0.05,28,0,202,167,368485000,1816050000
0,23,0,224,23958600000,1102430,100,11884,0.02,28,0,202,168,383259000,1816430000
0,23,0,228,23958600000,1102430,100,11884,0.01,28,0,201,172,398562000,1816280000
0,23,0,230,23958600000,1102430,100,11884,0,28,0,202,174,287056000,1816240000
0,19,0,237,23958600000,1102430,100,11884,0,28,0,201,181,305038000,1815370000
0,19,0,238,23958600000,1102430,100,11884,0,28,0,199,182,311081000,1815150000
0,15,0,193,23958600000,1102430,100,11884,0,28,0,0,138,321026000,1812920000
0,15,0,193,23958600000,1102430,100,11884,0,28,0,0,138,321026000,1812920000
0,14,0,194,23958600000,1102430,100,11884,0,28,0,392,138,326002000,1812580000
0,14,0,194,23958500000,1102430,100,11884,0,28,0,197,138,330735000,1812710000
0,14,0,194,23958500000,1102430,100,11884,0,28,0,199,138,336039000,1811720000
0,14,0,194,23958500000,1102430,100,11884,0,28,0,198,138,340753000,1811430000
0,15,0,194,23958500000,1102430,100,11884,0,28,0,198,138,345489000,1811370000
0,15,0,197,23958300000,19,0,11884,0.14,28,0,1172400,140,403391000,1811820000
0,16,0,197,23958300000,13,0,11930,0.05,28,0,872887,140,298976000,1811790000
1,16,1,198,23958000000,17,0,11986,0.02,28,1,3028810,140,372165000,1813240000
0,15,1,196,23957900000,13,0,12087,0.01,28,0,1890060,140,398710000,1813410000
0,15,1,197,23957800000,14,0,12200,0,28,0,2767040,140,298938000,1813540000
0,13,1,198,23957500000,16,0,12313,0,28,0,1985810,140,393101000,1813790000
0,13,1,197,23957300000,14,0,12425,0,28,0,2036180,140,317177000,1814160000
0,13,1,197,23957000000,16,0,12538,0,28,0,2050110,140,307103000,1814710000
0,13,1,196,23956900000,13,0,12650,0.06,28,0,2865300,139,336990000,1815010000
0,13,1,196,23956800000,12,0,12761,0.02,28,0,2515970,139,371025000,1815160000
0,13,1,196,23956700000,13,0,12873,0.01,28,0,2127710,139,401232000,1815910000
0,14,1,197,23956400000,16,0,12987,0,28,0,2126080,140,384129000,1816330000
0,14,1,197,23956000000,14,0,13100,0.12,28,0,3290520,140,361584000,1816750000
0,13,2,198,23955500000,15,0,13260,0.11,28,0,3333750,140,383735000,1817470000
0,18,1,198,23955200000,13,0,13431,0.04,28,0,4487020,140,353500000,1818160000
1,23,3,199,23954000000,89,0,13600,0.05,28,1,7560040,142,402912000,1819930000
1,28,3,203,23952800000,106,0,13893,0.02,28,1,8377020,142,312196000,1822000000
0,33,3,211,23951700000,280,0,14280,0.06,29,0,8490580,143,336972000,1824420000
1,38,3,215,23950600000,528,0.26455,14678,0.02,29,2,8283440,143,356363000,1826250000
4,43,3,216,23949400000,647,0.576369,15056,0.01,29,4,8389210,142,404590000,1828210000
7,48,3,216,23948500000,826,0.283286,15403,0,29,8,8130180,141,394654000,1830090000
7,53,3,223,23947600000,1033,1.08108,15756,0,35,8,8628120,142,359391000,1832860000
5,58,3,215,23946600000,1461,0.564972,16126,0.04,35,6,8522760,142,352270000,1834220000
6,63,3,222,23945600000,921,0.626959,16480,0.01,35,6,8511930,141,356237000,1836510000
7,68,3,235,23944600000,1650,0.615385,16799,0.07,35,9,8360490,149,330598000,1838120000
3,73,3,226,23943800000,1169,0.540541,17124,0.16,35,4,8835600,149,403932000,1839470000
7,78,3,233,23942800000,1044,0.795756,17494,0.17,35,7,8488830,144,395050000,1841430000
10,83,2,230,23942200000,1320,0.606061,17871,0.17,36,11,8203520,144,390863000,1843060000
3,88,3,231,23941500000,1752,1.85185,18201,0.06,36,7,8857500,142,324041000,1844730000
11,93,3,236,23940500000,1004,1.75953,18579,0.09,36,13,8324120,142,302328000,1846780000
14,98,3,241,23939600000,1427,1.19617,18920,0.16,41,15,8748400,146,407199000,1849030000
8,103,3,240,23938700000,1632,0.761421,19338,0.21,41,10,8829940,146,379817000,1850550000
7,108,3,243,23937900000,1074,0.485437,19732,0.08,41,8,8612820,143,306630000,1851850000
5,113,2,240,23937100000,1688,1.79487,20144,0.03,41,10,8467180,147,340719000,1853370000
5,118,2,279,23936300000,1368,1.58228,20534,0.01,41,7,8386450,147,340719000,1854320000
9,123,3,262,23934400000,2038,1.40056,21195,0.29,41,11,8755790,150,344040000,1858220000
9,128,3,262,23934400000,2038,1.40056,21195,0.29,41,11,8755790,150,344040000,1858220000
11,133,3,254,23933400000,1204,1.53846,21552,0.14,41,13,8651620,150,349012000,1859630000
8,138,3,254,23932600000,1358,1.04712,21942,0.05,43,8,8751270,158,410394000,1861150000
8,143,3,249,23930800000,1023,1.05541,22711,0.33,45,9,8531240,158,349910000,1846650000
8,148,3,249,23930800000,1023,1.05541,22711,0.33,45,9,8531240,158,349910000,1846650000
12,153,3,260,23929800000,864,0.286533,23090,0.18,45,12,8554800,156,357974000,1849310000
6,158,3,257,23929000000,1681,0.455581,23439,0.27,47,7,8910220,158,432295000,1851380000
9,163,3,269,23928100000,925,0.219298,23878,0.1,47,10,8849650,158,420065000,1853080000
12,168,3,278,23927100000,1036,0.765306,24334,0.04,51,13,8512520,160,399631000,1854280000
11,173,2,298,23925400000,1482,0.857143,25166,0,62,11,7834060,173,423477000,1857860000
8,178,3,281,23924500000,960,1.44928,25516,0,62,8,8455500,173,395211000,1859670000
1,183,2,298,23923900000,1396,3.46821,25930,0.49,62,1,7594330,185,422587000,1859390000
5,188,3,299,23922900000,529,1.2987,26276,0.18,64,6,7790900,201,392903000,1862370000
8,193,3,314,23921700000,620,2.76382,26661,0.07,64,9,8129120,201,322566000,1847570000
4,198,3,280,23920600000,1205,2.49377,27059,0.48,64,5,8587460,191,376759000,1849670000
8,203,4,304,23919300000,774,2.73684,27460,0.29,64,8,9356430,204,410945000,1852870000
11,208,4,385,23918300000,1126,1.90476,27935,0.93,65,13,8871220,239,336019000,1856850000
11,213,3,363,23917000000,988,7.53247,28355,0.65,65,11,8424810,239,186982000,1857170000
2,218,2,318,23916200000,1278,2.48447,28740,0.28,65,2,7579890,233,231035000,1856660000
14,223,3,435,23915000000,915,3.02267,29062,0.8,68,15,8294150,278,274096000,1860100000
15,228,2,395,23914300000,1605,3.79747,29459,1.21,68,15,7111400,278,193663000,1860960000
3,233,3,386,23913300000,939,4.11765,29775,0.45,68,3,8493230,278,193017000,1845020000
120,238,2,460,23912500000,1479,5.80357,30115,0.16,142,120,4925410,283,217030000,1855720000
198,243,1,590,23912300000,34441,8.13953,30339,0.31,218,200,1695830,283,286918000,1845800000
197,258,1,806,23912000000,95681,8.43373,30502,0.07,218,200,1525350,283,260212000,1851760000
200,268,1,1184,23911700000,14396,1.88679,30696,0.15,218,200,937788,283,258570000,1858270000
200,288,1,1763,23911300000,16492,6.06061,30855,0.05,218,200,545790,283,267506000,1846380000
200,288,1,1763,23911300000,16492,6.06061,30855,0.05,218,200,545790,283,267506000,1846380000
198,288,4,1037,23905100000,137392,96.4589,30888,3.41,218,200,8382100,283,211869000,1862640000
200,288,1,1763,23911300000,16492,6.06061,30855,0.05,218,200,545790,283,267506000,1846380000
200,288,1,1763,23911300000,16492,6.06061,30855,0.05,218,200,545790,283,267506000,1846380000
200,288,1,1763,23911300000,16492,6.06061,30855,0.05,218,200,545790,283,267506000,1846380000
198,293,4,1037,23905100000,137392,96.4589,30888,3.41,218,200,8382100,283,211869000,1862640000
198,293,4,1037,23905100000,137392,96.4589,30888,3.41,218,200,8382100,283,211869000,1862640000
47,293,3,398,23899800000,2454,93.9577,31594,1.29,218,47,7504200,283,293895000,1821770000
119,298,1,457,23899700000,28049,0,32256,0.59,138,119,852543,283,331124000,1787960000
158,300,1,499,23899600000,62958,3.92157,32309,0.25,181,159,961021,283,235171000,1786830000
197,300,1,1059,23899300000,146659,6,32464,0.06,218,200,847229,283,334044000,1794670000
200,300,1,1526,23899200000,212903,0,32624,0.13,218,200,757883,283,309016000,1804300000
198,300,1,1826,23899000000,114935,5.26316,32720,0.06,218,200,1011280,283,252985000,1808850000
198,300,1,1826,23899000000,114935,5.26316,32720,0.06,218,200,1011280,283,252985000,1808850000
198,300,1,1826,23899000000,114935,5.26316,32720,0.06,218,200,1011280,283,252985000,1808850000
198,300,1,1826,23899000000,114935,5.26316,32720,0.06,218,200,1011280,283,252985000,1808850000
198,300,1,1826,23899000000,114935,5.26316,32720,0.06,218,200,1011280,283,252985000,1808850000
198,300,1,1826,23899000000,114935,5.26316,32720,0.06,218,200,1011280,283,252985000,1808850000
0,300,5,342,23889300000,41142,95.9449,32777,0.05,218,1,13099500,283,342604000,1833870000
66,300,1,409,23889000000,3128,21.978,34084,0.05,171,66,1464390,283,280192000,1829610000
188,300,1,526,23888900000,2639,0,34175,0.09,207,188,951796,283,313354000,1804040000
199,300,1,584,23888800000,30415,1.63934,34230,0.07,218,200,971175,283,343137000,1806070000
198,300,1,763,23888600000,11494,3.92157,34350,0.05,218,200,782762,284,277656000,1808540000
200,300,1,944,23888500000,8644,3.77358,34462,0.05,218,200,935154,284,339075000,1811020000
199,300,1,1217,23888300000,10892,3.7037,34626,0.13,218,200,1007580,285,308402000,1815330000
199,300,1,1217,23888300000,10892,3.7037,34626,0.13,218,200,1007580,285,308402000,1815330000
199,300,1,1217,23888300000,10892,3.7037,34626,0.13,218,200,1007580,285,308402000,1815330000
199,300,1,1217,23888300000,10892,3.7037,34626,0.13,218,200,1007580,285,308402000,1815330000
199,300,1,1217,23888300000,10892,3.7037,34626,0.13,218,200,1007580,285,308402000,1815330000
39,300,3,381,23883200000,141018,90.9959,34680,0.12,218,40,7747190,285,281595000,1827190000
88,300,1,428,23882400000,5663,46.5753,35413,0.08,200,88,2170920,285,273704000,1827890000
185,300,1,525,23882300000,2581,0,35559,0.13,205,185,1356440,285,315962000,1815670000
199,300,1,710,23882200000,8838,1.6129,35695,0.2,218,200,926650,285,377806000,1816130000
199,300,1,924,23882000000,8510,1.6129,35829,0.07,218,200,1080430,285,314704000,1819710000
199,300,4,1065,23881900000,8766,3.33333,35961,0.01,218,200,985265,285,260533000,1822010000
198,300,1,1115,23881800000,12761,6.75676,36021,0,218,200,1198020,285,295012000,1822500000
198,300,1,1115,23881800000,12761,6.75676,36021,0,218,200,1198020,285,295012000,1822500000
198,300,1,1115,23881800000,12761,6.75676,36021,0,218,200,1198020,285,295012000,1822500000
198,300,1,1115,23881800000,12761,6.75676,36021,0,218,200,1198020,285,295012000,1822500000
1,300,3,346,23877200000,149937,91.172,36095,0.2,218,4,6801070,285,318859000,1831520000
7,300,1,350,23876300000,3556,60.8187,36752,0.1,189,7,2908750,285,337465000,1830190000
127,300,1,475,23876100000,3642,2.53165,36923,0.07,189,127,1972230,285,380230000,1819400000
174,300,1,521,23876000000,8231,1.78571,37002,0.03,199,174,1351430,285,281709000,1818040000
200,300,1,596,23875900000,6386,0,37058,0.01,218,200,1106390,285,313800000,1821380000
198,300,1,906,23875800000,26926,3.84615,37245,0,218,200,1017950,285,280115000,1828290000
198,300,1,1049,23875600000,55001,5.76923,37356,0,218,200,993680,285,340612000,1831120000
198,300,1,1049,23875600000,55001,5.76923,37356,0,218,200,993680,285,340612000,1831120000
198,300,1,1049,23875600000,55001,5.76923,37356,0,218,200,993680,285,340612000,1831120000
198,300,1,1049,23875600000,55001,5.76923,37356,0,218,200,993680,285,340612000,1831120000
175,300,2,517,23872400000,179402,85.9307,37408,0,218,177,5210140,285,297673000,1836770000
107,300,1,447,23870900000,14468,71.8367,37870,1.08,218,107,3171150,285,397552000,1840320000
86,300,1,426,23870100000,35220,57.1429,38115,0.43,179,86,2344270,285,275808000,1832650000
187,300,1,530,23870000000,4487,0,38276,0.16,206,187,1700880,285,322174000,1830930000
199,300,1,700,23869800000,20920,4.41176,38414,0.02,218,200,1185190,285,386528000,1832810000
199,300,1,760,23869800000,17302,2.08333,38482,0.01,218,200,834549,285,293810000,1834250000
195,300,1,893,23869700000,29962,7.93651,38598,0.16,218,200,944874,285,362653000,1836580000
198,300,1,991,23869600000,16110,5.97015,38661,0.06,218,200,1307180,285,403009000,1838800000
198,300,1,991,23869600000,16110,5.97015,38661,0.06,218,200,1307180,285,403009000,1838800000
198,300,1,991,23869600000,16110,5.97015,38661,0.06,218,200,1307180,285,403009000,1838800000
198,300,1,764,23867600000,16045,4.34783,39033,1,218,200,1220840,285,363796000,1841950000
198,300,1,764,23867600000,16045,4.34783,39033,1,218,200,1220840,285,363796000,1841950000
195,300,1,536,23865900000,70679,74.9064,39102,0.4,218,196,2953620,285,355759000,1842140000
200,300,0,972,23865700000,182748,5.40541,39480,0.01,218,200,773889,286,324291000,1841140000
200,300,0,1149,23865600000,316313,5.55556,39565,0.19,218,200,613635,286,370734000,1842750000
199,300,1,1311,23865500000,164180,5.55556,39648,0.03,218,200,737180,286,295922000,1845130000
200,300,1,1574,23865400000,583693,0,39767,0,218,200,687114,286,375104000,1848110000
200,300,1,1574,23865400000,583693,0,39767,0,218,200,687114,286,375104000,1848110000
200,300,1,1574,23865400000,583693,0,39767,0,218,200,687114,286,375104000,1848110000
198,300,1,1464,23863700000,28371,12.6984,40053,0.47,218,200,1171640,286,409311000,1854940000
198,300,1,1464,23863700000,28371,12.6984,40053,0.47,218,200,1171640,286,409311000,1854940000
198,300,1,1464,23863700000,28371,12.6984,40053,0.47,218,200,1171640,286,409311000,1854940000
198,300,1,1464,23863700000,28371,12.6984,40053,0.47,218,200,1171640,286,409311000,1854940000
198,300,1,1464,23863700000,28371,12.6984,40053,0.47,218,200,1171640,286,409311000,1854940000
198,300,1,1464,23863700000,28371,12.6984,40053,0.47,218,200,1171640,286,409311000,1854940000
198,300,1,1464,23863700000,28371,12.6984,40053,0.47,218,200,1171640,286,409311000,1854940000
2,300,4,378,23856900000,15108,89.2291,40116,0.32,218,3,10220800,286,332021000,1858640000
82,300,1,441,23856800000,3077,0,41063,0.19,127,82,1585560,287,374099000,1844920000
85,300,1,442,23856700000,22399,0,41130,0.07,127,85,1903030,287,409770000,1821810000
126,300,1,486,23856600000,63621,1.23457,41208,0.03,178,127,1346340,287,333915000,1827140000
196,300,1,669,23856400000,108536,4.87805,41370,0.03,218,200,1330810,287,424500000,1835320000
198,300,1,662,23856300000,36359,3.61446,41452,0.15,218,200,1527280,287,337939000,1836570000
198,300,1,662,23856300000,36359,3.61446,41452,0.15,218,200,1527280,287,337939000,1836570000
16,300,1,374,23854600000,118088,77.1739,41535,0.05,218,16,3650090,287,339049000,1841240000
16,300,1,358,23853200000,17763,67.4757,41811,0.02,213,16,2813240,287,405948000,1842560000
26,300,1,368,23852400000,11716,50.641,42017,0.01,172,26,2604450,287,406489000,1835830000
160,300,1,511,23852200000,3125,0,42173,0,188,160,1349430,287,323338000,1835500000
194,300,1,942,23852000000,81131,10,42389,0.03,218,200,1431450,287,327511000,1844770000
196,300,1,1229,23851800000,129332,8.10811,42532,0,218,200,1414370,287,405920000,1849240000
196,300,1,1229,23851800000,129332,8.10811,42532,0,218,200,1414370,287,405920000,1849240000
195,300,2,1105,23850100000,167675,77.907,42606,0,218,200,3342390,287,246084000,1853560000
195,300,2,1105,23850100000,167675,77.907,42606,0,218,200,3342390,287,246084000,1853560000
195,300,2,1105,23850100000,167675,77.907,42606,0,218,200,3342390,287,246084000,1853560000
0,300,3,350,23844300000,19994,92.3077,42864,0.29,218,5,8776120,287,175060000,1855240000
47,300,1,435,23843800000,5863,32,43657,0.51,139,47,2327480,287,256497000,1844510000
98,300,1,478,23843700000,13574,1.53846,43757,0.19,136,98,1688960,287,293371000,1824450000
198,300,1,541,23843600000,5782,0,43822,0.07,217,198,1756020,287,204488000,1831860000
194,300,1,837,23843400000,28577,16.6667,44005,0,218,200,1117840,287,183776000,1836670000
196,300,1,871,23843300000,55876,14.7541,44065,0.04,218,200,1378550,287,215377000,1838170000
196,300,1,871,23843300000,55876,14.7541,44065,0.04,218,200,1378550,287,215377000,1838170000
196,300,1,871,23843300000,55876,14.7541,44065,0.04,218,200,1378550,287,215377000,1838170000
196,300,1,601,23841600000,225792,79.6813,44126,0.01,218,200,3365720,287,218636000,1842750000
8,300,2,352,23838800000,36327,85.2713,44377,2.01,218,8,5050760,287,225199000,1846950000
56,300,1,418,23838000000,3538,56.1538,44764,0.74,148,56,2292130,287,222781000,1838940000
170,300,1,520,23837900000,2309,0,44894,0.27,197,170,1189050,287,260027000,1837850000
199,300,1,950,23837700000,8921,8.57143,45094,0.05,218,200,646067,287,258947000,1846000000
200,300,1,1043,23837600000,10044,6.81818,45129,0.06,218,200,924688,287,289432000,1847670000
200,300,1,1043,23837600000,10044,6.81818,45129,0.06,218,200,924688,287,289432000,1847670000
199,300,1,869,23835800000,270157,84.0336,45173,0.02,218,200,2843180,287,294502000,1850830000
199,300,1,869,23835800000,270157,84.0336,45173,0.02,218,200,2843180,287,294502000,1850830000
199,300,1,869,23835800000,270157,84.0336,45173,0.02,218,200,2843180,287,294502000,1850830000
5,300,2,349,23832000000,27563,91.8561,45411,0.01,218,7,5783580,287,202541000,1859730000
86,300,1,429,23830600000,4927,71.6418,45939,0.12,209,86,2703610,287,285900000,1860390000
200,300,1,707,23830400000,76396,2.7027,46173,0.02,218,200,808095,287,226730000,1851970000
199,300,1,1370,23830300000,198382,4.87805,46310,0,218,200,785306,287,225884000,1857700000
199,300,1,1370,23830300000,198382,4.87805,46310,0,218,200,785306,287,225884000,1857700000
200,300,2,1283,23828400000,176167,85.8268,46351,0.05,218,200,3030930,287,244791000,1861840000
200,300,2,1283,23828400000,176167,85.8268,46351,0.05,218,200,3030930,287,244791000,1861840000
200,300,2,1283,23828400000,176167,85.8268,46351,0.05,218,200,3030930,287,244791000,1861840000
200,300,3,1283,23828400000,176167,85.8268,46351,0.05,218,200,3030930,287,211991000,1861840000
200,300,3,702,23823200000,22206,94.5115,46605,0.1,218,200,7531630,287,211991000,1855030000
98,300,2,448,23819400000,4698,85.4167,47516,0.28,218,98,5286110,287,214105000,1841350000
199,300,1,670,23819300000,13718,2.5,47797,0.06,218,200,627983,287,273419000,1824150000
200,300,1,1108,23819100000,98858,0,47950,0.01,218,200,674384,287,253544000,1824510000
200,300,1,1108,23819100000,98858,0,47950,0.01,218,200,674384,287,253544000,1824510000
200,300,1,1108,23819100000,98858,0,47950,0.01,218,200,674384,287,253544000,1824510000
199,300,1,961,23817500000,258405,85,47989,0.06,218,200,2666910,287,250559000,1826410000
199,300,1,961,23817500000,258405,85,47989,0.06,218,200,2666910,287,250559000,1826410000
199,300,1,961,23817500000,258405,85,47989,0.06,218,200,2666910,287,250559000,1826410000
21,300,3,365,23812800000,24873,95.6661,48229,0.02,218,22,6504230,287,275463000,1837740000
47,300,1,394,23811600000,4497,79.8817,48852,0.09,168,47,2009260,287,333018000,1835140000
165,300,1,510,23811400000,2463,0,49021,0.03,186,165,675664,287,234829000,1823540000
200,300,1,959,23811300000,77445,0,49144,0.05,218,200,464990,287,330351000,1829070000
200,300,1,1056,23811300000,98157,0,49170,0.06,218,200,453539,287,235975000,1830360000
200,300,1,1056,23811300000,98157,0,49170,0.06,218,200,453539,287,235975000,1830360000
200,300,1,901,23809600000,259090,85.8369,49201,0.02,218,200,2543460,287,351365000,1833150000
200,300,1,901,23809600000,259090,85.8369,49201,0.02,218,200,2543460,287,351365000,1833150000
200,300,1,901,23809600000,259090,85.8369,49201,0.02,218,200,2543460,287,351365000,1833150000
21,300,3,363,23805000000,27414,95.2769,49434,0.01,218,21,6315140,287,237953000,1845340000
62,300,1,406,23803600000,9376,83.7989,50048,0,202,62,2100350,287,315658000,1846370000
200,300,1,889,23803400000,6416,0,50291,0.29,218,200,537719,287,257988000,1836840000
200,300,1,1441,23803400000,31563,4.7619,50375,0.01,218,200,360727,287,337594000,1843440000
200,300,1,1338,23801700000,295153,88.7931,50396,0.14,218,200,2547140,287,345259000,1846180000
200,300,1,1338,23801700000,295153,88.7931,50396,0.14,218,200,2547140,287,345259000,1846180000
200,300,1,1338,23801700000,295153,88.7931,50396,0.14,218,200,2547140,287,345259000,1846180000
200,300,1,1338,23801700000,295153,88.7931,50396,0.14,218,200,2547140,287,345259000,1846180000
200,300,1,1338,23801700000,295153,88.7931,50396,0.14,218,200,2547140,287,345259000,1846180000
4,300,4,347,23793800000,21218,96.4912,50628,0.05,218,4,10496500,287,289946000,1844510000
102,300,1,449,23793700000,1141,0,51654,0.02,144,102,407836,287,322732000,1834850000
173,300,1,525,23793700000,6577,0,51680,0.01,196,173,420055,287,350255000,1819310000
200,300,1,1055,23793500000,11428,0,51822,0.04,218,200,263165,287,364938000,1826930000
200,300,1,1055,23793500000,11428,0,51822,0.04,218,200,263165,287,364938000,1826930000
200,300,1,1055,23793500000,11428,0,51822,0.04,218,200,263165,287,364938000,1826930000
200,300,1,1055,23793500000,11428,0,51822,0.04,218,200,263165,287,364938000,1826930000
200,300,1,1055,23793500000,11428,0,51822,0.04,218,200,263165,287,364938000,1826930000
200,300,1,1055,23793500000,11428,0,51822,0.04,218,200,263165,287,364938000,1826930000
12,300,3,357,23787900000,127681,96.5616,51842,0.01,218,12,7554650,287,369532000,1839800000
111,300,1,453,23787700000,4410,33.3333,52540,0.01,153,111,487894,287,284518000,1832600000
200,300,0,618,23787600000,11063,0,52591,0,218,200,375072,287,336738000,1829180000
200,300,0,1105,23787500000,4687,0,52671,0.65,218,200,226994,287,315201000,1834240000
200,300,0,1105,23787500000,4687,0,52671,0.65,218,200,226994,287,315201000,1834240000
200,300,0,1105,23787500000,4687,0,52671,0.65,218,200,226994,287,315201000,1834240000
200,300,0,1105,23787500000,4687,0,52671,0.65,218,200,226994,287,315201000,1834240000
200,300,0,1105,23787500000,4687,0,52671,0.65,218,200,226994,287,315201000,1834240000
1,300,3,347,23781500000,118086,96.6843,52685,1.21,218,1,7977820,287,377376000,1847750000
200,300,0,1105,23787500000,4687,0,52671,0.65,218,200,226994,287,315201000,1834240000
124,300,1,466,23781300000,2025,17.5,53439,0.44,143,124,668497,287,301326000,1838510000
200,300,1,1483,23781100000,17618,0,53554,0.03,218,200,80499,287,325852000,1842590000
200,300,1,1458,23779500000,372941,90.4977,53559,0.09,218,200,2409460,287,327654000,1850740000
200,300,1,1458,23779500000,372941,90.4977,53559,0.09,218,200,2409460,287,327654000,1850740000
200,300,1,1458,23779500000,372941,90.4977,53559,0.09,218,200,2409460,287,327654000,1850740000
200,300,1,1458,23779500000,372941,90.4977,53559,0.09,218,200,2409460,287,327654000,1850740000
200,300,1,1458,23779500000,372941,90.4977,53559,0.09,218,200,2409460,287,327654000,1850740000
200,300,1,1458,23779500000,372941,90.4977,53559,0.09,218,200,2409460,287,327654000,1850740000
200,300,5,568,23771500000,6222,95.872,53780,0.66,218,200,10682100,287,383438000,1848590000
130,300,2,472,23769500000,28716,90.5512,54749,0.28,218,130,2957230,287,420259000,1853020000
200,300,1,1173,23769300000,10017,0,55077,0.06,218,200,159437,287,431748000,1836190000
200,300,1,1173,23769300000,10017,0,55077,0.06,218,200,159437,287,431748000,1836190000
200,300,2,1103,23767500000,374580,90.708,55089,0.18,218,200,2685060,287,155670000,1839080000
200,300,2,1103,23767500000,374580,90.708,55089,0.18,218,200,2685060,287,155670000,1839080000
200,300,2,1103,23767500000,374580,90.708,55089,0.18,218,200,2685060,287,155670000,1839080000
200,300,2,1103,23767500000,374580,90.708,55089,0.18,218,200,2685060,287,155670000,1839080000
200,300,2,1103,23767500000,374580,90.708,55089,0.18,218,200,2685060,287,155670000,1839080000
13,300,3,422,23761100000,8603,96.0543,55315,0.1,218,79,8158540,287,251702000,1854990000
64,300,1,409,23760900000,988,42.8571,56126,0.24,124,64,868296,287,195322000,1844260000
199,300,1,1035,23760700000,95081,7.14286,56222,0.07,218,200,208352,287,212268000,1841720000
199,300,1,1035,23760700000,95081,7.14286,56222,0.07,218,200,208352,287,212268000,1841720000
199,300,1,1035,23760700000,95081,7.14286,56222,0.07,218,200,208352,287,212268000,1841720000
199,300,1,1035,23760700000,95081,7.14286,56222,0.07,218,200,208352,287,212268000,1841720000
199,300,1,1035,23760700000,95081,7.14286,56222,0.07,218,200,208352,287,212268000,1841720000
200,300,2,695,23757200000,177980,94.6136,56236,0.4,218,200,4891280,287,190275000,1849340000
200,300,2,695,23757200000,177980,94.6136,56236,0.4,218,200,4891280,287,190275000,1849340000
0,300,2,374,23754200000,8827,95.3488,56663,0.18,218,0,4219340,287,225361000,1857640000
38,300,0,384,23754100000,2180,25,57050,0.07,69,38,395503,287,255758000,1837300000
151,300,0,495,23754000000,1538,0,57074,0.02,170,151,257108,287,281261000,1836900000
200,295,0,1084,23753900000,12018,0,57156,0.01,218,200,159533,287,267553000,1850850000
200,295,0,1084,23753900000,12018,0,57156,0.01,218,200,159533,287,267553000,1850850000
200,295,0,1084,23753900000,12018,0,57156,0.01,218,200,159533,287,267553000,1850850000
200,295,0,1084,23753900000,12018,0,57156,0.01,218,200,159533,287,267553000,1850850000
200,295,0,1084,23753900000,12018,0,57156,0.01,218,200,159533,287,267553000,1850850000
199,295,3,556,23748900000,118896,95.7346,57166,2.44,218,200,6648090,287,207830000,1851680000
65,295,1,410,23747100000,10934,92.0949,57799,0.89,218,65,2674630,287,230427000,1858330000
69,290,2,412,23746100000,9754,85.2174,58052,0.36,140,69,1374710,287,239979000,1821500000
149,290,2,492,23746000000,1776,0,58167,0.13,168,149,242086,287,268179000,1812880000
199,275,1,1080,23745900000,9425,8.33333,58230,0,218,200,184628,287,250298000,1825400000
199,275,1,1080,23745900000,9425,8.33333,58230,0,218,200,184628,287,250298000,1825400000
199,275,1,1080,23745900000,9425,8.33333,58230,0,218,200,184628,287,250298000,1825400000
199,275,1,1080,23745900000,9425,8.33333,58230,0,218,200,184628,287,250298000,1825400000
199,275,1,1080,23745900000,9425,8.33333,58230,0,218,200,184628,287,250298000,1825400000
123,275,3,472,23741000000,119946,96.7742,58242,0,218,123,6577650,287,298514000,1836250000
0,270,2,343,23738800000,15426,93.4708,58862,1.25,218,0,3336700,287,231925000,1843640000
98,270,1,440,23738400000,1435,66.6667,59153,0.46,161,98,713350,287,306254000,1838230000
166,265,1,508,23738400000,1980,0,59207,0.41,185,166,339288,287,202806000,1831880000
200,255,1,1106,23738300000,12014,0,59278,0.05,218,200,86074,287,305677000,1836620000
200,255,1,1106,23738300000,12014,0,59278,0.05,218,200,86074,287,305677000,1836620000
200,250,1,1106,23738300000,12014,0,59278,0.05,218,200,86074,287,305677000,1836620000
200,250,1,1106,23738300000,12014,0,59278,0.05,218,200,86074,287,305677000,1836620000
200,250,1,1106,23738300000,12014,0,59278,0.05,218,200,86074,287,305677000,1836620000
199,250,3,567,23733100000,124144,96.4856,59284,0.09,218,200,7003490,288,248859000,1847100000
93,250,2,436,23730800000,13078,88.2911,59910,0.03,218,93,3588650,288,203077000,1854950000
199,235,1,936,23730600000,24818,7.14286,60291,0,218,200,209708,288,313300000,1844210000
200,230,1,1169,23730600000,12821,0,60326,0,218,200,215226,288,240940000,1847550000
200,230,1,1169,23730600000,12821,0,60326,0,218,200,215226,288,240940000,1847550000
200,230,1,1169,23730600000,12821,0,60326,0,218,200,215226,288,240940000,1847550000
200,230,1,1169,23730600000,12821,0,60326,0,218,200,215226,288,240940000,1847550000
200,230,1,1169,23730600000,12821,0,60326,0,218,200,215226,288,240940000,1847550000
1,230,4,353,23723700000,97460,94.5238,60341,0,218,1,9756000,288,301861000,1839490000
66,230,1,413,23723000000,4935,67.5325,61181,0.83,165,66,1007680,288,269416000,1835740000
113,225,0,463,23723000000,6975,0,61258,0.31,132,113,465152,289,295534000,1815400000
200,220,1,654,23722800000,6834,0,61327,0.04,218,200,560475,289,234713000,1825640000
200,215,1,968,23722700000,30931,0,61415,0.06,218,200,478643,289,312854000,1829180000
200,210,1,968,23722700000,30931,0,61415,0.06,218,200,478643,289,312854000,1829180000
200,215,1,968,23722700000,30931,0,61415,0.06,218,200,478643,289,312854000,1829180000
200,215,1,968,23722700000,30931,0,61415,0.06,218,200,478643,289,312854000,1829180000
0,210,3,346,23718000000,119242,93.3333,61444,0.02,218,0,6690970,289,322389000,1839630000
74,210,1,420,23717700000,2163,25,62029,0.01,137,74,847774,289,255112000,1830960000
166,205,1,514,23717600000,4196,0,62089,0,185,166,616562,289,291581000,1826760000
200,195,1,882,23717500000,3434,0,62199,0,218,200,219892,289,272330000,1833880000
200,195,1,882,23717500000,3434,0,62199,0,218,200,219892,289,272330000,1833880000
200,195,1,882,23717500000,3434,0,62199,0,218,200,219892,289,272330000,1833880000
200,195,1,882,23717500000,3434,0,62199,0,218,200,219892,289,272330000,1833880000
176,195,2,529,23714100000,171033,94.7236,62213,0.72,218,176,4612430,289,231031000,1840130000
60,190,2,404,23711100000,4314,88.6427,62611,2.31,218,60,4352070,289,252188000,1848320000
108,190,1,452,23711100000,2969,0,62972,0.85,149,108,484758,289,285823000,1840520000
180,185,1,525,23710900000,2342,0,63005,0.31,199,180,626645,289,336184000,1836590000
200,175,1,828,23710800000,55263,0,63090,0.16,218,200,59973,289,313141000,1841550000
200,175,1,828,23710800000,55263,0,63090,0.16,218,200,59973,289,313141000,1841550000
200,175,1,828,23710800000,55263,0,63090,0.16,218,200,59973,289,313141000,1841550000
200,175,1,828,23710800000,55263,0,63090,0.16,218,200,59973,289,313141000,1841550000
36,175,3,380,23705600000,113460,92.5801,63094,0.06,218,36,7500220,289,360047000,1853190000
55,170,1,400,23704900000,13985,57.4257,63687,0.02,173,56,1319370,289,345367000,1850290000
124,170,1,468,23704900000,1313,0,63788,0.01,150,124,620938,289,265687000,1839690000
200,165,1,604,23704700000,11146,5,63858,0,218,200,368201,289,341024000,1843750000
200,160,1,745,23704700000,77665,0,63897,0.08,218,200,320317,289,273559000,1846180000
200,160,1,745,23704700000,77665,0,63897,0.08,218,200,320317,289,273559000,1846180000
200,160,1,745,23704700000,77665,0,63897,0.08,218,200,320317,289,273559000,1846180000
167,155,1,697,23702400000,249552,81.5574,63919,0.03,218,200,1103310,289,297583000,1843740000
35,155,3,379,23698700000,5705,85.5037,64163,0.01,218,35,7812120,289,252571000,1858450000
72,150,1,416,23698600000,1511,0,64570,0,155,72,1017800,289,345906000,1850260000
117,150,1,464,23698500000,1921,0,64603,0,136,117,402667,290,257454000,1839140000
179,145,1,524,23698400000,2615,0,64630,0,198,179,505874,290,296887000,1846350000
200,145,1,606,23698300000,71952,0,64696,0,218,200,631366,290,358482000,1848440000
200,140,1,649,23698300000,118717,0,64732,0,218,200,531289,290,263881000,1849370000
200,140,1,649,23698300000,118717,0,64732,0,218,200,531289,290,263881000,1849370000
18,135,2,364,23694700000,123696,84.6348,64763,0.04,218,18,5808700,290,350481000,1856060000
54,135,1,401,23694300000,3798,45.3333,65160,0.01,146,54,1143990,290,294531000,1849670000
89,135,0,434,23694200000,6703,0,65235,0.11,115,89,613701,290,317978000,1850790000
123,130,1,468,23694100000,32786,0,65271,0.08,142,123,668129,290,346059000,1855230000
172,130,1,517,23694100000,5556,0,65308,0.09,191,172,708260,290,371272000,1862000000
200,125,1,559,23694000000,8658,0,65344,0.03,218,200,609187,290,272909000,1849890000
200,125,1,589,23694000000,152131,0,65381,0.01,218,200,609518,290,300690000,1850470000
4,120,2,355,23691800000,126966,87.055,65418,0,218,4,3520840,290,354955000,1854230000
60,120,0,445,23691700000,4917,0,65762,0,114,61,171296,290,270285000,1840700000
82,115,2,472,23691700000,4064,0,65780,0.05,115,83,1530590,290,369137000,1853860000
128,115,1,513,23691600000,2263,0,65801,0.02,148,128,979475,290,273265000,1857630000
146,110,1,495,23691500000,4456,0,65839,0.01,168,146,813542,290,296973000,1860620000
184,110,1,531,23691500000,3276,0,65879,0.06,204,184,840351,290,325719000,1853300000
196,105,1,548,23691400000,4531,0,65918,0.02,219,196,731043,290,352828000,1855620000
1,105,3,351,23689300000,137201,88.6792,65958,0.01,219,1,3411400,290,283191000,1859350000
25,100,1,378,23689200000,3492,0,66276,0,88,25,772798,290,312344000,1843620000
44,100,0,391,23689100000,10949,0,66319,0.05,87,44,676474,290,346566000,1840150000
58,99,1,408,23689100000,4038,0,66355,0.02,87,58,768798,290,261548000,1839980000
74,99,1,422,23689000000,3970,0,66397,0.01,94,74,664896,290,299971000,1841120000
85,98,1,438,23688900000,4222,0,66437,0,113,85,764616,290,338327000,1843700000
1,98,1,350,23687900000,139909,73.7589,66482,0.22,124,1,1817440,290,367172000,1846030000
5,95,1,352,23687500000,4574,52.381,66623,0.08,111,5,1087870,290,314433000,1846080000
20,95,0,370,23687400000,5708,3.22581,66707,0.03,67,20,562136,290,337739000,1841340000
33,94,0,380,23687400000,5209,4.54545,66738,0.01,67,33,321866,290,355522000,1839720000
52,94,0,400,23687400000,3551,5.26316,66760,0.08,73,52,264662,290,375472000,1839890000
65,91,0,412,23687300000,4424,0,66779,0.03,85,65,316534,290,272621000,1841480000
83,91,0,430,23687300000,4077,0,66796,0.16,103,83,259292,290,294616000,1843660000
7,87,1,354,23686500000,148730,83.3333,66812,0.06,115,7,1243570,290,293674000,1846780000
10,87,1,357,23685900000,3625,66.2651,66926,0.02,113,10,1498730,290,261448000,1847610000
19,85,0,367,23685900000,4964,0,67009,0.11,56,19,354401,290,284879000,1840950000
36,85,1,383,23685800000,3192,0,67026,0.04,56,36,269051,290,309771000,1840220000
46,81,1,393,23685800000,5036,10,67042,0.02,66,46,165920,290,330655000,1841130000
57,81,0,404,23685800000,4245,25,67052,0.01,77,57,31783,290,345970000,1842530000
65,78,0,412,23685800000,4245,25,67056,0.17,85,65,203,290,360664000,1843370000
0,78,1,347,23685100000,174719,100,67056,0.21,93,0,914102,290,343185000,1845490000
7,76,0,354,23684800000,7773,82.1429,67141,0.21,59,7,313443,290,257055000,1838450000
17,76,0,364,23684800000,5,0,67169,0.14,37,17,46118,290,275881000,1835030000
24,74,0,371,23684800000,4,0,67173,0.05,44,24,34620,290,293394000,1834860000
30,74,0,377,23684800000,4,0,67176,0.02,51,30,198,290,307596000,1835550000
40,74,0,387,23684800000,4,0,67176,0.01,60,40,198,290,321659000,1836560000
45,74,0,392,23684800000,4,0,67176,0,65,45,197,290,335635000,1837230000
3,72,0,350,23684200000,165941,96.7213,67176,0,70,3,732162,290,293812000,1839460000
3,72,0,350,23684100000,6898,75,67237,0,40,3,205913,290,330258000,1836610000
8,69,0,355,23684100000,6898,75,67253,0,29,8,203,290,344509000,1834650000
10,69,0,357,23684100000,6898,75,67253,0,30,10,196,290,357477000,1834700000
12,67,0,359,23684000000,6898,75,67253,0,33,12,201,290,370561000,1834920000
12,67,0,359,23684000000,6898,75,67253,0,32,12,201,290,383599000,1834930000
12,65,0,359,23684000000,6898,75,67253,0,32,12,201,290,266568000,1834900000
0,65,0,347,23683900000,261089,100,67253,0,32,0,121377,290,294136000,1835030000
0,62,0,347,23683900000,261089,100,67265,0,29,0,206,290,310854000,1834850000
0,62,0,347,23683800000,1,100,67265,0,29,0,393,290,325051000,1835040000
0,61,0,347,23683800000,1,100,67266,0,29,0,195,290,338217000,1835040000
0,61,0,347,23683800000,1,100,67266,0,29,0,197,290,351200000,1835040000
0,60,0,347,23683800000,1,100,67266,0,29,0,197,290,363925000,1835130000
0,60,0,347,23683800000,1,100,67266,0,29,0,197,290,378341000,1835130000
0,57,0,347,23683800000,1,100,67266,0,29,0,197,290,265363000,1835130000
0,57,0,347,23683700000,1,100,67266,0.08,29,0,197,290,281125000,1835230000
0,57,0,347,23683700000,1,100,67266,0.03,29,0,198,290,294124000,1835360000
0,57,0,347,23683700000,1,100,67266,0.01,29,0,196,290,306999000,1835230000
0,54,0,347,23683700000,1,100,67266,0,29,0,198,290,319942000,1835160000
0,54,0,347,23683700000,1,100,67266,0,29,0,197,290,332789000,1835540000
0,52,0,347,23683700000,1,100,67266,0,29,0,196,290,346984000,1835470000
0,52,0,347,23683700000,1,100,67266,0,29,0,197,290,360622000,1835540000
0,52,0,347,23683600000,1,100,67266,0,29,0,196,290,376640000,1835670000
0,52,0,347,23683600000,1,100,67266,0.06,29,0,197,290,261932000,1835570000
0,52,0,347,23683600000,1,100,67266,0.02,29,0,198,290,275445000,1835630000
0,52,0,347,23683600000,1,100,67266,0.01,29,0,198,290,288665000,1835790000
0,50,0,347,23683600000,1,100,67266,0,29,0,198,290,302021000,1835790000
0,50,0,347,23683600000,1,100,67266,0,29,0,195,290,315284000,1835830000
0,47,0,347,23683600000,1,100,67266,0.49,29,0,194,290,329359000,1835890000
0,47,0,347,23683500000,1,100,67266,1.29,29,0,197,290,344602000,1836150000
4,51,0,351,23683500000,1,100,67266,0.47,29,4,196,290,358719000,1836360000
4,51,0,351,23683500000,1,100,67266,0.17,29,4,196,290,372005000,1836340000
4,50,0,351,23683500000,1,100,67266,0.06,29,4,195,290,384909000,1836360000
0,50,0,347,23683400000,138685,100,67266,0.02,29,0,111084,290,278901000,1836450000
0,48,0,347,23683400000,138685,100,67270,0.01,29,0,204,290,292450000,1836440000
0,48,0,347,23683400000,138685,100,67270,0,29,0,201,290,306480000,1836470000
0,48,0,347,23683300000,138685,100,67270,0,29,0,198,290,322624000,1836580000
0,48,0,347,23683300000,138685,100,67270,0,29,0,201,290,335396000,1836530000
1,49,0,348,23683300000,138685,100,67270,0,29,1,201,290,347663000,1836600000
0,49,0,347,23683300000,49129,100,67270,0,29,0,27921,290,362928000,1837110000
0,49,0,347,23683300000,49129,100,67271,0,29,0,201,290,377389000,1837500000
0,49,0,347,23683300000,49129,100,67271,0.05,29,0,199,290,261738000,1837500000
2,51,0,349,23683300000,49129,100,67271,0.02,29,2,200,290,275449000,1837640000
0,51,0,347,23683200000,27190,100,67271,0.01,29,0,55642,290,295217000,1837600000
0,49,0,347,23683200000,27190,100,67273,0.04,29,0,202,290,308830000,1837760000
0,49,0,347,23683200000,27190,100,67273,0.02,29,0,201,290,322077000,1837750000
1,50,0,348,23683200000,27190,100,67273,0.22,29,1,200,290,335481000,1837650000
1,50,0,348,23683200000,27190,100,67273,0.08,29,1,200,290,348711000,1837620000
1,49,0,348,23683200000,27190,100,67273,0.08,29,1,201,290,361493000,1837750000
0,49,0,347,23683100000,143735,100,67273,0.03,29,0,27921,290,377343000,1838150000
2,51,0,349,23683100000,143735,100,67274,0.01,29,2,203,290,266559000,1838150000
2,51,0,349,23683100000,143735,100,67274,0,29,2,202,290,279885000,1838150000
0,51,0,347,23683000000,101099,100,67274,0,29,0,55645,290,297069000,1838270000
0,51,0,347,23683000000,101099,100,67276,0,29,0,203,290,310973000,1838220000
0,51,0,347,23683000000,101099,100,67276,0,29,0,200,290,323365000,1838190000
0,51,0,347,23683000000,101099,100,67276,0,29,0,200,290,336576000,1834050000
0,51,0,347,23683000000,101099,100,67276,0,29,0,201,290,350476000,1834090000
0,51,0,347,23682900000,101099,100,67276,0,29,0,199,290,366143000,1834250000
0,47,0,347,23682900000,101099,100,67276,0,29,0,201,290,379384000,1834380000
0,47,0,347,23682900000,101099,100,67276,0,29,0,201,290,265073000,1834900000
0,44,0,347,23682900000,101099,100,67276,0,29,0,200,290,278937000,1834830000
0,44,0,347,23682900000,101099,100,67276,0,29,0,199,290,291366000,1834800000
4,48,0,351,23682900000,101099,100,67276,0.06,29,4,200,290,305677000,1834800000
0,48,0,347,23682800000,23092,100,67276,0.02,29,0,111090,290,326010000,1835090000
1,49,0,348,23682700000,23092,100,67280,0.01,29,1,204,290,343081000,1835200000
1,49,0,348,23682700000,23092,100,67280,0,29,1,201,290,355863000,1835200000
1,48,0,348,23682700000,40549,100,67280,0,29,1,55644,290,373668000,1835160000
1,48,0,348,23682700000,40549,100,67282,0,29,1,202,290,386881000,1835320000
2,49,0,349,23682700000,40549,100,67282,0,29,2,200,290,271214000,1835230000
0,49,0,347,23682600000,89173,100,67282,0,29,0,55644,290,288784000,1835210000
2,51,0,349,23682600000,89173,100,67284,0.04,29,2,202,290,302786000,1835340000
0,51,0,347,23682500000,25696,100,67284,0.06,29,0,55644,290,322310000,1835560000
0,51,0,347,23682500000,25696,100,67286,0.02,29,0,201,290,335639000,1835560000
0,51,0,347,23682500000,25696,100,67286,0.14,29,0,199,290,349855000,1835530000
0,50,0,347,23682500000,25696,100,67286,0.05,29,0,201,290,362103000,1835610000
0,50,0,347,23682500000,25696,100,67286,0.02,29,0,200,290,375801000,1835640000
0,47,0,347,23682500000,25696,100,67286,0.01,29,0,199,290,389093000,1835640000
0,47,0,347,23682500000,25696,100,67286,0,29,0,201,290,274894000,1835800000
0,45,0,347,23682400000,25696,100,67286,0,29,0,200,290,290648000,1835830000
0,45,0,347,23682400000,25696,100,67286,0,29,0,200,290,303680000,1836290000
1,46,0,348,23682400000,25696,100,67286,0.05,29,1,199,290,318053000,1836260000
1,46,0,348,23682400000,25696,100,67286,0.02,29,1,201,290,330665000,1836370000
0,46,0,347,23682400000,80436,100,67286,0.01,29,0,27923,290,345250000,1836320000
0,46,0,347,23682400000,80436,100,67287,0,29,0,203,290,360054000,1836320000
0,47,0,347,23682300000,80436,100,67287,0,29,0,200,290,372615000,1836310000
0,47,0,347,23682300000,21966,100,67287,0,29,0,27922,290,262985000,1836470000
0,44,0,347,23682300000,21966,100,67288,0,29,0,202,290,277122000,1836590000
0,44,0,347,23682300000,21966,100,67288,0,29,0,200,290,290742000,1836630000
0,42,0,347,23682300000,21966,100,67288,0,29,0,198,290,303308000,1836630000
0,42,0,347,23682200000,21966,100,67288,0,29,0,199,290,316452000,1836770000
0,45,0,347,23682200000,21966,100,67288,0,29,0,199,290,329694000,1836770000
3,45,0,350,23682200000,21966,100,67288,0,29,3,198,290,343917000,1836960000
0,43,0,347,23682100000,80902,100,67288,0,29,0,83366,290,365165000,1837010000
0,43,0,347,23682100000,80902,100,67291,0,29,0,202,290,378998000,1837130000
0,46,0,347,23682100000,80902,100,67291,0,29,0,200,290,264919000,1837080000
3,46,0,350,23682100000,80902,100,67291,0,29,3,200,290,278862000,1837080000
0,49,0,347,23682000000,60341,100,67291,0,29,0,83366,290,297191000,1837280000
0,49,0,347,23682000000,45646,100,67294,0,29,0,83368,290,317004000,1837260000
0,48,0,347,23682000000,45646,100,67297,0,29,0,201,290,330190000,1837280000
0,48,0,347,23681900000,45646,100,67297,0,29,0,199,290,347657000,1837660000
0,50,0,347,23681900000,45646,100,67297,0,29,0,200,290,360234000,1837760000
2,50,0,349,23681900000,45646,100,67297,0.04,29,2,200,290,373824000,1837760000
0,48,0,347,23681800000,92717,100,67297,0.02,29,0,55645,290,262039000,1837880000
0,48,0,347,23681800000,92717,100,67299,0.01,29,0,202,290,275801000,1837920000
0,45,0,347,23681800000,92717,100,67299,0,29,0,200,290,289141000,1837800000
0,45,0,347,23681800000,92717,100,67299,0,29,0,199,290,302094000,1837990000
0,48,0,347,23681700000,92717,100,67299,0,29,0,199,290,318960000,1837960000
3,48,0,350,23681700000,92717,100,67299,0,29,3,200,290,331709000,1838150000
3,44,0,350,23681700000,92717,100,67299,0,29,3,200,290,345510000,1838220000
0,44,0,347,23681700000,125958,100,67299,0.07,29,0,83366,290,363675000,1838330000
0,40,0,347,23681700000,125958,100,67302,0.03,29,0,202,290,377380000,1838300000
0,40,0,347,23681700000,125958,100,67302,0.01,29,0,202,290,263090000,1838330000
0,41,0,347,23681700000,125958,100,67302,0,29,0,202,290,276134000,1838340000
0,41,0,347,23681600000,14976,100,67302,0.5,29,0,27922,290,295043000,1838390000
0,37,0,347,23681600000,14976,100,67303,0.28,29,0,202,290,308418000,1838570000
0,37,0,347,23681600000,14976,100,67303,0.14,29,0,200,290,321948000,1838600000
0,41,0,347,23681600000,14976,100,67303,0.18,29,0,200,290,334905000,1838630000
4,41,0,351,23681600000,14976,100,67303,0.1,29,4,199,290,349160000,1838630000
0,42,0,347,23681500000,61560,100,67303,0.07,29,0,111087,290,369198000,1838730000
1,42,0,348,23681500000,61560,100,67307,0.06,29,1,204,290,382883000,1838870000
0,42,0,347,23681400000,74911,100,67307,0.05,29,0,27923,290,273385000,1838960000
0,42,0,347,23681400000,74911,100,67308,0.05,29,0,202,290,286617000,1838960000
0,46,0,347,23681400000,74911,100,67308,0.05,29,0,199,290,300391000,1838960000
4,46,0,351,23681400000,74911,100,67308,0.05,29,4,201,290,313973000,1838940000
0,46,0,347,23681300000,92532,100,67308,0.05,29,0,111088,290,334660000,1839080000
0,46,0,347,23681300000,92532,100,67312,0.05,29,0,203,290,347852000,1839050000
0,45,0,347,23681300000,92532,100,67312,0.05,29,0,200,290,360512000,1839170000
0,45,0,347,23681200000,92532,100,67312,0.05,29,0,200,290,377556000,1839170000
0,44,0,347,23681200000,92532,100,67312,0.05,29,0,201,290,389945000,1839170000
0,44,0,347,23681200000,92532,100,67312,0.05,29,0,201,290,275588000,1839280000
0,46,0,347,23681200000,92532,100,67312,0.05,29,0,200,290,287612000,1839280000
0,46,0,347,23681100000,7204,100,67312,0.05,29,0,55645,290,304974000,1839320000
0,43,0,347,23681100000,7204,100,67314,0.15,29,0,202,290,318836000,1839440000
0,43,0,347,23681100000,7204,100,67314,0.09,29,0,200,290,331536000,1839380000
0,41,0,347,23681100000,7204,100,67314,0.06,29,0,198,290,348706000,1837240000
0,41,0,347,23681000000,7204,100,67314,0.06,29,0,198,290,362048000,1837400000
0,39,0,347,23681000000,7204,100,67314,0.09,29,0,199,290,374496000,1837530000
0,39,0,347,23681000000,7204,100,67314,0.06,29,0,197,290,387680000,1837430000
0,38,0,347,23681000000,7204,100,67314,0.06,29,0,200,290,274827000,1837530000
0,38,0,347,23681000000,7204,100,67314,0.05,29,0,196,290,287650000,1837590000
0,38,0,347,23681000000,7204,100,67314,0.02,29,0,199,290,300382000,1837580000
0,38,0,347,23681000000,7204,100,67314,0.01,29,0,199,290,316078000,1837620000
0,41,0,347,23680900000,7204,100,67314,0,29,0,199,290,330360000,1837670000
3,41,0,350,23680900000,7204,100,67314,0.07,29,3,198,290,343690000,1837670000
3,40,0,350,23680900000,7204,100,67314,0.03,29,3,199,290,356613000,1837590000
0,40,0,347,23680900000,125267,100,67314,0.01,29,0,83366,290,375170000,1837750000
0,37,0,347,23680900000,125267,100,67317,0,29,0,203,290,388953000,1837720000
0,37,0,347,23680900000,125267,100,67317,0,29,0,52134,290,274786000,1837740000
0,39,0,347,23680800000,125267,100,67317,0,29,0,202,290,291189000,1837920000
0,39,0,347,23680700000,558,100,67317,0,29,0,55643,290,308268000,1838500000
0,39,0,347,23680700000,558,100,67319,0,29,0,197,290,321411000,1838500000
0,39,0,347,23680700000,558,100,67319,0,29,0,194,290,334132000,1838620000
0,39,0,347,23680700000,558,100,67319,0,29,0,197,290,347777000,1838660000
0,39,0,347,23680700000,558,100,67319,0,29,0,197,290,361050000,1838720000
0,42,0,347,23680700000,558,100,67319,0.04,29,0,198,290,373769000,1838750000
0,42,0,347,23680600000,10896,100,67319,0.02,29,0,83363,290,268436000,1838870000
0,43,0,347,23680600000,10896,100,67322,0.01,29,0,203,290,281915000,1838870000
1,43,0,348,23680600000,10896,100,67322,0,29,1,201,290,295769000,1838960000
1,44,0,349,23680600000,10896,100,67322,0,29,1,200,291,308196000,1839110000
0,44,0,351,23680500000,79786,50,67322,0,29,0,68882,294,332171000,1839710000
0,43,0,357,23680500000,79786,50,67324,0,29,0,200,300,342724000,1839790000
0,43,0,357,23680500000,79786,50,67324,0,29,0,198,300,347775000,1842620000
0,44,0,347,23680500000,0,100,67324,0.05,29,0,387,290,353222000,1841480000
0,44,0,350,23680300000,20,0,67325,0.02,29,0,1109920,292,284254000,1841420000
0,41,0,350,23680200000,15,0,67367,0.01,29,0,885360,292,301526000,1841090000
0,41,0,349,23680200000,15,0,67424,0,29,0,1877070,291,322690000,1840960000
0,40,0,349,23680100000,14,0,67479,0,29,0,987404,291,339138000,1839600000
0,40,0,349,23680100000,14,0,67537,0.06,29,0,930722,291,357865000,1839640000
1,42,1,349,23679900000,21,0,67594,0.09,29,1,999835,291,313119000,1839260000
0,42,1,351,23679300000,15,0,67651,0.08,29,0,3437820,292,333544000,1840170000
0,39,1,351,23679100000,14,0,67786,0.1,29,0,2882520,292,373295000,1840060000
0,39,1,350,23679000000,14,0,67949,0.04,29,0,5117150,292,294994000,1839670000
0,41,1,350,23678800000,14,0,68114,0.16,29,0,2859490,292,339375000,1840260000
0,41,2,352,23678200000,15,0,68278,0.13,29,0,4900460,292,356288000,1841030000
0,45,3,353,23677600000,17,0,68525,0.08,29,0,4658590,294,308158000,1842090000
0,45,3,357,23676400000,332,0,68802,0.06,29,0,7467340,294,272844000,1843560000
0,44,3,356,23675900000,19,0,69040,0.02,29,0,7949690,294,385439000,1840360000
1,44,3,357,23675400000,31,0,69456,0.16,29,1,8310650,293,389361000,1841360000
0,47,2,359,23675100000,269,0,69885,0.31,29,0,8378200,293,354576000,1841880000
0,47,3,357,23674200000,89,0,70131,0.16,29,0,8234660,293,319787000,1843330000
1,46,3,360,23673400000,26,0,70513,0.27,29,1,8183900,295,308014000,1844670000
0,46,3,358,23672800000,40,0,70969,0.54,29,0,8265490,295,350192000,1845890000
2,50,3,361,23672200000,138,0,71431,0.23,29,2,8157090,295,269431000,1846980000
2,50,4,366,23670900000,205,0,71819,0.17,29,2,8407180,295,279166000,1848650000
1,50,4,362,23669700000,270,0,72171,0.51,29,1,8204580,293,271461000,1850170000
1,50,3,363,23669100000,100,0,72511,0.19,29,1,8158440,296,302104000,1851020000
0,48,2,364,23668700000,121,0,72918,0.24,29,0,8231390,298,273835000,1852100000
1,48,3,363,23668100000,86,0,73355,0.12,29,1,8194150,298,301691000,1853240000
3,47,2,366,23667800000,300,0,73798,0.32,29,3,8266260,297,388305000,1854710000
2,47,2,363,23667200000,214,0,74126,0.16,29,2,8206170,297,333383000,1855830000
1,48,3,366,23666500000,242,0.288184,74446,0.28,29,1,8238610,297,301941000,1857040000
0,48,3,366,23665700000,113,0,74793,0.2,29,0,8337520,295,381972000,1857990000
0,48,3,364,23665000000,85,0,75184,0.22,29,0,8121590,295,319310000,1859060000
0,48,3,366,23664400000,123,0,75660,0.15,29,0,8236510,297,361029000,1859720000
3,51,4,365,23663500000,129,0,76141,0.09,29,3,8197190,297,393074000,1861240000
2,51,4,369,23662400000,454,0.294985,76567,0.21,29,2,8412160,296,362303000,1850230000
3,50,3,370,23661500000,336,0.283286,76906,0.3,29,3,8168620,296,383232000,1851500000
1,50,3,362,23660500000,204,0,77259,0.38,29,1,8355730,293,300256000,1852830000
2,50,3,368,23659600000,151,0,77653,0.21,29,2,8247260,295,298839000,1854120000
1,50,3,367,23659000000,188,0,78083,0.26,29,1,8302420,295,361990000,1854960000
2,47,3,367,23658200000,273,0,78473,0.1,29,2,8260090,295,308806000,1856960000
3,47,4,369,23657600000,207,0,78844,0.04,29,3,8302050,294,355413000,1836580000
5,43,2,371,23657100000,139,0,79238,0.01,29,5,8194290,298,337307000,1837540000
1,43,3,371,23656500000,654,0.277778,79655,0.13,29,1,8550760,298,290017000,1838610000
4,43,3,371,23655800000,316,0,80015,0.05,29,4,8287550,295,376444000,1834110000
1,43,2,365,23655200000,261,0,80368,0.02,29,1,8318450,294,284007000,1834770000
0,41,3,364,23654500000,145,0,80724,0.01,29,0,8311220,295,375732000,1835590000
0,41,4,362,23653500000,244,0,81135,0.03,29,0,8285380,295,300243000,1836900000
1,39,3,362,23652800000,122,0.223714,81546,0.27,29,1,8322850,294,359106000,1838290000
3,39,3,366,23652000000,146,0,81993,0.21,29,3,8263560,293,345051000,1839820000
2,40,3,368,23651300000,326,0,82392,0.12,29,2,8451740,293,387758000,1840900000
2,40,4,366,23649900000,336,0,82812,0.25,29,2,8311420,293,332261000,1842570000
2,43,4,369,23648700000,350,0,83210,0.18,29,2,8298800,295,314526000,1845010000
3,43,4,373,23647500000,465,0,83582,0.21,29,3,8402660,295,278383000,1846830000
1,39,3,369,23646500000,337,0,83949,0.08,29,1,8315940,295,302125000,1847770000
2,39,3,368,23645700000,135,0,84326,0.2,29,2,8227870,295,370506000,1849010000
2,37,3,369,23645000000,178,0,84752,0.07,29,2,8380060,295,282743000,1850360000
1,37,3,369,23644300000,334,0,85184,0.19,29,1,8351490,293,360458000,1851310000
5,34,3,369,23643500000,400,0.552486,85564,0.17,29,5,8268950,294,316208000,1852590000
2,33,2,372,23642900000,860,1.57233,85926,0.06,30,2,8507060,295,342873000,1854490000
3,30,2,367,23642400000,395,0,86244,0.1,30,3,8279200,295,352671000,1856090000
2,32,2,373,23641700000,619,1.15607,86548,0.11,30,2,8521590,299,389894000,1856940000
2,35,3,379,23640800000,503,1.39276,86894,0.22,30,3,8449520,300,389016000,1858310000
1,31,3,378,23640100000,750,0,87253,0.3,30,1,8356390,300,362233000,1858710000
29,34,1,386,23639700000,438,2.1164,87600,0.19,49,29,4316540,300,321035000,1861030000
89,33,0,446,23639600000,5,0,87789,0.1,109,89,163325,300,350361000,1853470000
123,35,0,480,23639600000,4,0,87797,0.04,143,123,10286,300,364121000,1857430000
179,35,0,536,23639600000,3,0,87798,0.01,199,179,97581,300,386073000,1852140000
