HTTP_SYSTEM_ERROR,activeConnections,activeThreads,clients,cpu,deadLockThreads,fileDescriptors,free_disk_space,gc,http2xxNum,http4xxNum,http5xxNum,httpHitsRate,httpMeanTimes,httpSessions,httpSessionsMeanAge,httpSystemErrors,http_Cpu_Time_Sum,http_Durations_Sum,http_Error_Hits,http_Gobal_Hits,loadedClassesCount,runningThreads,systemLoad,threadCount,tomcatBusyThreads,tomcatBytesReceived,tomcatBytesSent,usedConnections,usedMemory,usedNonHeapMemory,usedPhysicalMemorySize,usedSwapSpaceSize
2,0,0,10,23,0,91,27596800000,1,5336,13,1,10,6995,0,-1,100,8,0,13,5349,7628,7,0.37,27,0,0,182,1,52590400,48185800,1855440000,0
3,0,0,10,12,0,80,27596400000,0,5360,14,25,0,5890,0,-1,100,9,0,35,5374,2421,2,1.39,8,-4,0,0,0,19600400,17489500,827060000,0
3,0,10,6,30,0,111,27596000000,3,5360,14,25,2,13785,11,1,0,9,0,35,5374,7922,17,1.08,26,10,0,109852,10,44927500,50725300,754414000,0
3,0,0,9,15,0,106,27594600000,0,5362,14,25,261,347,151,0,0,9,0,35,5376,8020,8,1,26,0,0,8298700,10,47382100,52411800,765551000,0
3,0,0,11,4,0,109,27594200000,0,5623,14,25,334,20,166,1,0,10,0,37,5637,8021,7,0.64,26,0,0,5719420,10,53390600,52679300,771072000,0
3,0,2,11,5,0,77,27593400000,0,5957,14,25,345,77,222,2,0,10,0,37,5971,8037,7,0.45,26,2,0,8549900,10,47778000,52982600,781136000,0
3,0,0,9,4,0,73,27592900000,0,6302,14,25,262,199,265,2,0,9,0,37,6316,8037,8,0.53,26,0,0,8166150,10,52584000,53247300,792699000,0
3,0,0,13,5,0,74,27592500000,0,6564,14,25,469,19,288,3,0,9,0,37,6578,8037,7,0.43,26,0,0,8420200,10,49236900,53597300,800862000,0
3,0,2,13,4,0,112,27592000000,0,7033,14,25,347,49,322,4,0,9,0,37,7047,8038,7,0.44,26,2,0,8529420,10,52253800,53820800,809230000,0
3,0,0,10,5,0,77,27591200000,0,7380,14,25,338,237,388,4,0,9,0,37,7394,8044,7,0.33,26,0,0,8213280,10,69171300,54143900,813257000,0
3,0,0,11,6,0,71,27590700000,0,7718,14,25,476,14,415,4,0,8,0,32,7732,8044,8,0.2,26,0,0,8251050,10,71629700,54462900,820896000,0
3,0,1,8,5,0,106,27590100000,0,8194,14,25,500,17,462,5,0,8,0,32,8208,8047,7,0.1,26,1,0,8364160,10,65727600,54769500,827535000,0
3,0,0,6,4,0,73,27589600000,0,8694,14,25,312,99,500,5,0,8,0,32,8708,8048,7,0.07,26,0,0,8535580,10,55768700,55008400,832909000,0
3,0,0,6,3,0,69,27589100000,0,9006,14,25,404,18,533,6,0,8,0,32,9020,8048,7,0.28,26,0,0,7311910,10,64018300,55104800,839250000,0
3,0,0,6,3,0,68,27588600000,0,9410,14,25,327,14,570,7,0,7,0,32,9424,8048,7,0.13,26,0,0,6624250,10,73939200,55220600,842052000,0
3,0,0,6,3,0,71,27588300000,0,9737,14,25,342,15,595,7,0,7,0,32,9751,8048,7,0.12,26,0,0,5360860,10,68318000,55370000,845246000,0
3,0,0,5,5,0,69,27587400000,0,10079,14,25,305,15,674,7,0,7,0,32,10093,8048,7,0.14,26,0,0,7423810,10,57473200,55629000,849936000,0
3,0,0,1,3,0,71,27587100000,0,10384,14,25,334,14,689,8,0,7,0,33,10398,8048,7,0.05,26,0,0,5270490,10,64146800,55745200,853635000,0
3,0,0,2,2,0,71,27586700000,0,10718,14,25,222,31,723,9,0,7,0,33,10732,8048,7,0.27,26,0,0,6827730,10,74137400,55835600,855773000,0
3,0,0,6,0,0,67,27586600000,0,10940,14,25,57,14,727,10,0,7,0,33,10954,8048,7,0.1,26,0,0,1005420,10,76593900,55884600,856547000,0
3,0,0,3,1,0,72,27586200000,0,10997,14,25,115,17,748,10,0,7,0,33,11011,8048,7,0.04,26,0,0,3410800,10,56720400,55911200,858022000,0
3,0,2,3,3,0,70,27585500000,0,11112,14,25,297,23,812,10,0,7,0,33,11126,8048,7,0.01,26,2,0,6203010,10,75789800,55994400,862360000,0
3,0,0,3,1,0,69,27585300000,0,11409,14,25,168,13,821,11,0,7,0,34,11423,8048,7,0.01,26,0,0,2633590,10,71605800,56026100,863777000,0
3,0,0,3,2,0,102,27585200000,0,11577,14,25,151,15,836,12,0,7,0,34,11591,8049,7,0,26,0,0,5308720,10,72016300,56201300,865141000,0
3,0,0,6,1,0,68,27585000000,0,11728,14,25,166,14,844,13,0,6,0,34,11742,8049,7,0.07,26,0,0,2905120,10,66007800,56217300,867037000,0
3,0,0,6,1,0,71,27584700000,0,11894,14,25,168,16,857,14,0,6,0,34,11908,8049,7,0.03,26,0,0,3019940,10,63896400,56248900,869134000,0
3,0,0,10,3,0,70,27583800000,0,12062,14,25,316,16,941,13,0,6,0,34,12076,8049,7,0.17,26,0,0,6323520,10,63347900,56294000,872235000,0
3,0,1,14,3,0,76,27583100000,0,12378,14,25,335,14,977,14,0,6,0,34,12392,8049,7,0.19,26,1,0,6136010,10,58124900,56403000,876450000,0
3,0,2,17,3,0,78,27582200000,0,12713,14,25,281,154,1050,14,0,6,0,34,12727,8034,7,0.14,26,2,0,8397690,10,64199500,56436500,888005000,0
3,0,3,21,3,0,115,27581300000,0,12994,14,25,346,187,1120,14,0,6,0,35,13008,8035,7,0.1,26,3,0,8240570,10,58591700,56473400,894009000,0
3,0,3,23,3,0,119,27580500000,0,13340,14,25,354,240,1183,14,0.282486,6,0,35,13354,8036,7,0.28,26,3,0,8567970,10,47302800,56571800,898003000,0
4,0,2,24,4,0,85,27579600000,0,13694,14,26,394,188,1238,15,0,6,0,36,13708,8036,7,0.26,26,2,0,8368050,10,50106600,56594800,900518000,0
4,0,2,24,3,0,83,27579000000,0,14088,14,26,381,242,1296,15,0,6,0,36,14102,8036,7,0.45,26,2,0,8421080,10,63254400,56616800,903045000,0
4,0,1,26,4,0,82,27578400000,0,14469,14,26,409,133,1291,15,0.244499,6,0,36,14483,8036,8,0.2,26,1,0,8332180,10,52574300,56807000,904634000,0
4,0,4,29,3,0,87,27577900000,0,14878,14,27,423,125,1198,14,0.236407,6,0,37,14892,8036,7,0.17,26,4,0,8491280,10,72986100,56837500,907252000,0
4,0,2,32,3,0,90,27577300000,0,15301,14,28,400,369,1219,14,0.5,6,0,37,15315,8036,7,0.06,26,2,0,8792840,10,56795200,56878500,909816000,0
4,0,2,31,3,0,96,27576500000,0,15701,14,30,349,432,1222,14,0.859599,6,0,40,15715,8036,7,0.02,26,2,0,8651620,10,61088800,56971100,912413000,0
4,0,3,29,3,0,93,27575900000,0,16050,14,33,385,297,1258,14,0.25974,5,0,41,16064,8036,7,0.24,26,3,0,8533230,10,51188700,56960800,916718000,0
4,0,2,26,3,0,92,27575200000,0,16435,14,34,343,486,1276,14,0.291545,5,0,42,16449,8036,7,0.12,26,2,0,8635330,10,56304300,57098400,919294000,0
4,0,1,26,3,0,90,27574800000,0,16778,14,35,375,246,1274,14,0.533333,5,0,35,16792,8036,7,0.28,26,1,0,8614490,10,56981900,57122400,921354000,0
4,0,0,25,3,0,88,27574400000,0,17153,14,37,396,132,1233,14,0.252525,5,0,37,17167,8036,7,0.24,26,0,0,8405310,10,60150500,57170200,923607000,0
4,0,0,28,3,0,82,27574000000,0,17549,14,38,440,76,1238,14,0.227273,5,0,39,17563,8036,7,0.12,26,0,0,8479040,10,75578400,57259500,925827000,0
4,0,1,28,3,0,91,27573400000,0,17989,14,39,444,41,1212,14,0,5,0,41,18003,8037,7,0.23,26,1,0,8577120,10,61512900,57285800,928444000,0
4,0,1,30,3,0,88,27572700000,0,18433,14,39,434,142,1225,14,0,5,0,40,18447,8042,7,0.2,26,1,0,8241230,10,65221300,57339100,930759000,0
4,0,2,27,3,0,93,27572000000,0,18867,14,39,398,394,1258,14,0.502513,5,0,40,18881,8042,7,0.38,26,2,0,8886630,10,80914600,57373700,933261000,0
4,0,1,30,3,0,89,27571400000,0,19265,14,41,372,343,1273,14,0.268817,5,0,41,19279,8042,7,0.2,26,1,0,8354010,10,60562900,57431800,937763000,0
4,0,3,29,3,0,94,27570700000,0,19637,14,42,429,141,1294,14,0,5,0,42,19651,8042,7,0.29,26,3,0,8417550,10,66658000,57454300,939831000,0
4,0,4,33,3,0,88,27569800000,0,20066,14,42,425,156,1295,13,0,5,0,42,20080,8042,8,0.11,26,4,0,8312430,10,73121800,57471800,942813000,0
4,0,4,29,4,0,92,27568800000,0,20491,14,42,459,132,1355,13,0,5,0,42,20505,8042,7,0.04,26,4,0,8575710,10,73421000,57518200,947823000,0
4,0,1,27,3,0,87,27567800000,0,20950,14,42,430,235,1397,13,0,5,0,43,20964,8042,7,0.01,26,1,0,8628760,10,69577400,57548800,950243000,0
4,0,1,26,3,0,82,27567300000,0,21380,14,42,456,119,1427,14,0,5,0,43,21394,8042,7,0.32,26,1,0,8467080,10,75020300,57549200,952619000,0
4,0,1,26,3,0,83,27566500000,0,21836,14,42,436,136,1446,13,0.229358,5,0,43,21850,8042,7,0.52,26,1,0,8322180,10,72772400,57534300,955343000,0
4,0,1,26,3,0,84,27565800000,0,22272,14,43,441,122,1466,14,0,5,0,44,22286,8042,7,0.55,26,1,0,8418400,10,77390200,57542100,958390000,0
4,0,0,26,3,0,82,27565100000,0,22713,14,43,412,227,1512,14,0.242718,5,0,44,22727,8045,7,0.28,26,0,0,8550640,10,77754200,57657900,962920000,0
4,0,1,30,3,0,82,27564500000,0,23125,14,44,420,131,1545,14,0.238095,5,0,46,23139,8045,7,0.27,26,1,0,8490790,10,78851600,57658200,965173000,0
4,0,3,30,3,0,88,27563600000,0,23545,14,45,400,230,1598,15,0,4,0,48,23559,8045,8,0.1,26,3,0,8590370,10,69562600,57709700,967918000,0
4,0,1,28,3,0,85,27562700000,0,23945,14,45,364,331,1629,14,0,4,0,47,23959,8045,7,0.12,26,1,0,8527250,10,77613700,57717500,972198000,0
4,0,0,24,3,0,121,27562200000,0,24309,14,45,377,199,1604,14,0.265252,4,0,47,24323,8046,7,0.04,26,0,0,8649660,10,87677300,57757900,973627000,0
4,0,0,22,2,0,116,27561700000,0,24686,14,46,400,103,1592,15,0.25,4,0,48,24700,8046,7,0.06,26,0,0,8222450,10,78084100,57766200,974664000,0
4,0,0,24,3,0,81,27561300000,0,25086,14,47,477,26,1560,15,0,4,0,49,25100,8046,7,0.15,26,0,0,8318360,10,75179900,57768100,975995000,0
4,0,2,23,3,0,82,27560500000,0,25563,14,47,444,66,1553,15,0.225225,4,0,49,25577,8047,7,0.15,26,2,0,8249800,10,70744600,57779500,980287000,0
4,0,1,21,3,0,78,27559900000,0,26006,15,47,357,186,1542,14,0,4,0,50,26021,8047,7,0.1,26,1,0,8576720,10,82364300,57780700,984052000,0
4,0,1,21,3,0,78,27559300000,0,26363,15,47,352,112,1541,14,0,4,0,51,26378,8047,7,0.04,26,1,0,8289060,10,72603400,57785100,985465000,0
4,0,2,22,3,0,77,27558600000,0,26715,15,47,472,58,1542,14,0,4,0,51,26730,8047,7,0.13,26,2,0,8391980,10,78317900,57816700,987914000,0
4,0,1,20,3,0,80,27557900000,0,27187,15,47,436,152,1563,14,0,4,0,51,27202,8047,7,0.25,26,1,0,8354880,10,91479400,57868300,991949000,0
4,0,0,20,3,0,77,27557200000,0,27623,15,47,394,133,1609,14,0,4,0,51,27638,8047,7,0.44,26,0,0,8400570,10,86833800,57932400,993866000,0
4,0,0,22,2,0,79,27556500000,0,28017,15,47,359,80,1604,14,0,4,0,51,28032,8047,7,0.7,26,0,0,8420940,10,72097700,57927400,995328000,0
4,0,2,24,3,0,80,27555800000,0,28376,15,47,390,43,1624,14,0,4,0,52,28391,8047,7,0.41,26,2,0,8239900,10,75395100,57928100,996884000,0
4,0,3,24,4,0,84,27554900000,0,28766,15,47,431,111,1624,14,0,4,0,53,28781,8047,7,0.19,26,3,0,8493180,10,72245600,57987200,999215000,0
4,0,2,24,3,0,83,27553900000,0,29197,15,47,327,258,1689,14,0,4,0,52,29212,8047,7,0.07,26,2,0,8366100,10,69279200,57987200,1002670000,0
4,0,0,21,3,0,81,27553300000,0,29524,15,47,407,85,1690,14,0,4,0,52,29539,8047,7,0.06,26,0,0,8315160,10,70805700,57988800,1007020000,0
4,0,1,21,3,0,78,27552700000,0,29931,15,47,455,41,1708,14,0,4,0,52,29946,8047,7,0.02,26,1,0,8352420,10,91425700,57996300,1008480000,0
4,0,0,21,3,0,76,27552100000,0,30386,15,47,437,48,1743,15,0,4,0,52,30401,8047,7,0.08,26,0,0,8254910,10,92489000,58005200,1009710000,0
4,0,2,24,3,0,80,27551400000,0,30823,15,47,398,107,1761,15,0,4,0,52,30838,8047,8,0.3,26,2,0,8456400,10,85549600,58010300,1014000000,0
4,0,3,26,3,0,81,27550800000,0,31221,15,47,354,128,1755,15,0,4,0,53,31236,8047,8,0.11,26,3,0,8611350,10,79301700,58180400,1015790000,0
4,0,2,26,3,0,84,27549700000,0,31575,15,47,314,308,1806,15,0,4,0,53,31590,8048,7,0.04,26,2,0,8422560,10,78021400,58188800,1017820000,0
4,0,0,25,3,0,85,27548900000,0,31889,15,47,377,190,1827,15,0,4,0,53,31904,8048,7,0.18,26,0,0,8407820,10,79886600,58189900,1018950000,0
4,0,1,21,3,0,83,27548100000,0,32266,15,47,457,71,1827,15,0,4,0,53,32281,8048,7,0.1,26,1,0,8411290,10,80123500,58191000,1020450000,0
4,0,0,22,3,0,81,27547400000,0,32723,15,47,432,61,1807,15,0,4,0,53,32738,8048,7,0.04,26,0,0,8371250,10,99578400,58215800,1021890000,0
4,0,1,23,3,0,81,27546700000,0,33155,15,47,435,71,1787,14,0,4,0,54,33170,8048,7,0.22,26,1,0,8265510,10,96678500,58217400,1023890000,0
4,0,2,27,3,0,82,27546100000,0,33590,15,47,394,127,1758,14,0,4,0,54,33605,8048,7,0.13,26,2,0,8508600,10,77108500,58218300,1028550000,0
4,0,3,27,3,0,85,27545300000,0,33984,15,47,371,183,1766,14,0,4,0,54,33999,8048,7,0.33,26,3,0,8454460,10,53325700,58228900,1030070000,0
4,0,3,27,3,0,85,27544300000,0,34355,15,47,344,404,1809,14,0,4,0,54,34370,8048,7,0.27,26,3,0,8294950,10,52523900,58200300,1031820000,0
4,0,1,27,3,0,83,27543500000,0,34699,15,47,381,202,1825,14,0,4,0,54,34714,8048,7,0.15,26,1,0,8400730,10,57477300,58249600,1034220000,0
4,0,0,24,3,0,86,27543000000,0,35080,15,47,432,86,1798,14,0,4,0,55,35095,8048,8,0.06,26,0,0,8464610,10,54416500,58249600,1035080000,0
4,0,2,24,3,0,83,27542300000,0,35512,15,47,428,61,1811,15,0,4,0,55,35527,8048,7,0.36,26,2,0,8310840,10,80996800,58252100,1037050000,0
4,0,0,27,3,0,81,27541900000,0,35940,15,47,464,81,1761,15,0,4,0,55,35955,8048,7,0.19,26,0,0,8322490,10,60436100,58257400,1037270000,0
4,0,5,26,3,0,84,27541300000,0,36404,15,47,406,103,1723,15,0,4,0,55,36419,8048,7,0.07,26,5,0,8422470,10,54288100,58293000,1039130000,0
4,0,3,22,2,0,83,27540500000,0,36810,15,47,300,550,1760,15,0.333333,4,0,55,36825,8048,7,0.07,26,3,0,8548120,10,55159300,58295200,1043710000,0
4,0,0,18,2,0,81,27540100000,0,37110,15,48,343,193,1768,15,0,4,0,56,37125,8048,7,0.03,26,0,0,8492570,10,70065200,58309900,1044030000,0
4,0,0,18,3,0,116,27539400000,0,37453,15,48,422,32,1796,15,0,4,0,56,37468,8049,7,0.12,26,0,0,8419940,10,61352600,58305400,1045070000,0
4,0,1,19,3,0,113,27538600000,0,37875,15,48,416,50,1804,15,0,4,0,56,37890,8049,7,0.12,26,1,0,8372320,10,62977600,58308200,1046460000,0
4,0,1,19,3,0,80,27538100000,0,38291,15,48,456,24,1784,16,0,4,0,45,38306,8049,7,0.35,26,1,0,8316370,10,55449700,58308200,1047410000,0
4,0,0,19,3,0,78,27537400000,0,38747,15,48,448,86,1782,16,0,4,0,45,38762,8049,7,0.22,26,0,0,8521930,10,69860300,58324600,1049030000,0
4,0,0,17,2,0,77,27536900000,0,39195,15,48,434,32,1758,16,0,4,0,45,39210,8049,7,0.13,26,0,0,8094520,10,85209800,58325100,1050170000,0
4,0,0,19,3,0,77,27536400000,0,39629,15,48,439,151,1734,16,0.22779,4,0,45,39644,8049,7,0.19,26,0,0,8414950,10,69395900,58331500,1051220000,0
4,0,4,17,3,0,81,27536400000,0,40068,15,49,406,51,1717,16,0,4,0,46,40083,8049,7,0.27,26,4,0,8384230,10,57971500,58352200,1053850000,0
4,0,1,20,3,0,83,27535200000,0,40474,15,49,336,281,1773,16,0,4,0,46,40489,8049,7,0.14,26,1,0,8419070,10,61163600,58353400,1056330000,0
4,0,3,18,2,0,81,27534600000,0,40810,15,49,383,111,1744,16,0,4,0,46,40825,8049,7,0.29,26,3,0,8294380,10,69751900,58355500,1057470000,0
4,0,0,18,3,0,79,27533800000,0,41193,15,49,385,147,1737,16,0,4,0,46,41208,8050,7,0.22,26,0,0,8309010,10,86158900,58357400,1058290000,0
4,0,0,15,3,0,76,27533400000,0,41578,15,49,461,41,1654,15,0,4,0,46,41593,8050,7,0.23,26,0,0,8297480,10,63068600,58380100,1058920000,0
4,0,1,14,3,0,77,27532800000,0,42039,15,49,467,45,1667,16,0,4,0,46,42054,8050,7,0.24,26,1,0,8421240,10,79446100,58386400,1059820000,0
4,0,0,12,2,0,76,27532300000,0,42506,15,49,284,236,1669,16,0,3,0,46,42521,8050,7,0.16,26,0,0,8385930,10,88362800,58387600,1060510000,0
0,0,0,16,2,0,78,27531900000,0,0,0,0,283,148,1637,16,0,0,0,0,0,8050,7,0.06,26,0,0,8303330,10,67625200,58387600,1061110000,0
0,0,4,16,2,0,115,27531400000,0,283,0,0,404,21,1620,16,0,2,0,0,283,8054,7,0.29,26,4,0,8197020,10,72992600,58395100,1062190000,0
0,0,0,15,3,0,76,27530400000,0,687,0,0,401,131,1673,16,0,2,0,0,687,8054,7,0.11,26,0,0,8432020,10,91098100,58395100,1063400000,0
0,0,0,19,2,0,76,27529900000,0,1088,0,0,421,92,1588,15,0,2,0,0,1088,8054,7,0.04,26,0,0,8375320,10,83947100,58395100,1064100000,0
0,0,3,19,3,0,83,27529200000,0,1509,0,0,441,24,1546,16,0,2,0,0,1509,8054,7,0.16,26,3,0,8422440,10,91706200,58452200,1069330000,0
0,0,0,16,3,0,74,27528300000,0,1950,0,0,456,130,1574,15,0,2,0,0,1950,8054,7,0.3,26,0,0,8226950,10,73605400,58465000,1072480000,0
0,0,2,13,3,0,80,27527600000,0,2406,0,0,372,155,1587,15,0.268817,2,0,0,2406,8054,7,0.49,26,2,0,8600590,10,70050700,58479200,1075180000,0
1,0,0,13,2,0,74,27526800000,0,2778,0,1,294,225,1595,15,0,2,0,1,2778,8054,7,0.35,26,0,0,8290890,10,82814800,58480000,1075840000,0
1,0,1,17,3,0,75,27526400000,0,3072,0,1,488,17,1569,15,0,2,0,1,3072,8054,7,0.23,26,1,0,8258650,10,87809500,58480700,1077400000,0
1,0,0,19,2,0,82,27525900000,0,3560,0,1,348,93,1540,15,0,2,0,1,3560,8054,7,0.28,26,0,0,8863100,10,81353800,58480700,1078140000,0
1,0,2,15,3,0,81,27525000000,0,3908,0,1,333,204,1515,15,0,2,0,0,3908,8054,7,0.14,26,2,0,7986900,10,94576400,58482300,1079180000,0
1,0,1,19,2,0,78,27524500000,0,4241,0,1,319,279,1494,15,0,2,0,0,4241,8054,7,0.16,26,1,0,8363830,10,68917400,58482800,1079910000,0
1,0,3,21,3,0,82,27523800000,0,4560,0,1,496,19,1504,15,0,2,0,0,4560,8054,7,0.29,26,3,0,8362420,10,96431400,58482800,1081150000,0
1,0,2,24,3,0,83,27522600000,0,5056,0,1,409,220,1548,14,0,2,0,0,5056,8054,7,0.34,26,2,0,8445960,10,96991400,58485200,1084100000,0
1,0,5,24,3,0,86,27521600000,0,5465,0,1,402,144,1594,14,0,2,0,0,5465,8054,7,0.16,26,5,0,8393670,10,84559900,58485600,1085350000,0
1,0,4,27,2,0,84,27520900000,0,5867,0,1,334,444,1622,15,0,2,0,0,5867,8054,7,0.09,26,4,0,8410090,10,81659000,58487700,1086350000,0
1,0,1,23,2,0,89,27520400000,0,6201,0,1,405,314,1574,14,0.493827,2,0,0,6201,8054,7,0.17,26,1,0,8863950,10,84951500,58487700,1087430000,0
1,0,1,27,3,0,88,27519500000,0,6606,0,3,380,107,1601,14,0,2,0,1,6606,8054,7,0.1,26,1,0,8057100,10,74036100,58487700,1088180000,0
1,0,6,31,3,0,88,27518700000,0,6986,0,3,398,188,1591,14,0.251256,2,0,0,6986,8054,7,0.07,26,6,0,8475600,10,99436700,58518200,1089470000,0
2,0,9,32,3,0,94,27517900000,0,7384,0,4,391,424,1592,14,0.511509,2,0,2,7384,8054,7,0.21,26,9,0,8675750,10,77793500,58518200,1091380000,0
2,0,3,28,2,0,96,27517100000,0,7775,0,6,337,554,1640,14,0,2,0,3,7775,8054,7,0.18,26,3,0,8959880,10,100509000,58521900,1092680000,0
2,0,1,28,2,0,89,27516600000,0,8112,0,6,358,488,1615,14,0.837989,2,0,4,8112,8054,7,0.29,26,1,0,8671710,10,87108300,58521900,1092790000,0
2,0,1,29,2,0,90,27516300000,0,8470,0,9,407,216,1601,15,0.737101,2,0,5,8470,8054,7,0.11,26,1,0,8505760,10,78066200,58521900,1092680000,0
2,0,1,30,2,0,90,27515800000,0,8877,0,12,438,85,1571,15,0,2,0,8,8877,8055,7,0.21,26,1,0,8628150,10,82600900,58523700,1093700000,0
2,0,4,34,3,0,86,27515200000,0,9315,0,12,433,81,1563,15,0,2,0,8,9315,8055,7,0.21,26,4,0,8210580,10,101697000,58523700,1094330000,0
2,0,6,31,3,0,95,27514600000,0,9748,0,12,431,188,1502,15,0.232019,2,0,8,9748,8055,7,0.18,26,6,0,8831360,10,79061700,58523700,1095910000,0
2,0,4,31,3,0,89,27513900000,0,10179,0,13,402,278,1532,15,0.497512,2,0,9,10179,8055,7,0.34,26,4,0,8550040,10,91277400,58524800,1099520000,0
2,0,2,30,2,0,94,27513400000,0,10581,0,15,354,488,1512,15,1.41243,2,0,12,10581,8055,7,0.27,26,3,0,8683050,10,97570000,58553000,1099830000,0
2,0,2,26,2,0,91,27512900000,0,10935,0,20,402,345,1521,15,0.746269,2,0,15,10935,8055,7,0.21,26,2,0,8551580,10,99735500,58553000,1102660000,0
2,0,0,26,2,0,84,27512300000,0,11337,0,23,417,143,1523,15,0,2,0,18,11337,8055,8,0.57,26,0,0,8527200,10,90902700,58553000,1103220000,0
2,0,1,30,3,0,81,27511900000,0,11754,0,23,472,12,1507,16,0,2,0,18,11754,8055,7,0.56,26,1,0,8315740,10,76371800,58553000,1103820000,0
2,0,6,29,3,0,90,27511000000,0,12226,0,23,491,122,1532,16,0,2,0,18,12226,8055,7,0.58,26,6,0,8478920,10,79951400,58553000,1105620000,0
2,0,1,33,3,0,87,27510000000,0,12717,0,23,353,469,1591,15,0,2,0,18,12717,8055,7,0.21,26,1,0,8616510,10,98872200,58553000,1108960000,0
2,0,2,29,3,0,90,27509000000,0,13070,0,23,374,339,1568,15,0.26738,2,0,18,13070,8055,7,0.08,26,2,0,8951650,10,100208000,58553000,1110400000,0
2,0,1,26,3,0,82,27508400000,0,13444,0,24,433,104,1598,15,0,2,0,21,13444,8055,7,0.11,26,1,0,8284000,10,101145000,58553000,1110730000,0
2,0,1,28,3,0,83,27507500000,0,13877,0,24,442,100,1612,15,0,2,0,20,13877,8055,7,0.31,26,1,0,8333040,10,93932000,58570400,1113620000,0
2,0,0,32,3,0,85,27506800000,0,14319,0,24,493,43,1603,15,0,2,0,20,14319,8055,7,0.15,26,0,0,8598350,10,94126400,58570400,1114540000,0
2,0,2,31,3,0,87,27505700000,0,14812,0,24,460,96,1619,14,0,2,0,20,14812,8055,7,0.36,26,2,0,8308220,10,93246000,58570400,1116360000,0
2,0,2,27,3,0,87,27504600000,0,15272,0,24,418,273,1655,14,0,2,0,20,15272,8055,7,0.22,26,2,0,8424560,10,100250000,58570400,1117560000,0
2,0,1,27,3,0,85,27503800000,0,15690,0,24,384,292,1706,14,0.260417,2,0,21,15690,8055,7,0.36,26,1,0,8747150,10,100493000,58571200,1120920000,0
2,0,2,25,2,0,81,27503300000,0,16074,0,25,346,93,1705,14,0,2,0,20,16074,8055,7,0.13,26,2,0,8111520,10,98437800,58571200,1121320000,0
2,0,0,27,3,0,76,27502800000,0,16420,0,25,443,65,1672,14,0,2,0,20,16420,8055,7,0.25,26,0,0,8309960,10,97522900,58571600,1122290000,0
2,0,2,23,3,0,81,27502100000,0,16863,0,25,428,147,1677,15,0.233645,2,0,20,16863,8055,7,0.28,26,2,0,8520190,10,68600400,58573700,1124620000,0
2,0,1,24,2,0,79,27501400000,0,17291,0,26,347,251,1696,15,0,2,0,21,17291,8055,7,0.25,26,1,0,8341430,10,67668400,58574200,1125060000,0
2,0,1,20,2,0,79,27500900000,0,17638,0,26,374,51,1626,15,0,2,0,21,17638,8055,7,0.24,26,1,0,8309880,10,73331200,58574200,1125690000,0
2,0,0,20,3,0,76,27500400000,0,18012,0,26,422,57,1581,14,0,2,0,22,18012,8055,7,0.26,26,0,0,8321980,10,68472500,58598500,1128330000,0
2,0,0,16,3,0,78,27499900000,0,18434,0,26,519,14,1571,15,0,2,0,22,18434,8055,7,0.39,26,0,0,8283190,10,65017000,58598500,1129030000,0
2,0,1,13,2,0,76,27499200000,0,18953,0,26,359,114,1601,15,0,2,0,22,18953,8055,7,0.25,26,1,0,8371860,10,69339200,58598500,1130860000,0
2,0,1,14,3,0,71,27498400000,0,19312,0,26,417,50,1588,14,0.239808,2,0,21,19312,8055,7,0.09,26,1,0,8196250,10,67670300,58599100,1131550000,0
3,0,1,18,3,0,73,27497500000,0,19728,1,26,436,26,1608,14,0,2,0,22,19729,8055,7,0.03,26,1,0,8374220,10,64702000,58599100,1132820000,0
3,0,3,20,3,0,79,27496500000,0,20164,1,26,408,41,1622,14,0,2,0,22,20165,8055,7,0.41,26,3,0,8576660,10,83901300,58599100,1134480000,0
3,0,3,17,3,0,77,27495700000,0,20572,1,26,378,93,1612,14,0,2,0,22,20573,8055,7,0.27,26,3,0,8263510,10,56063900,58599100,1135810000,0
3,0,0,21,2,0,74,27495100000,0,20950,1,26,383,80,1634,14,0,2,0,22,20951,8055,7,0.15,26,0,0,8385120,10,85111800,58599100,1136310000,0
3,0,0,20,2,0,81,27494600000,0,21333,1,26,356,113,1643,15,0,2,0,22,21334,8055,7,0.16,26,0,0,8887830,10,85139600,58599100,1138040000,0
3,0,1,18,3,0,78,27493700000,0,21689,1,26,323,135,1704,15,0,2,0,22,21690,8055,7,0.11,26,1,0,8038870,10,68506400,58602200,1138750000,0
3,0,1,22,2,0,77,27493200000,0,22012,1,26,397,167,1692,15,0,2,0,22,22013,8055,7,0.04,26,1,0,8390370,10,64226900,58611600,1139350000,0
3,0,2,26,2,0,82,27492700000,0,22409,1,26,347,106,1668,15,0,2,0,23,22410,8055,7,0.06,26,2,0,8663620,10,78853800,58618300,1140280000,0
3,0,4,28,3,0,86,27491700000,0,22756,1,26,369,98,1684,15,0,2,0,22,22757,8055,7,0.06,26,4,0,7987530,10,66906200,58618300,1141650000,0
3,0,3,25,3,0,85,27491000000,0,23125,1,26,400,172,1716,15,0,2,0,22,23126,8055,7,0.02,26,3,0,8424540,10,63774400,58618300,1142660000,0
3,0,0,21,3,0,82,27490300000,0,23525,1,26,371,368,1733,15,0.539084,2,0,22,23526,8055,7,0.05,26,0,0,8746650,10,65855000,58618300,1143680000,0
3,0,0,21,2,0,83,27489800000,0,23896,1,28,391,101,1712,16,0,2,0,24,23897,8055,7,0.05,26,0,0,8429740,10,72127900,58618300,1144130000,0
3,0,0,23,3,0,79,27489400000,0,24287,1,28,464,18,1698,16,0,2,0,24,24288,8055,7,0.33,26,0,0,8255870,10,76836200,58620800,1144520000,0
3,0,3,23,3,0,83,27488800000,0,24751,1,28,470,79,1677,16,0,2,0,24,24752,8055,7,0.32,26,3,0,8424130,10,64184500,58620800,1145350000,0
3,0,3,23,3,0,83,27488100000,0,25221,1,28,388,273,1629,16,0.257732,2,0,24,25222,8055,7,0.3,26,3,0,8444860,10,82133600,58696400,1146000000,0
3,0,2,21,2,0,86,27487700000,0,25609,1,29,350,421,1604,16,0.857143,2,0,25,25610,8055,7,0.11,26,2,0,8785730,10,87007000,58696400,1146900000,0
3,0,0,25,2,0,86,27487000000,0,25959,1,32,342,384,1603,16,0.877193,2,0,28,25960,8055,7,0.24,26,0,0,8552200,10,72957400,58705100,1150430000,0
3,0,6,28,2,0,87,27486200000,0,26301,1,35,351,150,1606,16,0,2,0,31,26302,8055,7,0.09,26,6,0,8250590,10,78758000,58705200,1151640000,0
3,0,5,30,3,0,88,27485300000,0,26652,1,35,439,132,1605,16,0,2,0,31,26653,8055,7,0.09,26,5,0,8429280,10,64779300,58705200,1152690000,0
3,0,4,28,3,0,90,27484500000,0,27091,1,35,466,224,1585,15,0,2,0,31,27092,8055,7,0.16,26,4,0,8557590,10,65018000,58705200,1153680000,0
3,0,1,30,3,0,85,27483900000,0,27557,1,35,436,155,1540,15,0,2,0,31,27558,8055,7,0.28,26,1,0,8417660,10,85685400,58707200,1154150000,0
3,0,4,31,3,0,91,27483100000,0,27993,1,35,440,157,1519,15,0,2,0,31,27994,8055,7,0.25,26,4,0,8387710,10,75192600,58707200,1155510000,0
3,0,2,27,3,0,89,27482200000,0,28433,1,35,435,247,1553,15,0.229885,2,0,31,28434,8055,7,0.16,26,2,0,8624910,10,95073400,58707200,1156550000,0
3,0,3,31,3,0,91,27481600000,0,28868,1,36,448,217,1563,15,0.223214,2,0,32,28869,8055,7,0.06,26,3,0,8507800,10,91853700,58707200,1157380000,0
3,0,4,33,3,0,92,27480800000,0,29316,1,37,476,112,1553,15,0.210084,2,0,33,29317,8055,7,0.23,26,4,0,8443820,10,68154000,58707200,1158230000,0
3,0,3,32,3,0,91,27479800000,0,29792,1,38,389,342,1583,14,0,2,0,34,29793,8055,7,0.08,26,3,0,8502880,10,79544600,58708800,1160270000,0
3,0,4,29,3,0,87,27479100000,0,30181,1,38,385,310,1617,15,0.25974,2,0,35,30182,8055,7,0.37,26,4,0,8555050,10,76931400,58708800,1161160000,0
3,0,0,26,2,0,83,27478400000,0,30566,1,39,388,411,1642,15,0.257732,2,0,37,30567,8055,7,0.44,26,0,0,8851360,10,86607500,58709400,1162450000,0
3,0,0,30,3,0,84,27477600000,0,30954,1,40,411,191,1666,15,0,2,0,37,30955,8055,7,0.27,26,0,0,8410130,10,94746900,58712000,1163500000,0
3,0,4,26,2,0,86,27477000000,0,31365,1,40,379,123,1621,15,0.263852,2,0,36,31366,8055,7,0.3,26,4,0,8366820,10,74452400,58712000,1164910000,0
3,0,0,36,3,0,83,27476300000,0,31744,1,41,383,157,1625,15,0,2,0,37,31745,8055,7,0.23,26,0,0,8410100,10,72175500,58712000,1165510000,0
3,0,3,46,3,0,93,27475400000,0,32127,1,41,415,122,1594,14,0,2,0,37,32128,8057,7,0.19,27,3,0,9170840,11,89426900,58726200,1167460000,0
3,0,6,56,4,0,97,27474200000,0,32542,1,41,371,305,1608,14,0.539084,2,0,37,32543,8057,7,0.07,30,6,0,8674300,11,85380100,58825700,1171550000,0
3,0,3,56,4,0,107,27472700000,0,32913,1,43,373,547,1676,13,0,2,0,39,32914,8057,7,0.1,30,3,0,9441640,11,93253000,58845700,1172190000,0
3,0,2,66,3,0,113,27471300000,0,33286,1,43,347,642,1742,13,0.288184,2,0,39,33287,8057,7,0.15,30,2,0,9391830,11,90493000,58854400,1175550000,0
3,0,4,76,4,0,115,27470000000,0,33633,1,44,398,274,1777,13,0,2,0,39,33634,8057,7,0.05,30,4,0,9099820,11,77130600,58912400,1175800000,0
3,0,3,86,3,0,117,27468900000,0,34031,1,44,438,299,1754,13,0.456621,2,0,39,34032,8057,7,0.02,30,3,0,9225940,11,92133800,58917400,1177260000,0
3,0,4,96,3,0,108,27467800000,0,34469,1,46,429,345,1815,13,0,2,0,41,34470,8057,7,0.01,30,4,0,8537550,11,84499700,58924000,1179490000,0
3,0,5,106,3,0,113,27466600000,0,34898,1,46,423,337,1855,13,0.236407,2,0,41,34899,8057,7,0,30,5,0,10033300,11,88272600,58926300,1182020000,0
3,0,2,116,3,0,118,27465300000,0,35321,1,47,443,842,1857,13,1.3544,2,0,43,35322,8057,7,0,30,4,0,10141100,11,97848800,58928400,1184150000,0
3,0,0,126,3,0,115,27464200000,0,35764,1,53,434,434,1866,13,0,2,0,48,35765,8057,7,0.14,30,0,0,9870440,11,111287000,58935700,1185080000,0
3,0,1,136,4,0,119,27463100000,0,36198,1,53,460,115,1882,13,0,2,0,48,36199,8057,7,0.16,30,1,0,9439840,11,84495200,58995900,1185710000,0
3,0,0,146,4,0,121,27461700000,0,36658,1,53,503,634,1936,13,0.596421,2,0,48,36659,8057,7,0.36,32,2,0,10394000,11,102083000,59124500,1189850000,0
3,0,2,156,4,0,125,27460600000,0,37161,1,56,489,384,1979,14,0.408998,2,0,51,37162,8057,7,0.31,32,3,0,10362800,11,86168700,59125000,1193780000,0
3,0,4,166,4,0,121,27459400000,0,37650,1,58,499,678,1991,14,0.601202,2,0,53,37651,8057,7,0.11,32,4,0,10255800,11,68925900,59016500,1195790000,0
3,0,5,176,4,0,162,27458300000,0,38149,1,61,441,580,2020,14,1.36054,2,0,55,38150,8061,7,0.27,32,7,0,10709600,11,84390200,59129200,1197060000,0
3,0,8,186,4,0,162,27457000000,0,38590,1,67,448,945,2057,14,3.125,2,0,63,38591,8063,7,0.58,32,8,0,11595300,11,63524400,59161300,1198510000,0
3,0,9,196,7,0,126,27455800000,0,39038,1,82,462,1196,2070,14,3.8961,2,0,75,39039,8063,8,0.28,34,9,0,12189300,11,81427900,59342600,1203460000,0
3,0,0,206,3,0,124,27454900000,0,39500,1,99,414,823,2073,14,2.17391,2,0,94,39501,8063,7,0.25,34,1,0,11020200,11,64318700,59353400,1202960000,0
3,0,3,216,3,0,141,27453800000,0,39914,1,108,375,523,2082,14,0.266667,2,0,102,39915,8069,7,0.2,43,3,0,10391900,24,84783300,59380600,1209380000,0
3,0,3,226,3,0,181,27452600000,0,40289,1,109,447,455,2098,14,0.894855,2,0,104,40290,8070,7,0.19,45,3,0,11373500,21,92572100,59401900,1213280000,0
3,0,5,236,3,0,136,27451500000,0,40736,1,113,446,572,2124,14,1.79372,2,0,108,40737,8070,7,0.07,45,5,0,11376400,21,74954300,59401900,1214290000,0
3,0,2,246,3,0,151,27450200000,0,41182,1,121,420,768,2134,14,1.42857,2,0,114,41183,8070,7,0.24,46,3,0,11113500,21,84205700,59401900,1218330000,0
3,0,4,256,3,0,128,27449200000,0,41602,1,127,411,255,2153,14,0.486618,2,0,121,41603,8071,7,0.29,48,4,0,9196460,21,98047200,59418200,1219190000,0
3,0,0,266,2,0,98,27448100000,0,42013,1,129,324,731,2180,15,0.617284,2,0,124,42014,8071,7,0.1,48,0,0,8891800,21,87266300,59418700,1218450000,0
3,0,6,276,3,0,175,27446500000,0,42337,1,131,369,151,2229,15,0,2,0,125,42338,8071,8,0.04,49,6,0,10037900,24,85252400,59441100,1224720000,0
3,0,2,286,3,0,141,27445300000,0,42706,1,131,474,553,2240,14,0.843882,2,0,125,42707,8071,7,0.08,49,3,0,11173000,21,98605100,59442900,1228850000,0
3,0,5,296,4,0,189,27443800000,0,43180,1,135,519,625,2264,14,1.15607,2,0,129,43181,8071,7,0.2,50,6,0,12666000,33,96640600,59446900,1233650000,0
3,0,2,306,4,0,149,27442700000,0,43699,1,141,492,369,2272,14,0.406504,2,0,137,43700,8070,7,0.19,50,2,0,11106500,21,99203400,59442000,1241340000,0
3,0,2,316,3,0,148,27441600000,0,44191,1,143,504,484,2281,15,1.38889,2,0,140,44192,8070,7,0.07,50,2,0,11482800,21,103422000,59478500,1242610000,0
3,0,1,326,3,0,111,27440600000,0,44695,1,150,385,677,2294,15,1.03896,2,0,145,44696,8070,7,0.03,50,1,0,9513680,21,86309700,59490400,1243120000,0
3,0,1,336,3,0,116,27439600000,0,45080,1,154,370,724,2268,15,0.810811,2,0,150,45081,8070,7,0.01,52,1,0,8705050,21,72139200,59496000,1246740000,0
3,0,0,346,2,0,118,27438900000,0,45450,1,157,230,240,2268,16,0.434783,2,0,152,45451,8070,7,0.39,52,0,0,6240570,21,78851300,59516800,1246790000,0
3,0,0,356,1,0,106,27438200000,0,45680,1,158,211,112,2226,16,0,2,0,150,45681,8070,7,0.14,52,0,0,5443850,21,82989100,59521200,1247870000,0
3,0,1,366,3,0,135,27437000000,0,45891,1,158,303,339,2200,16,0,2,0,152,45892,8070,7,0.05,55,1,0,8155020,27,75247600,59534700,1252970000,0
3,0,0,376,2,0,143,27434500000,0,46608,1,159,172,1284,2204,15,0.581395,2,0,155,46609,8070,7,0.02,55,0,0,5938830,21,80350600,59557900,1253810000,0
3,0,0,386,2,0,143,27434500000,0,46608,1,159,172,1284,2204,15,0.581395,2,0,155,46609,8070,7,0.02,55,0,0,5938830,21,80350600,59557900,1253810000,0
3,0,0,396,1,0,167,27433800000,0,46780,1,160,124,62,2181,15,0,2,0,156,46781,8070,7,0.01,55,0,0,3838120,23,105509000,59558400,1254910000,0
3,0,0,406,1,0,107,27433000000,0,46904,1,160,174,330,2150,15,0,2,0,156,46905,8070,7,0.1,55,0,0,4647470,21,103210000,59560100,1256800000,0
3,0,0,416,3,0,146,27431400000,0,47078,1,160,292,300,2203,15,0.342466,2,0,156,47079,8070,7,0.04,61,0,0,8700420,21,111785000,59567000,1259650000,0
3,0,0,426,2,0,168,27430300000,0,47370,1,161,228,120,2222,15,0,2,0,156,47371,8070,7,0.01,61,0,0,6458800,22,94247300,59570400,1261600000,0
3,0,2,436,2,0,177,27429000000,0,47598,1,161,261,135,2257,14,0,2,0,157,47599,8070,7,2.8,62,2,0,7187300,36,111824000,59577100,1262610000,0
3,0,5,446,4,0,225,27427100000,0,47859,1,161,372,318,2352,14,0,2,0,157,47860,8070,7,1.2,66,5,0,10153100,37,110374000,59596700,1275810000,0
3,0,0,456,3,0,144,27425500000,0,48231,1,161,279,799,2404,14,0,2,0,154,48232,8070,7,0.6,66,0,0,8452450,25,119869000,59622100,1274700000,0
3,0,6,466,5,0,224,27423000000,0,48510,1,161,458,303,2538,13,0,2,0,153,48511,8071,7,1.37,66,6,0,12609800,21,93853100,59643900,1292000000,0
3,0,0,476,2,0,121,27421700000,0,48968,1,161,242,926,2551,13,0.413223,2,0,153,48969,8071,7,0.64,66,0,0,7410190,21,87709400,59644100,1294000000,0
3,0,2,486,4,0,229,27419800000,0,49210,1,162,320,391,2619,13,0,2,0,155,49211,8073,7,0.23,67,2,0,9447460,37,129513000,59682000,1301850000,0
3,0,2,496,3,0,127,27418300000,0,49530,1,162,276,1058,2671,13,0,2,0,156,49531,8073,7,0.09,67,2,0,7979350,21,116674000,59682200,1305050000,0
3,0,0,506,3,0,200,27416800000,0,49806,1,162,326,323,2726,13,0,2,0,156,49807,8073,7,0.03,68,0,0,9152160,36,117845000,59699700,1310520000,0
3,0,2,516,4,0,170,27414800000,0,50132,1,162,390,493,2809,13,0.25641,2,0,156,50133,8073,7,1.83,74,2,0,10604900,21,110056000,59724500,1310560000,0
3,0,1,526,2,0,149,27413700000,0,50522,1,163,190,612,2829,13,0.526316,2,0,156,50523,8073,7,1.62,75,2,0,5692780,21,132861000,59725600,1312280000,0
3,0,3,536,3,0,177,27411900000,0,50712,1,164,317,392,2867,13,0,2,0,159,50713,8073,7,2.09,75,3,0,9500180,21,107455000,59733100,1316200000,0
3,0,3,546,3,0,179,27410300000,0,51029,1,164,328,410,2917,13,0.304878,3,0,159,51030,8073,7,0.77,75,3,0,9372070,21,156787000,59736100,1322820000,0
3,0,0,556,2,0,135,27409700000,0,51357,1,165,301,276,2930,13,0,3,0,160,51358,8073,8,0.28,76,0,0,6461110,21,152854000,59747700,1322020000,0
3,0,2,566,5,0,293,27407500000,0,51658,1,165,553,166,3020,13,0,3,0,160,51659,8073,7,0.48,77,2,0,13658700,45,155004000,59759300,1344400000,0
3,0,0,576,2,0,148,27406400000,0,52211,1,165,216,647,2989,13,0,3,0,160,52212,8073,7,0.23,77,0,0,6393690,21,152276000,59759300,1340760000,0
3,0,1,586,2,0,150,27405500000,0,52427,1,165,245,178,2963,13,0.408163,3,0,159,52428,8073,7,0.08,77,1,0,6314790,21,139152000,59760800,1345500000,0
3,0,0,596,2,0,130,27403400000,0,52905,1,166,271,179,2909,14,0.738007,3,0,160,52906,8073,7,0.01,77,0,0,7050020,21,165790000,59826200,1353490000,0
3,0,0,600,2,0,130,27403400000,0,52905,1,166,271,179,2909,14,0.738007,3,0,160,52906,8073,7,0.01,77,0,0,7050020,21,165790000,59826200,1353490000,0
3,0,0,600,2,0,202,27402200000,0,53174,3,166,259,267,2922,14,0,3,0,162,53177,8073,7,0,77,0,0,7316400,41,154601000,59829300,1356170000,0
3,0,1,600,3,0,180,27400900000,0,53433,3,166,350,203,2978,14,0,3,0,161,53436,8073,7,0.58,77,1,0,8704300,32,136069000,59829300,1363350000,0
3,0,0,600,2,0,171,27400100000,0,53783,3,166,249,217,2997,14,0.803213,3,0,162,53786,8073,7,0.21,77,0,0,5988140,24,111642000,59829300,1369060000,0
3,0,0,600,2,0,126,27399400000,0,54031,4,167,252,162,3013,15,0,3,0,163,54035,8073,7,0.08,77,0,0,5860350,21,123303000,59832600,1371770000,0
3,0,0,600,2,0,144,27398800000,0,54283,4,167,317,149,3042,15,0,3,0,164,54287,8073,7,0.06,77,0,0,6674440,21,155024000,59834100,1373800000,0
3,0,0,600,2,0,164,27398200000,0,54600,4,167,289,119,3052,16,0,3,0,164,54604,8073,7,0.06,77,0,0,6177090,36,157536000,59834100,1375410000,0
3,0,0,600,1,0,133,27397900000,0,54889,4,167,147,119,2982,16,0,3,0,164,54893,8073,7,0.02,77,0,0,3301080,21,143712000,59834500,1375530000,0
3,0,0,600,1,0,147,27397300000,0,55036,4,167,270,88,2934,16,0,3,0,165,55040,8073,7,0.01,77,0,0,5729820,23,135191000,59834500,1376370000,0
3,0,0,600,3,0,220,27396200000,0,55306,4,167,406,267,2961,17,0.246305,3,0,163,55310,8073,7,0.07,77,0,0,9169810,57,118273000,59896700,1381040000,0
3,0,0,600,2,0,138,27395300000,0,55712,4,168,218,121,2957,17,0,3,0,163,55716,8073,7,0.03,77,0,0,5552030,21,136856000,59898100,1379760000,0
3,0,2,600,2,0,183,27394500000,0,55930,4,168,260,70,2897,18,0,3,0,163,55934,8073,7,0.09,77,2,0,6248570,32,163982000,59902600,1381970000,0
3,0,0,600,2,0,229,27393400000,0,56190,4,168,368,421,2865,18,0.543478,3,0,163,56194,8073,7,0.03,79,0,0,8647830,58,134280000,59907000,1387330000,0
3,0,0,600,2,0,108,27393100000,0,56558,4,170,189,177,2789,18,0,3,0,166,56562,8073,7,0.01,79,0,0,3783260,22,171277000,59961100,1385350000,0
3,0,0,600,1,0,165,27392700000,0,56747,4,170,249,114,2713,18,0,3,0,166,56751,8073,7,1.16,79,0,0,5207590,21,180730000,59966400,1385320000,0
3,0,1,600,2,0,245,27392200000,0,56996,4,170,431,122,2577,18,0,3,0,168,57000,8073,7,0.59,79,1,0,8121140,44,144325000,59968900,1387360000,0
3,2,5,600,1,0,216,27392000000,0,57427,4,170,271,184,2445,19,0.369004,3,0,168,57431,8073,7,1.15,79,5,0,4688250,42,149468000,59977300,1386160000,0
3,0,0,600,1,0,195,27391600000,0,57698,4,171,276,93,2283,19,0,2,0,168,57702,8073,7,0.49,79,0,0,5870610,39,175176000,59977300,1387180000,0
3,0,1,600,2,0,236,27391200000,0,57974,4,171,393,92,2216,19,0,2,0,169,57978,8073,7,0.63,80,1,0,7160680,47,150506000,59960800,1390000000,0
3,0,0,600,2,0,244,27390500000,0,58767,4,173,421,165,1960,19,0,2,0,171,58771,8073,7,1.88,82,0,0,7781740,48,154102000,59986200,1395270000,0
3,0,0,600,2,0,244,27390500000,0,58767,4,173,421,165,1960,19,0,2,0,171,58771,8073,7,1.88,82,0,0,7781740,48,154102000,59986200,1395270000,0
3,0,0,600,2,0,258,27390100000,0,59188,4,173,349,151,1816,19,0,2,0,171,59192,8074,7,0.69,83,0,0,6335020,65,172371000,60014900,1401300000,0
3,0,0,600,2,0,218,27389800000,0,59537,4,173,425,123,1746,20,0,2,0,171,59541,8074,7,3.92,84,0,0,7454130,47,197554000,60042400,1403650000,0
3,1,18,600,1,0,198,27389500000,0,59962,4,173,219,195,1641,20,0,2,0,171,59966,8074,7,1.44,84,19,0,3800900,55,189987000,60047100,1403640000,0
3,0,0,600,0,0,127,27389400000,0,60181,4,173,109,62,1531,20,0,2,0,171,60185,8074,7,0.53,84,0,0,2310010,21,161629000,60054300,1405240000,0
3,0,1,600,2,0,301,27389000000,0,60290,4,173,452,166,1416,20,0,2,0,171,60294,8075,7,0.51,84,1,0,8321810,59,214663000,60064500,1411870000,0
3,0,0,600,2,0,172,27388700000,0,60742,4,173,269,237,1321,20,0.743494,2,0,171,60746,8075,7,0.23,84,0,0,5171310,27,115187000,60072300,1418040000,0
3,0,0,600,1,0,182,27388500000,0,61011,4,175,231,74,1209,20,0,2,0,174,61015,8075,7,0.08,84,0,0,4254740,46,167650000,60092100,1419670000,0
3,0,0,600,1,0,209,27388000000,0,61461,4,175,263,107,1081,21,0,2,0,174,61465,8075,7,0.16,84,0,0,4852180,43,138195000,60102500,1431420000,0
3,0,0,600,1,0,209,27388000000,0,61461,4,175,263,107,1081,21,0,2,0,174,61465,8075,7,0.16,84,0,0,4852180,43,138195000,60102500,1431420000,0
3,0,1,600,1,0,174,27387800000,0,61724,4,175,225,63,1020,21,0,2,0,175,61728,8075,7,2.38,84,1,0,3892690,27,188421000,60112900,1431350000,0
3,0,0,600,1,0,147,27387300000,0,62083,4,175,300,57,891,22,0,2,0,172,62087,8075,7,0.32,84,0,0,5358410,21,142446000,60121900,1432030000,0
3,0,0,600,1,0,147,27387300000,0,62083,4,175,300,57,891,22,0,2,0,172,62087,8075,7,0.32,84,0,0,5358410,21,142446000,60121900,1432030000,0
3,0,0,600,1,0,146,27387100000,0,62383,4,175,234,165,797,22,0,2,0,172,62387,8079,7,0.12,86,0,0,3923610,21,135571000,60146100,1435130000,0
3,0,0,600,0,0,94,27386900000,0,62617,4,175,159,70,739,22,0,2,0,172,62621,8079,7,0.18,86,0,0,2847960,21,173903000,60153000,1434960000,0
3,0,0,600,1,0,164,27386800000,0,62776,4,175,173,114,676,22,0,2,0,172,62780,8079,7,1.04,75,0,0,2916740,21,146331000,60183100,1436020000,0
3,0,0,600,1,0,190,27386500000,0,62949,4,175,267,153,614,22,0,2,0,172,62953,8079,7,0.38,77,0,0,4678450,21,139513000,60214200,1436880000,0
3,0,0,600,1,0,118,27386200000,0,63216,4,175,279,103,583,22,0,2,0,172,63220,8079,7,1.54,77,0,0,4895470,21,145174000,60224400,1438020000,0
3,0,1,600,2,0,284,27385700000,0,63495,4,175,517,169,567,22,0.193424,2,0,172,63499,8079,7,0.56,82,2,0,8600100,61,191470000,60259400,1443450000,0
3,0,1,600,1,0,246,27385500000,0,64012,4,176,314,223,512,21,0.318471,2,0,174,64016,8079,7,5.09,88,1,0,5609560,61,196415000,60267100,1442670000,0
3,0,5,600,1,0,280,27384800000,0,64652,4,177,337,343,420,21,0,2,0,176,64656,8079,7,0.7,94,5,0,6316970,72,200701000,60286900,1446940000,0
3,0,5,600,1,0,280,27384800000,0,64652,4,177,337,343,420,21,0,2,0,176,64656,8079,7,0.7,94,5,0,6316970,72,200701000,60286900,1446940000,0
3,0,0,600,1,0,167,27384400000,0,64989,4,177,380,240,390,20,0.263158,2,0,173,64993,8079,7,0.68,94,0,0,7503520,36,213733000,60287100,1445940000,0
3,0,0,600,2,0,103,27384100000,0,65369,4,178,364,80,347,17,0,2,0,176,65373,8079,7,0.25,94,0,0,6286630,21,165649000,60306400,1445540000,0
3,0,0,600,1,0,226,27383700000,0,65733,4,178,360,105,350,16,0,2,0,175,65737,8079,7,0.09,94,0,0,5096050,38,196309000,60303800,1447330000,0
3,0,0,600,1,0,120,27383400000,0,66093,4,178,238,131,317,14,0,2,0,176,66097,8079,7,0.08,94,0,0,5492050,22,207373000,60304500,1447290000,0
3,0,0,600,2,0,200,27383000000,0,66331,4,178,379,132,319,13,0,2,0,176,66335,8079,7,0.24,94,0,0,6691350,61,166822000,60455700,1451210000,0
3,0,0,600,1,0,162,27382700000,0,66710,4,178,341,68,332,13,0,2,0,174,66714,8079,7,0.15,94,0,0,5657810,30,182128000,60458600,1454580000,0
3,0,0,600,1,0,137,27382500000,0,67051,4,178,281,74,327,12,0,2,0,174,67055,8079,7,0.05,94,0,0,4750660,21,176581000,60463100,1454880000,0
3,0,1,600,2,0,233,27382100000,0,67332,4,178,396,92,330,11,0,2,0,174,67336,8079,7,1.83,94,1,0,6513720,45,211094000,60465800,1458540000,0
3,0,0,600,1,0,152,27381800000,0,67728,4,178,259,72,331,11,0,2,0,174,67732,8079,7,0.74,94,0,0,4458310,34,207249000,60472700,1460670000,0
3,0,0,600,1,0,103,27381500000,0,67987,4,178,276,142,342,11,0,2,0,174,67991,8079,7,0.39,94,0,0,4614580,21,222496000,60469700,1465460000,0
3,0,0,600,1,0,178,27381300000,0,68263,4,178,188,143,346,11,0,2,0,174,68267,8079,7,0.14,94,0,0,2947210,21,206296000,60469700,1469780000,0
3,0,0,600,1,0,153,27381100000,0,68451,4,178,275,130,360,11,0,2,0,174,68455,8079,7,0.05,94,0,0,4479660,21,217332000,60480000,1472390000,0
3,0,0,600,1,0,158,27380900000,0,68726,4,178,155,148,360,12,0,2,0,174,68730,8079,7,0.61,94,0,0,2827140,43,185599000,60481300,1477010000,0
3,0,0,600,0,0,109,27380800000,0,68881,4,178,96,88,360,12,0,2,0,173,68885,8079,7,0.22,90,0,0,1624680,21,214196000,60483400,1476270000,0
3,0,0,600,0,0,113,27380800000,0,68977,4,178,68,23,358,13,0,2,0,174,68981,8079,7,0.08,71,0,0,1169500,21,239892000,60483400,1473780000,0
3,0,0,600,0,0,88,27380700000,0,69045,4,178,76,111,351,13,0,2,0,174,69049,8079,7,0.03,71,0,0,1354810,21,188111000,60488000,1476070000,0
3,0,0,600,0,0,98,27380700000,0,69121,4,178,26,73,344,14,0,2,0,174,69125,8079,7,0.01,42,0,0,593265,21,199656000,60488400,1471680000,0
3,0,0,600,0,0,76,27380700000,0,69147,4,178,5,43,340,14,0,2,0,174,69151,8079,7,0.05,25,0,0,199901,21,205480000,60488400,1468880000,0
3,0,0,600,1,0,202,27380400000,0,69152,4,178,195,56,345,15,0,2,0,174,69156,8079,7,0.43,46,0,0,3503170,21,190801000,60488600,1473170000,0
3,0,0,600,1,0,105,27379700000,0,69866,4,180,227,331,389,14,1.76211,2,0,177,69870,8079,7,0.09,55,0,0,3959140,21,251719000,60488600,1481500000,0
3,0,0,600,1,0,105,27379700000,0,69866,4,180,227,331,389,14,1.76211,2,0,177,69870,8079,7,0.09,55,0,0,3959140,21,251719000,60488600,1481500000,0
3,0,0,600,1,0,127,27379200000,0,70269,4,184,227,115,406,14,0,2,0,180,70273,8079,7,0.01,55,0,0,4144640,21,150902000,60482900,1484980000,0
3,0,0,600,1,0,127,27379200000,0,70269,4,184,227,115,406,14,0,2,0,180,70273,8079,7,0.01,55,0,0,4144640,21,150902000,60482900,1484980000,0
3,0,0,600,1,0,85,27378700000,0,70618,4,184,233,338,425,15,0.429185,2,0,178,70622,8079,7,0.06,64,0,0,4516670,21,129337000,60483200,1487270000,0
3,0,0,600,1,0,202,27378500000,0,70851,4,185,283,230,430,15,0.706714,2,0,179,70855,8079,7,0.47,64,0,0,5282180,21,127574000,60485300,1489400000,0
3,0,0,600,1,0,202,27378500000,0,70851,4,185,283,230,430,15,0.706714,2,0,179,70855,8079,7,0.47,64,0,0,5282180,21,127574000,60485300,1489400000,0
3,0,1,600,1,0,199,27378200000,0,71134,4,187,250,137,438,15,0,2,0,182,71138,8079,7,0.17,64,1,0,4665120,31,125933000,60485300,1488670000,0
3,0,0,600,0,0,102,27378100000,0,71492,4,187,84,48,426,16,0,2,0,182,71496,8079,7,0.02,42,0,0,1622190,21,175766000,60499100,1489280000,0
3,0,0,600,0,0,102,27378100000,0,71492,4,187,84,48,426,16,0,2,0,182,71496,8079,7,0.02,42,0,0,1622190,21,175766000,60499100,1489280000,0
3,0,0,600,1,0,191,27377800000,0,71576,4,187,235,192,436,16,0.425532,2,0,182,71580,8079,7,0.01,48,0,0,4416570,21,165409000,60501600,1491520000,0
3,0,0,600,0,0,103,27377700000,0,71811,4,188,127,110,435,17,0,2,0,185,71815,8079,7,0,50,0,0,2309860,21,137153000,60501800,1498340000,0
3,0,2,600,2,0,237,27376800000,0,72387,4,192,443,130,461,14,0,2,0,186,72391,8079,7,0,69,2,0,8345740,21,183211000,60501800,1524250000,0
3,0,2,600,2,0,237,27376800000,0,72387,4,192,443,130,461,14,0,2,0,186,72391,8079,7,0,69,2,0,8345740,21,183211000,60501800,1524250000,0
3,0,4,600,1,0,271,27376500000,0,72830,4,192,303,290,462,14,0.330033,2,0,187,72834,8079,7,0.12,70,4,0,5957660,50,197019000,60519300,1542310000,0
3,0,0,600,2,0,134,27376000000,0,73133,4,193,471,303,474,13,1.4862,2,0,188,73137,8080,7,0.25,73,0,0,8886500,21,188434000,60542100,1552110000,0
3,0,1,600,1,0,240,27375600000,0,73604,4,200,375,99,485,13,0,2,0,196,73608,8080,7,0.77,73,1,0,6575670,37,151283000,60543500,1570990000,0
3,0,0,600,3,0,151,27375100000,0,73979,4,200,550,215,505,12,0.545455,2,0,197,73983,8080,7,0.36,84,0,0,9535760,21,157041000,60580000,1586620000,0
3,0,0,600,2,0,130,27374700000,0,74529,4,203,488,155,521,12,0.204918,2,0,201,74533,8080,7,0.16,87,0,0,8369750,21,206004000,60586500,1604910000,0
3,0,0,600,1,0,157,27374500000,0,75017,4,204,196,151,519,12,0,2,0,200,75021,8080,7,1.67,90,0,0,3344570,21,193012000,60587000,1619120000,0
3,0,0,600,1,0,165,27374300000,0,75213,4,204,204,159,514,12,0,2,0,200,75217,8080,7,0.61,94,0,0,3390720,29,188355000,60587000,1635760000,0
3,0,0,600,1,0,164,27374000000,0,75417,4,204,300,121,524,12,0,2,0,200,75421,8080,7,0.28,95,0,0,5184390,21,201007000,60602100,1656320000,0
3,0,2,600,3,0,173,27373400000,0,75717,4,204,615,183,566,11,0.162602,2,0,199,75721,8080,7,0.14,95,2,0,10623000,24,239811000,60762800,1664110000,0
3,0,0,600,1,0,170,27373200000,0,76332,4,205,218,388,567,11,0,2,0,201,76336,8080,7,0.13,95,0,0,4479810,22,231859000,60763400,1663800000,0
3,0,0,600,0,0,115,27373000000,0,76550,4,205,152,84,572,12,0,2,0,203,76554,8080,7,0.05,95,0,0,3026530,21,208104000,60763400,1663740000,0
3,0,0,600,1,0,177,27372800000,0,76702,4,205,262,142,585,12,0,2,0,202,76706,8080,7,0.44,94,0,0,4843310,21,203170000,60765700,1664800000,0
3,0,1,600,4,0,240,27372100000,0,76964,4,205,576,234,600,12,0.520833,2,0,203,76968,8080,7,0.41,94,1,0,11085900,59,212824000,61247700,1669220000,0
3,0,0,600,2,0,151,27371700000,0,77540,4,208,433,327,626,13,0.692841,2,0,204,77544,8080,7,0.2,94,0,0,8377330,21,245711000,61252400,1668450000,0
3,0,1,600,1,0,143,27371500000,0,77973,4,211,240,110,641,13,0,2,0,208,77977,8080,7,0.52,94,1,0,4363990,40,244994000,61271100,1669890000,0
3,0,0,600,2,0,179,27371100000,0,78213,4,211,369,400,662,14,0.542005,2,0,206,78217,8080,7,0.77,94,0,0,7898190,21,195004000,61310300,1672490000,0
3,0,0,600,1,0,135,27370700000,0,78582,4,213,353,286,675,14,0.849858,2,0,209,78586,8080,7,0.28,94,0,0,7080720,21,230861000,61332200,1673530000,0
3,0,1,600,1,0,153,27370500000,0,78935,4,216,243,430,657,14,0,2,0,212,78939,8080,7,0.17,94,1,0,5872050,34,147904000,61340000,1679470000,0
3,0,0,600,1,0,88,27370300000,0,79178,4,216,185,381,645,14,0,2,0,212,79182,8080,7,0.06,94,0,0,4384770,21,126870000,61340000,1679340000,0
3,0,0,600,0,0,104,27370200000,0,79363,4,216,105,92,634,14,0.952381,2,0,212,79367,8080,7,0.43,93,0,0,2554550,21,164180000,61340000,1681260000,0
3,0,0,600,1,0,165,27370000000,0,79467,5,216,186,196,642,15,0,2,0,212,79472,8080,7,0.16,92,0,0,4392520,23,153545000,61340000,1681630000,0
3,0,1,600,1,0,170,27369800000,0,79653,5,216,185,175,646,15,0,2,0,210,79658,8080,7,0.06,92,1,0,4389040,33,131223000,61356400,1683250000,0
3,0,0,600,0,0,116,27369700000,0,79838,5,216,137,337,642,15,0,2,0,211,79843,8080,7,0.02,92,0,0,3974370,21,175832000,61356400,1685310000,0
3,0,0,600,1,0,140,27369400000,0,79975,5,216,248,163,643,15,0,2,0,212,79980,8080,7,0.05,91,0,0,5394380,21,179346000,61359400,1685320000,0
3,0,0,600,1,0,147,27369100000,0,80223,5,216,207,131,653,15,0,2,0,211,80228,8080,7,0.02,91,0,0,4957430,30,184759000,61368900,1685410000,0
3,0,7,600,2,0,340,27368700000,0,80430,5,216,395,244,695,15,0,2,0,214,80435,8080,7,0.01,93,7,0,8560200,67,173704000,61368900,1691500000,0
3,0,0,600,1,0,135,27368500000,0,80825,5,216,273,969,713,16,2.9304,2,0,213,80830,8080,7,3.01,97,1,0,6762820,35,185771000,61404000,1688130000,0
3,0,0,600,1,0,90,27368100000,0,81098,5,224,337,319,743,15,0.890208,2,0,220,81103,8080,7,1.19,97,0,0,7505640,21,156289000,61404300,1688030000,0
3,0,0,600,0,0,99,27368000000,0,81435,5,227,123,97,737,16,0,2,0,224,81440,8080,7,0.44,94,0,0,2488760,21,195414000,61406500,1687910000,0
3,0,10,600,1,0,307,27367300000,0,81854,5,229,288,473,739,15,1.04167,2,0,227,81859,8080,7,0.06,93,11,0,6149190,75,190813000,61407600,1693380000,0
3,0,10,600,1,0,307,27367300000,0,81854,5,229,288,473,739,15,1.04167,2,0,227,81859,8080,7,0.06,93,11,0,6149190,75,190813000,61407600,1693380000,0
3,0,0,600,1,0,176,27367100000,0,82142,5,232,180,830,712,15,1.66667,2,0,230,82147,8080,7,0.02,93,0,0,5464140,33,168034000,61454200,1689650000,0
3,0,0,600,1,0,137,27366700000,0,82412,5,235,230,312,681,15,0.434783,2,0,231,82417,8080,7,0.1,91,1,0,5616530,21,223877000,61454200,1690020000,0
3,0,0,600,1,0,137,27366700000,0,82412,5,235,230,312,681,15,0.434783,2,0,231,82417,8080,7,0.1,91,1,0,5616530,21,223877000,61454200,1690020000,0
3,0,1,600,1,0,146,27366500000,0,82642,5,236,163,297,686,15,0,2,0,233,82647,8080,7,0.12,84,1,0,4432200,21,229897000,61454200,1689270000,0
3,0,0,600,1,0,118,27366300000,0,82805,5,236,158,480,675,15,0.632911,2,0,235,82810,8080,7,0.19,94,0,0,4145790,21,208258000,61456300,1690560000,0
3,0,0,600,1,0,88,27366100000,0,83021,5,237,178,468,668,15,0.561798,2,0,232,83026,8080,7,0.03,49,0,0,5143130,21,211861000,61458900,1686680000,0
3,0,0,600,1,0,88,27366100000,0,83021,5,237,178,468,668,15,0.561798,2,0,232,83026,8080,7,0.03,49,0,0,5143130,21,211861000,61458900,1686680000,0
3,0,0,600,0,0,111,27366000000,0,83199,5,238,85,115,639,15,0,2,0,234,83204,8080,7,0.25,49,0,0,2267360,21,173560000,61458900,1687130000,0
3,0,4,600,1,0,186,27365700000,0,83284,5,238,229,187,612,15,0,2,0,232,83289,8080,7,0.09,52,4,0,6144860,32,165501000,61458900,1689430000,0
3,0,1,600,1,0,168,27365500000,0,83513,5,238,218,829,610,15,1.37615,2,0,234,83518,8080,7,0.03,52,1,0,6759530,33,227256000,61460700,1688320000,0
3,0,0,600,1,0,111,27365300000,0,83731,5,241,165,251,622,15,0,2,0,237,83736,8080,7,0.01,52,0,0,4992000,21,223653000,61461400,1688030000,0
3,0,0,600,0,0,155,27365100000,0,83896,5,241,141,497,607,15,0.70922,2,0,238,83901,8080,7,0,52,0,0,4505560,32,193903000,61461400,1691650000,0
3,0,0,600,0,0,108,27364900000,0,84036,6,241,134,173,601,15,0,2,0,236,84042,8080,7,0,53,0,0,4114400,21,173391000,61461400,1692020000,0
3,0,0,600,0,0,137,27364800000,0,84170,6,241,138,163,591,15,0,2,0,237,84176,8080,7,0,54,0,0,4401950,21,227837000,61461700,1692580000,0
3,0,0,600,1,0,166,27364500000,0,84308,6,241,233,652,616,15,0,2,0,236,84314,8080,7,0.08,55,0,0,7448560,27,180501000,61461700,1693010000,0
3,0,11,600,1,0,230,27363900000,0,84644,6,241,347,640,627,14,2.30548,2,0,240,84650,8080,7,0.01,59,11,0,10163500,37,207178000,61461700,1697210000,0
3,0,11,600,1,0,230,27363900000,0,84644,6,241,347,640,627,14,2.30548,2,0,240,84650,8080,7,0.01,59,11,0,10163500,37,207178000,61461700,1697210000,0
3,0,2,600,1,0,157,27363600000,0,84991,6,249,243,1331,636,14,3.29218,2,0,248,84997,8080,7,0,59,2,0,8956410,21,220326000,61461700,1696050000,0
3,0,1,600,1,0,112,27363200000,0,85234,6,258,287,629,662,14,2.09059,2,0,255,85240,8080,7,0.45,59,1,0,9389030,21,186884000,61461700,1696620000,0
3,0,0,600,0,0,144,27363000000,0,85521,6,263,125,238,671,15,0,2,0,259,85527,8080,7,0.17,59,0,0,3792290,21,242023000,61461700,1695900000,0
3,0,0,600,1,0,118,27362800000,0,85646,6,263,212,673,675,15,0.471698,2,0,262,85652,8080,7,0.06,60,1,0,6635610,21,231597000,61462200,1696310000,0
3,0,0,600,1,0,89,27362300000,0,86074,6,269,178,477,699,15,0.561798,2,0,265,86080,8080,7,0.01,62,0,0,5354880,21,246756000,61466300,1696970000,0
3,0,0,600,1,0,89,27362300000,0,86074,6,269,178,477,699,15,0.561798,2,0,265,86080,8080,7,0.01,62,0,0,5354880,21,246756000,61466300,1696970000,0
3,0,0,600,0,0,83,27362300000,0,86252,6,270,29,24,687,16,0,2,0,268,86258,8080,7,0.07,49,0,0,1135670,21,185019000,61468300,1695490000,0
3,0,0,600,0,0,86,27362200000,0,86281,6,270,79,260,668,16,0,2,0,268,86287,8080,7,0.06,49,0,0,2650760,21,218407000,61468300,1695460000,0
3,0,2,600,1,0,148,27361900000,0,86360,6,270,217,479,654,15,1.38249,2,0,265,86366,8080,7,0.05,51,3,0,6501800,21,226906000,61468300,1697740000,0
3,0,1,600,1,0,128,27361500000,0,86577,6,273,296,445,650,15,0.337838,2,0,266,86583,8080,7,0.41,52,1,0,9043200,25,263854000,61487100,1697200000,0
3,0,4,600,1,0,186,27361200000,0,86873,6,274,309,653,658,14,2.26537,2,0,269,86879,8080,7,1.12,55,5,0,10072500,35,232976000,61487400,1700620000,0
3,0,0,600,1,0,117,27360800000,0,87182,6,281,299,1356,680,14,4.68227,2,0,274,87188,8080,7,0.44,58,0,0,9890820,21,194621000,61487400,1701170000,0
3,0,0,600,1,0,129,27360500000,0,87481,6,295,175,262,661,14,0,2,0,289,87487,8080,7,0.19,58,0,0,5533280,21,266855000,61489500,1701920000,0
3,0,2,600,2,0,146,27360200000,0,87656,6,295,301,821,665,13,2.65781,2,0,290,87662,8080,7,0.14,63,4,0,8953930,24,127961000,61489800,1705170000,0
3,0,3,600,2,0,154,27359700000,0,87957,6,303,412,690,695,13,2.42718,2,0,298,87963,8080,7,0.22,63,6,0,11665900,21,133006000,61489800,1707080000,0
3,0,1,600,1,0,103,27359300000,0,88369,6,313,266,1427,706,13,6.39098,2,0,309,88375,8080,7,0.36,63,1,0,8028880,21,150652000,61489800,1704390000,0
3,0,0,600,1,0,140,27359000000,0,88635,6,330,265,445,705,13,0.377358,2,0,324,88641,8080,7,0.16,63,0,0,7951620,21,165120000,61489800,1705290000,0
3,0,5,600,1,0,136,27358600000,0,88900,6,331,282,703,705,13,1.77305,2,0,327,88906,8080,7,0.09,64,5,0,8832540,33,194254000,61489800,1706230000,0
3,0,3,600,0,0,121,27358400000,0,89182,6,336,146,815,712,13,0.684932,2,0,331,89188,8080,7,0.07,64,3,0,6187040,32,166644000,61491700,1706510000,0
3,0,1,600,1,0,133,27358100000,0,89328,6,337,222,1143,720,14,4.05405,2,0,333,89334,8080,7,0.06,65,1,0,8697650,29,189083000,61495200,1706810000,0
3,0,2,600,1,0,140,27357800000,0,89550,6,346,261,1071,734,14,4.21456,2,0,338,89556,8080,7,0.43,68,3,0,9387220,21,195948000,61495700,1708490000,0
3,0,4,600,1,0,180,27357400000,0,89811,6,357,339,684,761,14,1.76991,2,0,347,89817,8080,7,0.19,71,5,0,11305100,31,169720000,61496000,1710940000,0
3,0,9,600,2,0,173,27356900000,0,90150,6,363,483,692,797,14,3.31263,2,0,352,90156,8080,7,0.25,71,9,0,14247000,21,185681000,61499000,1714090000,0
3,0,1,600,1,0,221,27356500000,0,90633,6,379,287,1092,814,14,5.22648,2,0,373,90639,8080,7,0.12,71,1,0,8038330,51,146487000,61499000,1713920000,0
3,0,0,600,1,0,110,27356200000,0,90920,6,394,302,898,816,14,2.98013,2,0,388,90926,8080,7,0.08,71,0,0,9959690,21,156982000,61499000,1712120000,0
3,0,0,600,0,0,124,27356100000,0,91222,6,403,141,132,824,14,0,2,0,397,91228,8080,7,0.06,71,0,0,4526520,21,208616000,61499000,1712190000,0
3,7,49,600,1,0,276,27355700000,0,91363,6,403,389,309,851,14,0.514139,2,0,398,91369,8080,7,0.8,78,50,0,8927040,55,178316000,61499000,1716100000,0
3,0,3,600,2,0,144,27355200000,0,91752,6,405,488,392,885,14,2.04918,2,0,396,91758,8080,7,0.45,78,3,0,13313800,21,193908000,61499100,1717150000,0
3,0,0,600,1,0,102,27354900000,0,92240,6,415,245,395,870,14,1.63265,2,0,406,92246,8080,7,0.2,78,0,0,6262230,21,180310000,61499100,1715250000,0
3,0,1,600,1,0,163,27354700000,0,92485,6,419,286,56,863,14,0,2,0,412,92491,8080,7,0.1,78,1,0,6739960,41,189828000,61499100,1716780000,0
3,8,42,600,1,0,190,27354400000,0,92771,6,419,280,158,849,14,0.357143,2,0,413,92777,8080,7,0.07,79,42,0,4510030,30,176154000,61499100,1716940000,0
3,0,0,600,1,0,101,27354100000,0,93051,6,420,221,327,828,14,1.35747,2,0,417,93057,8080,7,0.58,79,0,0,7875300,21,190271000,61499100,1717920000,0
3,0,0,600,1,0,138,27354000000,0,93272,6,423,170,229,819,14,0,2,0,418,93278,8080,7,0.24,79,0,0,4459490,21,166181000,61499100,1718110000,0
3,0,0,600,2,0,202,27353600000,0,93442,6,423,417,246,835,15,0.479616,2,0,421,93448,8080,7,0.12,80,1,0,10016500,24,210936000,61499100,1721630000,0
3,0,0,600,1,0,91,27353200000,0,93859,6,425,294,177,822,15,0,2,0,423,93865,8080,7,0.08,80,0,0,6895300,21,232634000,61499100,1719050000,0
3,0,0,600,1,0,150,27353000000,0,94153,6,425,227,109,825,15,0,2,0,423,94159,8080,7,0.06,80,0,0,4995930,34,228034000,61501800,1719620000,0
3,0,0,600,2,0,91,27352400000,0,94380,6,425,427,250,852,15,0.468384,2,0,423,94386,8080,7,0.09,82,1,0,9462920,21,243545000,61501800,1721690000,0
3,0,3,600,2,0,145,27351900000,0,94807,6,427,492,109,890,15,0,2,0,423,94813,8080,7,0.06,82,3,0,9790490,21,231659000,61513700,1723360000,0
3,0,1,600,2,0,137,27351400000,0,95299,6,427,360,258,902,15,0.555556,2,0,423,95305,8080,7,0.06,82,1,0,7507800,21,189540000,61514100,1723390000,0
3,0,2,600,3,0,161,27350700000,0,95659,6,429,552,123,926,15,0,2,0,424,95665,8080,7,0.18,82,2,0,10215400,21,209281000,61514100,1724220000,0
3,0,0,600,2,0,85,27350300000,0,96211,6,429,336,268,924,15,0.297619,2,0,424,96217,8080,7,0.1,83,0,0,6881770,21,247241000,61516200,1723840000,0
3,0,0,600,1,0,157,27349900000,0,96547,6,430,320,79,907,14,0,2,0,426,96553,8080,7,0.34,83,0,0,6790170,41,218560000,61539800,1725070000,0
3,0,0,600,1,0,181,27349600000,0,96867,6,430,246,104,917,14,0,2,0,426,96873,8080,7,0.15,84,0,0,5020500,21,234233000,61539800,1725260000,0
3,0,0,600,0,0,123,27349600000,0,97113,6,430,69,26,909,15,0,2,0,426,97119,8080,7,0.09,67,0,0,1584590,21,253678000,61540500,1722840000,0
3,0,0,600,0,0,92,27349400000,0,97182,6,430,130,64,858,15,0,2,0,426,97188,8080,7,0.03,67,0,0,2487520,21,224593000,61540500,1722870000,0
3,0,0,600,1,0,245,27349000000,0,97312,6,430,286,107,844,15,0,2,0,426,97318,8080,7,1.34,68,0,0,5771160,51,250241000,61548900,1724800000,0
3,0,0,600,1,0,230,27348600000,0,97598,6,430,273,66,856,15,0,2,0,426,97604,8082,7,0.52,68,0,0,6003370,21,216264000,61555200,1724450000,0
3,0,0,600,1,0,202,27348200000,0,97871,6,430,356,74,853,15,0,2,0,426,97877,8082,7,0.22,68,0,0,6627690,29,190915000,61555200,1725280000,0
3,0,0,600,1,0,185,27347800000,0,98227,6,430,298,93,863,15,0,2,0,426,98233,8082,7,0.11,70,0,0,5791800,21,227351000,61555200,1726530000,0
3,0,0,600,2,0,94,27347300000,0,98525,6,430,366,171,884,15,0,2,0,426,98531,8082,7,0.07,73,0,0,6938520,21,139946000,61558800,1733590000,0
3,0,0,600,1,0,149,27346900000,0,98891,6,430,349,124,900,16,0.286533,2,0,426,98897,8082,7,1,75,0,0,6165270,21,180083000,61559300,1738690000,0
3,0,0,600,1,0,222,27346700000,0,99239,7,430,255,106,893,16,0,2,0,427,99246,8082,7,0.4,75,0,0,4416330,21,181674000,61559300,1739620000,0
3,0,0,600,1,0,94,27346400000,0,99494,7,430,263,115,868,15,0,2,0,427,99501,8082,7,0.18,77,0,0,4764440,21,201964000,61560200,1739760000,0
3,0,0,600,1,0,135,27346100000,0,99757,7,430,280,82,856,15,0,2,0,427,99764,8082,7,0.4,77,0,0,5215180,21,144512000,61530200,1740360000,0
3,0,0,600,1,0,134,27345900000,0,100037,7,430,248,79,842,15,0,2,0,427,100044,8082,7,0.18,77,0,0,4369470,34,141529000,61530800,1741760000,0
3,0,0,600,0,0,98,27345700000,0,100285,7,430,118,50,851,15,0,2,0,427,100292,8082,7,0.1,77,0,0,2154410,21,200572000,61530800,1741890000,0
3,0,0,600,1,0,153,27345400000,0,100403,7,430,232,76,837,16,0,2,0,427,100410,8082,7,0.07,77,0,0,4189800,21,201012000,61530800,1742140000,0
3,0,0,600,1,0,155,27344900000,0,100635,7,430,279,110,797,15,0,2,0,427,100642,8082,7,0.28,78,0,0,4941830,21,157226000,61530800,1743540000,0
3,0,0,600,1,0,126,27344700000,0,100914,7,430,207,86,793,15,0,2,0,427,100921,8082,7,0.14,78,0,0,3683030,21,164557000,61530800,1743560000,0
3,0,0,600,1,0,133,27344400000,0,101121,7,430,214,151,781,15,0,2,0,427,101128,8082,7,0.15,79,0,0,3600160,21,155426000,61530800,1743830000,0
3,0,0,600,1,0,218,27343900000,0,101520,7,430,298,103,777,16,0,2,0,427,101527,8082,7,0.02,80,0,0,5134240,60,164905000,61530900,1746260000,0
3,0,0,600,1,0,218,27343900000,0,101520,7,430,298,103,777,16,0,2,0,427,101527,8082,7,0.02,80,0,0,5134240,60,164905000,61530900,1746260000,0
3,0,0,600,1,0,92,27343700000,0,101818,7,430,252,155,789,16,0,2,0,427,101825,8082,22,0.11,84,0,0,3356880,21,231553000,61530900,1745960000,0
3,0,0,600,1,0,166,27343400000,0,102070,7,430,223,73,798,16,0,2,0,427,102077,8082,7,0.07,84,0,0,5041950,21,170359000,61530900,1746170000,0
3,0,1,600,3,0,227,27342700000,0,102293,7,430,605,92,816,16,0,2,0,427,102300,8082,7,0.86,84,1,0,9961330,21,185483000,61606100,1753330000,0
3,0,2,590,3,0,159,27342100000,0,102898,7,430,485,173,843,16,0.206186,2,0,427,102905,8082,7,0.41,84,2,0,8456820,21,192791000,61714500,1751290000,0
3,0,0,580,2,0,113,27341700000,0,103383,7,431,373,193,854,15,0.268097,2,0,427,103390,8082,7,0.49,84,0,0,7227760,21,221737000,61744800,1749440000,0
3,0,0,570,1,0,92,27341400000,0,103756,7,432,184,153,818,15,0.543478,2,0,427,103763,8082,7,0.18,84,0,0,3626760,21,205624000,61746300,1750090000,0
3,0,0,560,1,0,185,27341200000,0,103940,7,433,231,119,807,15,0,2,0,428,103947,8082,7,0.15,84,0,0,3979420,63,210106000,61748000,1751310000,0
3,0,0,550,1,0,197,27340900000,0,104171,7,433,278,184,781,15,0,2,0,428,104178,8082,7,0.05,89,0,0,4795840,61,223351000,61755000,1752300000,0
3,0,0,540,1,0,195,27340600000,0,104449,7,433,223,124,738,15,0,2,0,428,104456,8082,7,0.13,89,0,0,3395140,47,215687000,61761900,1752090000,0
3,0,0,530,4,0,307,27340200000,0,104672,7,433,458,75,743,15,0,2,0,428,104679,8082,7,0.05,89,0,0,7487300,54,256444000,61893900,1754830000,0
3,0,0,520,1,0,179,27339600000,0,105337,7,433,288,62,716,15,0,2,0,428,105344,8082,7,0.04,89,0,0,4898210,31,242998000,61923000,1752440000,0
3,0,0,520,1,0,179,27339600000,0,105337,7,433,288,62,716,15,0,2,0,428,105344,8082,7,0.04,89,0,0,4898210,31,242998000,61923000,1752440000,0
3,0,0,510,1,0,159,27339200000,0,105625,7,433,358,67,745,15,0,2,0,428,105632,8082,7,1.1,89,0,0,6419370,21,206403000,61952900,1753830000,0
3,0,0,500,2,0,150,27338900000,0,105983,7,433,307,111,748,15,0,2,0,428,105990,8082,7,0.41,90,0,0,5469050,31,216970000,62069300,1754140000,0
3,0,0,490,1,0,161,27338500000,0,106290,7,433,350,89,754,15,0,2,0,428,106297,8082,7,0.15,90,0,0,6008620,21,240027000,62078400,1758440000,0
3,0,0,480,2,0,263,27337800000,0,106640,7,433,626,156,765,15,0,2,0,428,106647,8082,7,0.05,93,0,0,10983400,39,259640000,62130100,1762300000,0
3,0,0,470,1,0,129,27337600000,0,107266,7,433,234,71,755,15,0,2,0,428,107273,8082,7,0.05,93,0,0,4166530,23,249212000,62160500,1764380000,0
3,0,0,460,3,0,111,27336900000,0,107500,7,433,638,40,757,15,0,2,0,428,107507,8082,7,0.19,93,0,0,10833500,21,172114000,62160500,1769260000,0
3,0,0,450,2,0,193,27336400000,0,108138,7,433,450,125,761,15,0,2,0,428,108145,8082,7,0.15,93,0,0,7706160,54,129915000,62128500,1770190000,0
3,0,0,440,1,0,182,27336000000,0,108588,7,433,377,86,765,14,0,2,0,428,108595,8082,7,1.26,93,0,0,6939290,40,175818000,62133200,1770480000,0
3,0,0,430,2,0,199,27335300000,0,108965,7,433,592,82,780,14,0,2,0,428,108972,8082,7,0.63,94,0,0,10471600,21,175917000,62127800,1773110000,0
3,0,0,420,2,0,280,27334800000,0,109557,7,433,523,57,781,13,0,2,0,428,109564,8082,7,0.47,94,0,0,8877540,53,156371000,62190300,1776570000,0
3,0,0,410,3,0,263,27334100000,0,110080,7,433,689,43,820,13,0,2,0,428,110087,8082,7,0.17,94,0,0,12283400,61,196086000,62271900,1777330000,0
3,0,0,400,2,0,194,27333600000,0,110769,7,433,504,75,840,13,0,2,0,428,110776,8082,7,0.1,94,0,0,8981810,42,164273000,62361700,1775770000,0
3,0,0,390,2,0,196,27333100000,0,111273,7,433,458,70,859,13,0,2,0,428,111280,8082,7,0.08,94,0,0,7549920,47,211293000,62442200,1776160000,0
3,0,0,380,3,0,249,27332400000,0,111731,7,433,788,43,882,13,0,2,0,428,111738,8082,7,0.1,94,0,0,13249200,42,228797000,62479100,1780890000,0
3,0,0,370,2,0,116,27331900000,0,112519,7,433,522,21,897,13,0,2,0,428,112526,8082,7,0.22,94,0,0,8732310,21,187072000,62508800,1777980000,0
3,0,0,360,2,0,210,27331400000,0,113041,7,433,533,73,912,13,0,2,0,428,113048,8082,7,0.08,94,0,0,9630530,51,174259000,62535000,1779290000,0
3,0,1,350,3,0,173,27330700000,0,113574,7,433,713,38,934,13,0,2,0,428,113581,8082,7,0.14,94,1,0,12014600,21,168474000,62643300,1784530000,0
3,0,0,340,2,0,158,27330100000,0,114287,7,433,637,20,957,14,0,2,0,428,114294,8082,7,0.13,94,0,0,10424800,28,229533000,62650600,1783350000,0
3,0,0,330,2,0,207,27329500000,0,114924,7,433,626,55,974,13,0,2,0,428,114931,8082,7,0.26,94,0,0,10568300,21,224646000,62654400,1786150000,0
3,0,0,320,2,0,149,27328900000,0,115550,7,433,633,23,974,13,0,2,0,428,115557,8082,7,1.08,94,0,0,10462100,21,204734000,62671500,1785930000,0
3,0,1,310,3,0,285,27328100000,0,116183,7,433,751,41,990,13,0,2,0,428,116190,8082,7,0.44,94,1,0,12156200,21,216955000,62705800,1789750000,0
3,0,0,300,2,0,159,27327500000,0,116934,7,433,635,17,987,13,0,2,0,428,116941,8082,7,0.58,94,0,0,10389100,21,202318000,62707400,1788450000,0
3,0,0,290,2,0,199,27326800000,0,117569,7,433,715,31,985,13,0,2,0,428,117576,8082,7,0.25,94,0,0,11614200,21,212741000,62708900,1790360000,0
3,0,0,280,3,0,216,27326100000,0,118284,7,433,731,20,1000,13,0,2,0,428,118291,8082,7,0.5,94,0,0,11879300,21,211491000,62739800,1791770000,0
3,0,0,270,3,0,270,27325300000,0,119015,7,433,830,18,1028,13,0,2,0,428,119022,8082,8,0.43,94,0,0,13275400,21,224149000,62759100,1794340000,0
3,0,0,260,3,0,234,27324500000,0,119845,7,433,770,18,1052,13,0,2,0,428,119852,8082,7,0.57,94,0,0,12441600,22,235653000,62765300,1795390000,0
3,0,0,250,3,0,258,27323700000,0,120615,7,433,822,15,1083,13,0,2,0,428,120622,8082,7,1.13,94,0,0,13103900,21,173485000,62767900,1799150000,0
3,0,0,240,3,0,262,27322800000,0,121437,7,433,837,13,1111,13,0,2,0,428,121444,8082,8,0.63,94,0,0,13172000,21,193958000,62770500,1800160000,0
3,0,0,230,3,0,249,27322000000,0,122274,7,433,790,12,1136,13,0,2,0,428,122281,8082,7,0.23,94,0,0,12473200,21,213976000,62782300,1800610000,0
3,0,0,220,3,0,231,27321200000,0,123064,7,433,784,38,1194,13,0.127551,2,0,428,123071,8082,7,0.33,94,0,0,12226000,21,251260000,62782400,1801810000,0
3,0,1,210,3,0,220,27320400000,0,123848,7,434,756,38,1233,13,0.132275,2,0,429,123855,8082,7,0.33,94,1,0,11454600,21,197105000,62788900,1802570000,0
3,0,0,200,3,0,223,27319600000,0,124604,7,435,760,65,1262,13,0,2,0,430,124611,8082,7,0.28,94,0,0,11652000,21,223431000,62797300,1803350000,0
3,1,1,190,3,0,212,27318900000,0,125364,7,435,729,15,1309,13,0,2,0,429,125371,8082,7,0.37,94,1,0,10553000,21,250617000,62799800,1805010000,0
3,0,0,180,3,0,209,27318100000,0,126093,7,435,747,12,1337,13,0,2,0,429,126100,8082,7,0.22,94,0,0,10639500,21,206374000,62805300,1806290000,0
3,0,3,170,3,0,198,27317100000,0,126840,7,435,756,30,1384,13,0,2,0,429,126847,8082,7,0.38,94,3,0,10272600,21,183380000,62842200,1807200000,0
3,0,3,160,3,0,189,27316200000,0,127596,7,435,748,177,1452,13,0,2,0,429,127603,8082,7,0.3,94,3,0,10302800,21,194177000,62886500,1808110000,0
3,0,3,150,3,0,174,27315000000,0,128344,7,435,719,157,1494,13,0,2,0,429,128351,8082,8,0.44,94,3,0,10449500,21,230335000,62897900,1811710000,0
3,0,3,140,3,0,165,27313600000,0,129063,7,435,700,326,1598,12,0,2,0,429,129070,8082,8,0.49,94,3,0,10702200,21,253035000,62902000,1813020000,0
3,0,8,130,4,0,164,27312000000,0,129763,7,435,669,369,1701,12,0,2,0,429,129770,8082,7,0.18,94,8,0,10437600,21,254508000,62908800,1815190000,0
3,0,10,120,4,0,162,27309800000,0,130432,7,435,630,684,1858,11,0,2,0,429,130439,8082,7,0.07,94,10,0,11766600,21,222654000,62911900,1817840000,0
3,0,10,110,4,0,151,27307300000,0,131062,7,435,565,1138,2051,10,0,2,0,429,131069,8082,7,0.06,94,10,0,12447600,21,225503000,62914600,1820600000,0
3,0,13,100,5,0,148,27304500000,0,131627,7,435,516,1247,2281,9,0,2,0,429,131634,8082,8,0.02,94,13,0,12261200,21,232351000,62917700,1823630000,0
3,0,8,90,4,0,141,27301800000,0,132143,7,435,424,1738,2500,9,0,2,0,429,132150,8082,7,0.01,94,8,0,12569100,21,220999000,62921800,1826490000,0
3,0,8,80,4,0,135,27299900000,0,132567,7,435,442,914,2651,9,0,2,0,429,132574,8082,7,0.24,94,8,0,10719700,21,187651000,62948800,1827800000,0
3,0,4,70,3,0,122,27298500000,0,133009,7,435,419,1041,2719,9,0,2,0,429,133016,8082,8,0.4,94,4,0,10273400,21,249300000,62958000,1828690000,0
3,0,0,60,2,0,124,27297800000,0,133428,7,435,457,302,2726,10,0,2,0,429,133435,8082,7,0.27,94,0,0,9243710,21,247325000,62960500,1829160000,0
3,0,0,50,2,0,115,27297400000,0,133885,7,435,478,12,2691,11,0,2,0,429,133892,8082,7,0.1,94,0,0,8505760,21,245946000,62960500,1829430000,0
3,1,1,40,2,0,109,27296900000,0,134363,7,435,528,18,2671,11,0,2,0,429,134370,8082,7,0.09,94,1,0,8596980,21,266620000,62960600,1830000000,0
3,0,1,30,2,0,103,27296300000,0,134891,7,435,533,11,2658,12,0,2,0,429,134898,8082,7,0.09,94,1,0,8318280,21,217233000,62960600,1830830000,0
3,0,1,20,2,0,102,27295700000,0,135424,7,435,538,66,2663,12,0,2,0,429,135431,8082,7,0.73,94,1,0,8498860,21,209099000,62960600,1831360000,0
3,0,2,10,1,0,95,27295400000,0,135962,7,435,344,298,2649,13,0.290698,2,0,430,135969,8082,7,0.27,94,3,0,8448100,21,205120000,62960600,1832230000,0
3,0,0,0,1,0,85,27295200000,0,136306,7,436,213,283,2632,14,0,2,0,426,136313,8082,7,0.13,94,0,0,8460250,21,265001000,62960600,1832950000,0
3,0,0,0,0,0,76,27295100000,0,136519,7,436,62,13,2596,14,0,2,0,430,136526,8082,7,0.05,90,0,0,1987060,21,206421000,62960600,1832650000,0
3,0,0,0,0,0,76,27295100000,0,136581,7,436,0,13,2555,15,0,2,0,430,136588,8082,7,0.02,25,0,0,195,21,211946000,62960600,1823100000,0
3,0,0,0,0,0,76,27295100000,0,136581,7,436,1,212,2508,16,0,2,0,430,136588,8082,7,0.01,25,0,0,127716,21,216412000,62960600,1822940000,0
3,0,0,0,0,0,76,27295100000,0,136582,7,436,0,212,2473,17,0,2,0,430,136589,8082,7,0,25,0,0,198,21,221153000,62964200,1822940000,0
3,0,0,0,0,0,76,27295100000,0,136582,7,436,0,212,2428,17,0,2,0,430,136589,8082,7,0,25,0,0,194,21,225413000,62964200,1823060000,0
3,0,0,0,0,0,76,27295100000,0,136582,7,436,0,212,2376,18,0,2,0,430,136589,8082,7,0,25,0,0,194,21,229752000,62964200,1822940000,0
3,0,0,0,0,0,76,27295100000,0,136582,7,436,0,212,2331,19,0,2,0,430,136589,8082,7,0,25,0,0,193,21,234037000,62964200,1822870000,0
3,0,0,0,0,0,76,27295100000,0,136582,7,436,0,212,2273,20,0,2,0,430,136589,8082,7,0,25,0,0,194,21,238314000,62964200,1822840000,0
3,0,0,0,0,0,76,27295100000,0,136582,7,436,0,212,2205,20,0,2,0,430,136589,8082,7,0,25,0,0,193,21,242678000,62964200,1822810000,0
3,0,0,0,0,0,76,27295100000,0,136582,7,436,1,0,2146,21,0,2,0,430,136589,8082,7,0,25,0,0,3879,21,246992000,62964200,1822740000,0
3,0,0,0,0,0,76,27295100000,0,136583,7,436,0,0,2085,22,0,2,0,430,136590,8082,7,0,25,0,0,192,21,251746000,62964200,1822770000,0
3,0,0,0,0,0,76,27295100000,0,136583,7,436,0,0,2010,23,0,2,0,430,136590,8082,7,0,25,0,0,192,21,256058000,62964200,1822770000,0
3,0,0,0,0,0,76,27295100000,0,136583,7,436,0,0,1954,23,0,2,0,430,136590,8082,7,0,25,0,0,192,21,260390000,62964200,1822770000,0
3,0,0,0,0,0,76,27295100000,0,136583,7,436,0,0,1871,24,0,2,0,430,136590,8082,7,0,25,0,0,191,21,264739000,62964200,1822740000,0
3,0,0,0,0,0,76,27295100000,0,136583,7,436,0,0,1785,25,0,2,0,430,136590,8082,7,0,25,0,0,191,21,269023000,62964200,1822800000,0
3,0,0,0,0,0,76,27295100000,0,136583,7,436,0,0,1689,26,0,2,0,430,136590,8082,7,0,25,0,0,189,21,200534000,62964200,1823460000,0
3,0,0,0,0,0,76,27295100000,0,136583,7,436,0,0,1553,26,0,2,0,430,136590,8082,7,0,25,0,0,191,21,205081000,62964200,1823490000,0
3,0,0,0,0,0,76,27295100000,0,136583,7,436,0,0,1393,27,0,2,0,430,136590,8082,7,0,25,0,0,191,21,209391000,62964200,1823490000,0
3,0,0,0,0,0,76,27295100000,0,136583,7,436,0,0,1185,27,0,2,0,430,136590,8082,7,0,25,0,0,191,21,213726000,62964200,1823520000,0
3,0,0,0,0,0,76,27295100000,0,136583,7,436,0,0,922,28,0,2,0,430,136590,8082,7,0,25,0,0,192,21,218293000,62964200,1823520000,0
3,0,0,0,0,0,76,27295100000,0,136583,7,436,0,0,652,28,0,2,0,430,136590,8082,7,0,25,0,0,191,21,222635000,62964200,1823520000,0
3,0,0,0,0,0,76,27295100000,0,136583,7,436,0,0,415,28,0,2,0,430,136590,8082,7,0,25,0,0,191,21,226963000,62964800,1823520000,0
3,0,0,0,0,0,76,27295100000,0,136583,7,436,0,0,236,27,0,2,0,430,136590,8082,7,0,25,0,0,189,21,231288000,62964800,1823560000,0
3,0,0,0,0,0,76,27295100000,0,136583,7,436,1,11,154,26,0,2,0,430,136590,8082,7,0,25,0,0,11889,21,235905000,62964800,1823520000,0
3,0,0,0,0,0,76,27295100000,0,136584,7,436,0,11,130,27,0,2,0,430,136591,8082,7,0,25,0,0,194,21,240731000,62965300,1823740000,0
3,0,0,0,0,0,76,27295100000,0,136584,7,436,0,11,129,28,0,2,0,430,136591,8082,7,0,25,0,0,188,21,244870000,62968200,1823650000,0
3,0,0,0,0,0,76,27295100000,0,136584,7,436,0,11,117,28,0,2,0,430,136591,8082,7,0,25,0,0,192,21,249190000,62968700,1823580000,0
3,0,0,0,0,0,76,27295100000,0,136584,7,436,0,11,83,29,0,2,0,430,136591,8082,7,0,25,0,0,190,21,253568000,62968700,1823550000,0
3,0,0,0,0,0,76,27295100000,0,136584,7,436,0,11,38,29,0,2,0,430,136591,8082,7,0,25,0,0,190,21,257890000,62968700,1823550000,0
3,0,0,0,0,0,76,27295100000,0,136584,7,436,0,11,23,30,0,2,0,430,136591,8082,7,0,25,0,0,190,21,262026000,62968700,1823550000,0
3,0,0,0,0,0,76,27295100000,0,136584,7,436,0,11,0,-1,0,2,0,430,136591,8082,7,0,25,0,0,190,21,266352000,62968900,1823510000,0
3,0,0,0,0,0,76,27295100000,0,136584,7,436,0,11,0,-1,0,2,0,430,136591,8082,7,0,25,0,0,190,21,270818000,62969500,1823510000,0
3,0,0,0,0,0,76,27295100000,0,136584,7,436,0,11,0,-1,0,2,0,430,136591,8082,7,0,25,0,0,190,21,275143000,62969500,1823350000,0
3,0,0,0,0,0,76,27295100000,0,136584,7,436,0,11,0,-1,0,2,0,430,136591,8082,7,0,25,0,0,190,21,204653000,62969500,1823320000,0
3,0,0,0,0,0,76,27295100000,0,136584,7,436,0,11,0,-1,0,2,0,430,136591,8082,7,0,25,0,0,190,21,209108000,62969700,1823320000,0
3,0,0,0,0,0,76,27295100000,0,136584,7,436,0,11,0,-1,0,2,0,430,136591,8082,7,0,25,0,0,189,21,213341000,62969700,1823320000,0
3,0,0,0,0,0,76,27295100000,0,136584,7,436,0,11,0,-1,0,2,0,430,136591,8082,7,0,25,0,0,188,21,217952000,62969700,1823320000,0
3,0,0,0,0,0,76,27295100000,0,136584,7,436,0,11,0,-1,0,2,0,430,136591,8082,7,0,25,0,0,188,21,222032000,62969700,1823350000,0
3,0,0,0,0,0,76,27295100000,0,136584,7,436,0,11,0,-1,0,2,0,430,136591,8082,7,0,25,0,0,189,21,226311000,62969700,1823350000,0
3,0,0,0,0,0,76,27295100000,0,136584,7,436,0,11,0,-1,0,2,0,430,136591,8082,7,0,25,0,0,189,21,230547000,62969700,1823350000,0
3,0,0,0,0,0,76,27295100000,0,136584,7,436,0,11,0,-1,0,2,0,430,136591,8082,7,0,25,0,0,189,21,235014000,62970200,1823350000,0
3,0,0,0,0,0,76,27295100000,0,136584,7,436,0,11,0,-1,0,2,0,430,136591,8082,7,0,25,0,0,189,21,239251000,62970600,1823350000,0
3,0,0,0,0,0,76,27295100000,0,136584,7,436,0,11,0,-1,0,2,0,430,136591,8082,7,0,25,0,0,189,21,243534000,62970600,1823290000,0
3,0,0,0,0,0,76,27295100000,0,136584,7,436,0,11,0,-1,0,2,0,430,136591,8082,7,0,25,0,0,189,21,247634000,62970800,1823250000,0
3,0,0,0,0,0,76,27295100000,0,136584,7,436,1,1,1,0,100,2,0,430,136591,8082,7,0.04,25,0,0,379,21,251974000,62971000,1823280000,0
3,0,0,0,0,0,76,27295100000,0,136584,8,436,0,1,1,1,100,2,0,431,136592,8082,7,0.05,25,0,0,190,21,256988000,62971400,1823110000,0
3,0,0,0,0,0,76,27295100000,0,136584,8,436,1,11,1,2,0,2,0,431,136592,8082,7,0.05,25,0,0,13191,21,261384000,62971400,1823150000,0
3,0,0,0,0,0,76,27295100000,0,136585,8,436,0,11,1,3,0,2,0,431,136593,8082,7,0.05,25,0,0,192,21,265911000,62971400,1823150000,0
3,0,0,0,0,0,76,27295100000,0,136585,8,436,0,11,1,4,0,2,0,431,136593,8082,7,0.05,25,0,0,190,21,270523000,62971400,1823170000,0
3,0,0,0,0,0,76,27295100000,0,136585,8,436,0,11,1,5,0,2,0,431,136593,8082,7,0.05,25,0,0,190,21,274778000,62971800,1823130000,0
3,0,0,0,0,0,76,27295100000,0,136585,8,436,0,11,1,6,0,2,0,431,136593,8082,7,0.05,25,0,0,190,21,278856000,62971800,1823000000,0
3,0,0,0,0,0,76,27295100000,0,136585,8,436,0,11,1,7,0,2,0,431,136593,8082,7,0.05,25,0,0,190,21,283455000,62971800,1823000000,0
3,0,0,0,0,0,76,27295100000,0,136585,8,436,0,11,1,8,0,2,0,431,136593,8082,7,0.05,25,0,0,188,21,212236000,62971800,1823040000,0
3,0,0,0,0,0,76,27295100000,0,136585,8,436,0,11,1,9,0,2,0,431,136593,8082,7,0.1,25,0,0,190,21,216421000,62971800,1823040000,0
3,0,0,0,0,0,76,27295100000,0,136585,8,436,0,11,1,10,0,2,0,431,136593,8082,7,0.07,25,0,0,189,21,221083000,62973300,1823040000,0
3,0,0,0,0,0,76,27295100000,0,136585,8,436,0,11,1,11,0,2,0,431,136593,8082,7,0.06,25,0,0,190,21,224855000,62974400,1823070000,0
3,0,0,0,0,0,76,27295100000,0,136585,8,436,0,11,1,12,0,2,0,431,136593,8082,7,0.06,25,0,0,190,21,229345000,62974400,1823070000,0
3,0,0,0,0,0,76,27295100000,0,136585,8,436,0,11,1,13,0,2,0,431,136593,8082,7,0.06,25,0,0,189,21,233532000,62974400,1823070000,0
3,0,0,0,0,0,76,27295100000,0,136585,8,436,0,11,1,14,0,2,0,431,136593,8082,7,0.05,25,0,0,189,21,238194000,62974400,1823070000,0
3,0,0,0,0,0,76,27295100000,0,136585,8,436,0,11,1,15,0,2,0,431,136593,8082,7,0.05,25,0,0,189,21,242441000,62974400,1823070000,0
3,0,0,0,0,0,76,27295000000,0,136585,8,436,1,30,2,8,0,2,0,431,136593,8082,7,0.02,25,0,0,109854,21,254347000,62974600,1823000000,0
3,0,0,0,0,0,76,27295000000,0,136586,8,436,0,30,2,9,0,2,0,431,136594,8082,7,0.01,25,0,0,189,21,259480000,62977700,1822970000,0
3,0,0,0,0,0,76,27295000000,0,136586,8,436,0,30,2,10,0,2,0,431,136594,8082,7,0,25,0,0,189,21,263240000,62979100,1822840000,0
3,0,0,0,0,0,76,27295000000,0,136586,8,436,0,30,2,11,0,2,0,431,136594,8082,7,0,25,0,0,188,21,267904000,62980200,1822840000,0
3,0,0,0,0,0,76,27295000000,0,136586,8,436,0,30,2,12,0,2,0,431,136594,8082,7,0,25,0,0,190,21,272368000,62981400,1822840000,0
3,0,0,0,0,0,76,27295000000,0,136586,8,436,0,30,2,13,0,2,0,431,136594,8082,7,0,25,0,0,190,21,276553000,62981400,1822770000,0
3,0,0,0,0,0,76,27295000000,0,136586,8,436,0,30,2,14,0,2,0,431,136594,8082,7,0,25,0,0,190,21,280780000,62981400,1822810000,0
3,0,0,0,0,0,76,27295000000,0,136586,8,436,0,30,2,15,0,2,0,431,136594,8082,7,0,25,0,0,190,21,284961000,62981400,1822740000,0
3,0,0,0,0,0,76,27295000000,0,136586,8,436,0,30,2,16,0,2,0,431,136594,8082,7,0,25,0,0,189,21,289415000,62981400,1822640000,0
3,0,0,0,0,0,76,27295000000,0,136586,8,436,0,30,2,17,0,2,0,431,136594,8082,7,0,25,0,0,190,21,216724000,62981400,1822640000,0
3,0,0,0,0,0,76,27295000000,0,136586,8,436,1,9,2,18,0,2,0,431,136594,8082,7,0,25,0,0,31895,21,220773000,62981400,1822670000,0
3,0,0,0,0,0,76,27295000000,0,136587,8,436,0,9,2,19,0,2,0,431,136595,8082,7,0,25,0,0,191,21,226356000,62982800,1822670000,0
3,0,0,0,0,0,76,27295000000,0,136587,8,436,0,9,2,20,0,2,0,431,136595,8082,7,0,25,0,0,189,21,230227000,62982800,1822670000,0
3,0,0,0,0,0,76,27295000000,0,136587,8,436,0,9,2,21,0,2,0,431,136595,8082,7,0,25,0,0,189,21,234309000,62984000,1822670000,0
3,0,0,0,0,0,76,27295000000,0,136587,8,436,0,9,2,22,0,2,0,431,136595,8082,7,0,25,0,0,188,21,238665000,62984000,1824880000,0
3,0,0,0,0,0,76,27295000000,0,136587,8,436,0,9,1,15,0,2,0,431,136595,8082,7,0,25,0,0,189,21,243047000,62984800,1822950000,0
3,0,0,0,0,0,76,27295000000,0,136587,8,436,0,9,1,16,0,2,0,431,136595,8082,7,0,25,0,0,187,21,247603000,62984800,1822820000,0
3,0,0,0,0,0,76,27295000000,0,136587,8,436,0,9,1,17,0,2,0,431,136595,8082,7,0,25,0,0,189,21,251468000,62985300,1822820000,0
3,0,0,0,0,0,76,27295000000,0,136587,8,436,0,9,1,18,0,2,0,431,136595,8082,7,0,25,0,0,186,21,255536000,62985500,1822820000,0
3,0,0,0,0,0,76,27295000000,0,136587,8,436,0,9,1,19,0,2,0,431,136595,8082,7,0,25,0,0,186,21,260382000,62985500,1822820000,0
3,0,0,0,0,0,76,27295000000,0,136587,8,436,0,9,1,20,0,2,0,431,136595,8082,7,0,25,0,0,186,21,264451000,62985500,1822750000,0
3,0,0,0,0,0,76,27295000000,0,136587,8,436,0,9,1,21,0,2,0,431,136595,8082,7,0,25,0,0,186,21,268788000,62985500,1822720000,0
3,0,0,0,0,0,76,27295000000,0,136587,8,436,0,9,1,22,0,2,0,431,136595,8082,7,0,25,0,0,182,21,273169000,62985500,1822750000,0
3,0,0,0,0,0,76,27295000000,0,136587,8,436,0,9,1,23,0,2,0,431,136595,8082,7,0,25,0,0,186,21,277264000,62985500,1822750000,0
3,0,0,0,0,0,76,27295000000,0,136587,8,436,0,9,1,24,0,2,0,431,136595,8082,7,0,25,0,0,186,21,281618000,62985500,1822880000,0
3,0,0,0,0,0,76,27295000000,0,136587,8,436,0,9,1,25,0,2,0,431,136595,8082,7,0,25,0,0,188,21,285697000,62985500,1822720000,0
3,0,0,0,0,0,76,27295000000,0,136587,8,436,0,9,1,26,0,2,0,431,136595,8082,7,0,25,0,0,182,21,290536000,62985500,1822720000,0
3,0,0,0,0,0,76,27295000000,0,136587,8,436,0,9,1,27,0,2,0,431,136595,8042,7,0,25,0,0,184,21,105949000,62985500,1822720000,0
3,0,0,0,0,0,76,27295000000,0,136587,8,436,0,9,1,28,0,2,0,431,136595,8060,7,0,25,0,0,184,21,112025000,63039700,1822630000,0
3,0,0,0,0,0,76,27295000000,0,136587,8,436,0,9,1,29,0,2,0,431,136595,8061,7,0,25,0,0,188,21,116243000,63042700,1822660000,0
3,0,0,0,0,0,76,27295000000,0,136587,8,436,0,9,1,30,0,2,0,431,136595,8062,7,0,25,0,0,188,21,120461000,63045700,1822820000,0
3,0,0,0,0,0,76,27295000000,0,136587,8,436,0,9,0,-1,0,2,0,431,136595,8077,7,0,25,0,0,189,21,124677000,63101200,1822910000,0
3,0,0,0,0,0,76,27295000000,0,136587,8,436,0,9,0,-1,0,2,0,431,136595,8077,7,0,25,0,0,189,21,128893000,63101200,1822790000,0
3,0,0,0,0,0,76,27295000000,0,136587,8,436,0,9,0,-1,0,2,0,431,136595,8077,7,0,25,0,0,189,21,133907000,63101200,1822790000,0
3,0,0,0,0,0,76,27295000000,0,136587,8,436,1,14,0,-1,0,2,0,431,136595,8077,7,0,25,0,0,34207,21,138322000,63101200,1822910000,0
3,0,0,0,0,0,76,27295000000,0,136588,8,436,0,14,0,-1,0,2,0,431,136596,8081,7,0,25,0,0,191,21,143106000,63113300,1823040000,0
3,0,0,0,0,0,76,27295000000,0,136588,8,436,0,14,0,-1,0,2,0,431,136596,8081,7,0,25,0,0,188,21,147332000,63113300,1823070000,0
3,0,0,0,0,0,76,27295000000,0,136588,8,436,0,14,0,-1,0,2,0,431,136596,8081,7,0,25,0,0,188,21,151551000,63113300,1823040000,0
3,0,0,0,0,0,76,27295000000,0,136588,8,436,0,14,0,-1,0,2,0,431,136596,8081,7,0,25,0,0,189,21,156323000,63113800,1823010000,0
3,0,0,0,0,0,76,27295000000,0,136588,8,436,0,14,0,-1,0,2,0,431,136596,8081,7,0,25,0,0,189,21,160539000,63113800,1823010000,0
3,0,0,0,0,0,76,27295000000,0,136588,8,436,0,14,0,-1,0,2,0,431,136596,8081,7,0,25,0,0,189,21,164775000,63113800,1822970000,0
3,0,0,0,0,0,76,27295000000,0,136588,8,436,0,14,0,-1,0,2,0,431,136596,8081,7,0,25,0,0,190,21,168992000,63113800,1822970000,0
3,0,0,0,0,0,76,27295000000,0,136588,8,436,0,14,0,-1,0,2,0,431,136596,8081,7,0,25,0,0,190,21,173937000,63113800,1823040000,0
3,0,0,0,0,0,76,27295000000,0,136588,8,436,0,14,0,-1,0,2,0,431,136596,8082,7,0,25,0,0,190,21,178143000,63116800,1822970000,0
3,0,0,0,0,0,76,27295000000,0,136588,8,436,0,14,0,-1,0,2,0,431,136596,8082,7,0,25,0,0,190,21,182916000,63116800,1822970000,0
3,0,0,0,0,0,76,27295000000,0,136588,8,436,0,14,0,-1,0,2,0,431,136596,8082,7,0,25,0,0,190,21,118919000,63116800,1822970000,0
3,0,0,0,0,0,76,27295000000,0,136588,8,436,0,14,0,-1,0,2,0,431,136596,8082,7,0,25,0,0,190,21,123355000,63116800,1822970000,0
3,0,0,0,0,0,76,27295000000,0,136588,8,436,0,14,0,-1,0,2,0,431,136596,8082,7,0,25,0,0,190,21,127786000,63116800,1823010000,0
3,0,0,0,0,0,76,27295000000,0,136588,8,436,0,14,0,-1,0,2,0,431,136596,8082,7,0,25,0,0,189,21,132220000,63116800,1823010000,0
3,0,0,0,0,0,76,27295000000,0,136588,8,436,0,14,0,-1,0,2,0,431,136596,8082,7,0.08,25,0,0,189,21,136664000,63116800,1823040000,0
3,0,0,0,0,0,76,27295000000,0,136588,8,436,0,14,0,-1,0,2,0,431,136596,8082,7,0.03,25,0,0,191,21,141103000,63116800,1823010000,0
3,0,0,0,0,0,76,27295000000,0,136588,8,436,0,14,0,-1,0,2,0,431,136596,8082,7,0.01,25,0,0,190,21,145535000,63120900,1823040000,0
3,0,0,0,0,0,76,27295000000,0,136588,8,436,0,14,0,-1,0,2,0,431,136596,8082,7,0,25,0,0,190,21,149970000,63120900,1823010000,0
3,0,0,0,0,0,76,27295000000,0,136588,8,436,0,14,0,-1,0,2,0,431,136596,8082,7,0,25,0,0,188,21,154400000,63120900,1823010000,0
3,0,0,0,0,0,76,27295000000,0,136588,8,436,0,14,0,-1,0,2,0,431,136596,8082,7,0,25,0,0,189,21,158833000,63120900,1822990000,0
3,0,0,0,0,0,76,27295000000,0,136588,8,436,0,14,0,-1,0,2,0,431,136596,8082,7,0,25,0,0,190,21,163275000,63120900,1822990000,0
3,0,0,0,0,0,76,27295000000,0,136588,8,436,0,14,0,-1,0,2,0,431,136596,8082,7,0,25,0,0,190,21,167708000,63120900,1823020000,0
3,0,0,0,0,0,76,27295000000,0,136588,8,436,0,14,0,-1,0,2,0,431,136596,8082,7,0,25,0,0,190,21,172141000,63120900,1822960000,0
3,0,0,0,0,0,76,27295000000,0,136588,8,436,0,14,0,-1,0,2,0,431,136596,8082,7,0,25,0,0,190,21,176589000,63120900,1822960000,0
3,0,0,0,0,0,76,27295000000,0,136588,8,436,1,12,0,-1,0,2,0,431,136596,8082,7,0,25,0,0,12653,21,181172000,63120900,1822960000,0
3,0,0,10,0,0,76,27295000000,0,136589,8,436,0,12,0,-1,0,2,0,431,136597,8082,7,0,25,0,0,190,21,186196000,63120900,1822990000,0
3,0,0,20,2,0,82,27293300000,0,136589,8,436,163,405,140,0,0,2,0,431,136597,8084,7,0.08,26,0,0,6230090,21,128844000,63127000,1824490000,0
3,0,3,30,2,0,94,27291800000,0,136752,8,436,344,216,246,0,0,2,0,431,136760,8084,7,0.03,27,3,0,8541940,21,166057000,63157400,1826710000,0
3,0,2,40,2,0,97,27290300000,0,137096,8,436,369,376,348,1,0,2,0,431,137104,8084,7,0.01,28,2,0,8940200,21,129886000,63157400,1828570000,0
3,0,1,50,2,0,103,27288900000,0,137465,8,436,396,368,434,2,0,2,0,431,137473,8084,7,0.08,30,1,0,9323550,21,151625000,63157400,1830540000,0
3,0,4,60,2,0,106,27287600000,0,137861,8,436,429,295,511,2,0,2,0,431,137869,8084,7,0.2,30,4,0,8890340,21,122756000,63157400,1831850000,0
3,0,2,70,2,0,114,27286400000,0,138290,8,436,449,290,578,3,0,2,0,431,138298,8084,7,0.07,30,2,0,9151310,21,151746000,63157400,1833880000,0
3,0,4,80,2,0,113,27285200000,0,138739,8,436,426,714,658,3,0.469484,2,0,431,138747,8084,7,0.27,30,4,0,9134000,21,132738000,63159200,1835440000,0
3,0,6,90,2,0,114,27283900000,0,139165,8,438,396,1128,744,4,2.27273,2,0,433,139173,8084,7,0.1,32,6,0,10504800,21,124074000,63159200,1837670000,0
3,0,5,100,2,0,119,27282900000,0,139561,8,447,347,1359,800,5,2.01729,2,0,447,139569,8084,7,0.04,32,5,0,10199900,21,202860000,63159600,1838470000,0
3,0,2,110,2,0,116,27282000000,0,139908,8,454,390,707,850,5,1.79487,2,0,451,139916,8084,7,0.06,32,2,0,10377100,21,173448000,63159600,1839290000,0
3,0,2,120,2,0,123,27281000000,0,140298,8,461,419,588,902,6,0.477327,2,0,454,140306,8084,7,0.1,32,2,0,10405300,21,150348000,63161400,1841020000,0
3,0,5,130,2,0,123,27280000000,0,140717,8,463,403,535,956,6,0.248139,2,0,455,140725,8084,7,0.16,32,5,0,9720370,21,139027000,63170400,1841850000,0
3,0,9,140,2,0,131,27278800000,0,141120,8,464,410,582,1027,7,0.487805,2,0,456,141128,8084,7,0.11,32,9,0,9901110,21,170311000,63170400,1843710000,0
3,0,2,150,2,0,124,27277800000,0,141530,8,466,430,758,1103,7,1.16279,2,0,458,141538,8084,7,0.04,33,3,0,11082000,21,198979000,63170400,1844740000,0
3,0,4,160,2,0,133,27276600000,0,141960,8,471,423,687,1162,8,1.89125,2,0,461,141968,8084,7,0.09,40,5,0,11108300,21,150289000,63170400,1847740000,0
3,0,3,170,2,0,135,27275700000,0,142383,8,479,425,719,1220,9,1.64706,2,0,477,142391,8084,7,0.1,40,4,0,11148200,21,207011000,63170400,1848100000,0
3,0,4,180,2,0,145,27274700000,0,142808,8,486,380,772,1278,9,0.526316,2,0,483,142816,8084,7,0.04,40,4,0,10099800,21,203667000,63170400,1849670000,0
3,0,0,190,2,0,112,27273800000,0,143188,8,488,346,539,1330,10,0.289017,2,0,484,143196,8084,7,0.01,40,0,0,9063100,21,170239000,63170400,1848410000,0
3,0,2,200,2,0,137,27272600000,0,143534,8,489,419,288,1395,10,0.238663,2,0,481,143542,8084,7,0.01,43,2,0,10224200,21,131881000,63170400,1852260000,0
3,0,0,210,2,0,107,27271800000,0,143953,8,490,372,383,1452,11,0,2,0,482,143961,8084,7,0.14,47,0,0,8760430,22,170494000,63170400,1851830000,0
3,0,2,220,2,0,139,27270800000,0,144325,8,490,449,331,1502,11,0.668151,2,0,482,144333,8085,7,0.16,48,2,0,10456100,21,165046000,63173500,1854620000,0
3,1,4,230,2,0,152,27269800000,0,144774,8,493,377,290,1565,12,0.530504,2,0,486,144782,8085,7,0.14,48,4,0,9738410,21,165551000,63173500,1856250000,0
3,0,2,240,2,0,122,27268600000,0,145151,8,495,403,818,1624,12,2.23325,2,0,487,145159,8085,7,0.15,48,2,0,10100600,21,184742000,63173500,1855950000,0
3,0,7,250,3,0,154,27267300000,0,145554,8,504,497,565,1732,13,1.40845,2,0,495,145562,8085,7,0.05,48,7,0,11786800,21,213655000,63173500,1859900000,0
3,0,4,260,3,0,150,27265900000,0,146051,8,511,491,819,1809,13,1.42566,2,0,501,146059,8085,7,0.18,48,4,0,11793800,21,205431000,63173500,1861080000,0
