value,anomaly_score,label,S(t)_reward_low_FP_rate,S(t)_reward_low_FN_rate,S(t)_standard
18.09048623,0.5,0,0,0,0
20.35984259,0.5,0,0,0,0
21.10546985,0.5,0,0,0,0
21.15158525,0.5,0,0,0,0
18.13714054,0.5,0,0,0,0
21.62566053,0.5,0,0,0,0
21.67380669,0.5,0,0,0,0
20.24556149,0.5,0,0,0,0
19.9283328,0.5,0,0,0,0
18.17946985,0.5,0,0,0,0
20.24781657,0.5,0,0,0,0
19.63751633,0.5,0,0,0,0
21.09122563,0.5,0,0,0,0
19.61553427,0.5,0,0,0,0
20.73432333,0.5,0,0,0,0
18.40563259,0.5,0,0,0,0
18.53180908,0.5,0,0,0,0
18.55884076,0.5,0,0,0,0
18.182102,0.5,0,0,0,0
20.16531544,0.5,0,0,0,0
21.1758709,0.5,0,0,0,0
20.44164481,0.5,0,0,0,0
20.29981954,0.5,0,0,0,0
20.72249571,0.5,0,0,0,0
19.35858129,0.5,0,0,0,0
19.44781629,0.5,0,0,0,0
19.25708039,0.5,0,0,0,0
20.84843573,0.5,0,0,0,0
18.64656134,0.5,0,0,0,0
18.05210112,0.5,0,0,0,0
20.38478579,0.5,0,0,0,0
21.76952546,0.5,0,0,0,0
20.43763167,0.5,0,0,0,0
21.13168661,0.5,0,0,0,0
20.69116284,0.5,0,0,0,0
19.98974661,0.5,0,0,0,0
20.87356961,0.5,0,0,0,0
21.2964165,0.5,0,0,0,0
18.89892658,0.5,0,0,0,0
19.34452192,0.5,0,0,0,0
18.89490293,0.5,0,0,0,0
19.80869182,0.5,0,0,0,0
21.5402582,0.5,0,0,0,0
19.3808284,0.5,0,0,0,0
19.49786756,0.5,0,0,0,0
21.44146894,0.5,0,0,0,0
20.06149732,0.5,0,0,0,0
20.141796,0.5,0,0,0,0
21.44320481,0.5,0,0,0,0
19.96210695,0.5,0,0,0,0
20.72623014,0.5,0,0,0,0
18.34257866,0.5,0,0,0,0
18.71452685,0.5,0,0,0,0
19.6175048,0.5,0,0,0,0
19.97935627,0.5,0,0,0,0
21.8629348,0.5,0,0,0,0
21.88260653,0.5,0,0,0,0
21.40478835,0.5,0,0,0,0
19.26239534,0.5,0,0,0,0
21.85611316,0.5,0,0,0,0
20.75736346,0.5,0,0,0,0
19.57176051,0.5,0,0,0,0
20.80669967,0.5,0,0,0,0
18.06609092,0.5,0,0,0,0
18.58461873,0.5,0,0,0,0
21.31874285,0.5,0,0,0,0
20.58229455,0.5,0,0,0,0
19.45677881,0.5,0,0,0,0
20.00266656,0.5,0,0,0,0
21.6205686,0.5,0,0,0,0
20.52631244,0.5,0,0,0,0
19.59259714,0.5,0,0,0,0
18.48130663,0.5,0,0,0,0
19.17498721,0.5,0,0,0,0
21.91336093,0.5,0,0,0,0
19.74945225,0.5,0,0,0,0
19.88735786,0.5,0,0,0,0
19.99439213,0.5,0,0,0,0
21.53641609,0.5,0,0,0,0
20.41571314,0.5,0,0,0,0
20.77470815,0.5,0,0,0,0
19.55765417,0.5,0,0,0,0
18.11635047,0.5,0,0,0,0
21.72389166,0.5,0,0,0,0
21.79651072,0.5,0,0,0,0
21.79661221,0.5,0,0,0,0
21.77474835,0.5,0,0,0,0
21.26096776,0.5,0,0,0,0
20.7383842,0.5,0,0,0,0
21.37803967,0.5,0,0,0,0
20.40218496,0.5,0,0,0,0
18.53747846,0.5,0,0,0,0
19.56487266,0.5,0,0,0,0
21.88517965,0.5,0,0,0,0
19.40455125,0.5,0,0,0,0
21.47131165,0.5,0,0,0,0
18.37284588,0.5,0,0,0,0
19.33673537,0.5,0,0,0,0
19.4038133,0.5,0,0,0,0
18.20641017,0.5,0,0,0,0
18.47637732,0.5,0,0,0,0
18.77266084,0.5,0,0,0,0
21.35126236,0.5,0,0,0,0
18.25360796,0.5,0,0,0,0
19.19480361,0.5,0,0,0,0
18.04070001,0.5,0,0,0,0
20.78251098,0.5,0,0,0,0
20.48121236,0.5,0,0,0,0
69.97175876,0.5,0,0,0,0
66.29160587,0.5,0,0,0,0
64.03244237,0.5,0,0,0,0
70.9963549,0.5,0,0,0,0
72.23120307,0.5,0,0,0,0
63.08498037,0.5,0,0,0,0
67.82088022,0.5,0,0,0,0
64.58253327,0.5,0,0,0,0
63.48625331,0.5,0,0,0,0
71.18682426,0.5,0,0,0,0
68.51811832,0.5,0,0,0,0
64.14012052,0.5,0,0,0,0
74.65120017,0.5,0,0,0,0
84.84246498,0.5,0,0,0,0
83.01150684,0.5,0,0,0,0
83.49677345,0.5,0,0,0,0
76.97938775,0.5,0,0,0,0
79.52148874,0.5,0,0,0,0
75.68743533,0.5,0,0,0,0
71.04608986,0.5,0,0,0,0
76.0645957,0.5,0,0,0,0
79.05858129,0.5,0,0,0,0
74.29647908,0.5,0,0,0,0
83.00019292,0.5,0,0,0,0
73.97109693,0.5,0,0,0,0
77.40682104,0.5,0,0,0,0
73.55447171,0.5,0,0,0,0
78.00645026,0.5,0,0,0,0
72.19877339,0.5,0,0,0,0
75.90262558,0.5,0,0,0,0
77.9412935,0.5,0,0,0,0
79.17274194,0.5,0,0,0,0
80.21494689,0.5,0,0,0,0
75.94145893,0.5,0,0,0,0
79.88644939,0.5,0,0,0,0
79.6632095,0.5,0,0,0,0
76.9663782,0.5,0,0,0,0
85.18086544,0.5,0,0,0,0
80.63338172,0.5,0,0,0,0
77.22353592,0.5,0,0,0,0
87.05282729,0.5,0,0,0,0
85.41917245,0.5,0,0,0,0
87.6161393,0.5,0,0,0,0
82.9760511,0.5,0,0,0,0
77.95790461,0.5,0,0,0,0
76.40197814,0.5,0,0,0,0
82.5139498,0.5,0,0,0,0
87.58783364,0.5,0,0,0,0
82.0077547,0.5,0,0,0,0
86.08517365,0.5,0,0,0,0
77.24711114,0.5,0,0,0,0
78.49241782,0.5,0,0,0,0
86.47964374,0.5,0,0,0,0
84.08968086,0.5,0,0,0,0
87.68151651,0.5,0,0,0,0
84.37597226,0.5,0,0,0,0
79.15724902,0.5,0,0,0,0
80.47776902,0.5,0,0,0,0
86.3875099,0.5,0,0,0,0
80.80694945,0.5,0,0,0,0
76.08270584,0.5,0,0,0,0
78.96612645,0.5,0,0,0,0
80.25720329,0.5,0,0,0,0
73.54398706,0.5,0,0,0,0
83.89617558,0.5,0,0,0,0
73.74612295,0.5,0,0,0,0
78.47491644,0.5,0,0,0,0
84.86988511,0.5,0,0,0,0
79.47731069,0.5,0,0,0,0
85.46814565,0.5,0,0,0,0
77.46638259,0.5,0,0,0,0
87.31798924,0.5,0,0,0,0
75.35077153,0.5,0,0,0,0
72.61152924,0.5,0,0,0,0
85.95799948,0.5,0,0,0,0
84.03443672,0.5,0,0,0,0
75.71101456,0.5,0,0,0,0
87.75502326,0.5,0,0,0,0
80.03571372,0.5,0,0,0,0
87.21620976,0.5,0,0,0,0
80.07969157,0.5,0,0,0,0
79.54922971,0.5,0,0,0,0
79.18545641,0.5,0,0,0,0
77.35726178,0.5,0,0,0,0
80.53906932,0.5,0,0,0,0
79.24072245,0.5,0,0,0,0
72.58781066,0.5,0,0,0,0
76.16681749,0.5,0,0,0,0
75.40982001,0.5,0,0,0,0
85.87880475,0.5,0,0,0,0
81.581763,0.5,0,0,0,0
84.21876791,0.5,0,0,0,0
87.30904897,0.5,0,0,0,0
82.30447034,0.5,0,0,0,0
87.72159144,0.5,0,0,0,0
76.98807701,0.5,0,0,0,0
74.98024612,0.5,0,0,0,0
78.45292808,0.5,0,0,0,0
79.5327601,0.5,0,0,0,0
86.32575154,0.5,0,0,0,0
80.95901594,0.5,0,0,0,0
76.67486655,0.5,0,0,0,0
83.88211632,0.5,0,0,0,0
80.09328024,0.5,0,0,0,0
74.59408248,0.5,0,0,0,0
81.22908541,0.5,0,0,0,0
86.58227934,0.5,0,0,0,0
85.48192905,0.5,0,0,0,0
32.55557757,0.5,0,0,0,0
31.21332632,0.5,0,0,0,0
29.35665837,0.5,0,0,0,0
31.805747,0.5,0,0,0,0
33.61330195,0.5,0,0,0,0
31.10574583,0.5,0,0,0,0
30.30685386,0.5,0,0,0,0
34.76082353,0.5,0,0,0,0
34.05794994,0.5,0,0,0,0
32.88495765,0.5,0,0,0,0
29.6754077,0.5,0,0,0,0
29.72741087,0.5,0,0,0,0
20.62242264,0.5,0,0,0,0
22.92100781,0.5,0,0,0,0
20.67772019,0.5,0,0,0,0
23.93496854,0.5,0,0,0,0
24.60848186,0.5,0,0,0,0
21.80123867,0.5,0,0,0,0
22.1924397,0.5,0,0,0,0
23.34826767,0.5,0,0,0,0
24.35844413,0.5,0,0,0,0
24.16553878,0.5,0,0,0,0
20.41801027,0.5,0,0,0,0
20.91744053,0.5,0,0,0,0
21.52282987,0.5,0,0,0,0
21.25370592,0.5,0,0,0,0
18.97766313,0.5,0,0,0,0
20.48845628,0.5,0,0,0,0
21.63021647,0.5,0,0,0,0
19.32812544,0.5,0,0,0,0
22.00079389,0.5,0,0,0,0
18.64897217,0.5,0,0,0,0
21.63587081,0.5,0,0,0,0
20.95439396,0.5,0,0,0,0
19.72305629,0.5,0,0,0,0
21.38493946,0.5,0,0,0,0
21.23088455,0.5,0,0,0,0
21.83992669,0.5,0,0,0,0
19.56455991,0.5,0,0,0,0
20.84363841,0.5,0,0,0,0
20.50843529,0.5,0,0,0,0
20.19730819,0.5,0,0,0,0
21.66516184,0.5,0,0,0,0
18.09913002,0.5,0,0,0,0
19.22026292,0.5,0,0,0,0
20.24984383,0.5,0,0,0,0
18.80299623,0.5,0,0,0,0
21.73529712,0.5,0,0,0,0
20.61014723,0.5,0,0,0,0
19.93064704,0.5,0,0,0,0
21.27921548,0.5,0,0,0,0
19.82255616,0.5,0,0,0,0
20.25403727,0.5,0,0,0,0
18.02829454,0.5,0,0,0,0
19.4814864,0.5,0,0,0,0
18.57297484,0.5,0,0,0,0
20.77868312,0.5,0,0,0,0
19.93522729,0.5,0,0,0,0
19.22546897,0.5,0,0,0,0
19.89040582,0.5,0,0,0,0
18.84213655,0.5,0,0,0,0
21.70451299,0.5,0,0,0,0
18.21938798,0.5,0,0,0,0
21.46578878,0.5,0,0,0,0
20.04928388,0.5,0,0,0,0
20.47971733,0.5,0,0,0,0
19.21411088,0.5,0,0,0,0
21.87098889,0.5,0,0,0,0
19.13107629,0.5,0,0,0,0
20.35942024,0.5,0,0,0,0
21.97788576,0.5,0,0,0,0
21.52851026,0.5,0,0,0,0
20.1453193,0.5,0,0,0,0
21.96149809,0.5,0,0,0,0
20.80547945,0.5,0,0,0,0
18.83480166,0.5,0,0,0,0
19.62238484,0.5,0,0,0,0
19.33797334,0.5,0,0,0,0
19.37605483,0.5,0,0,0,0
21.04182576,0.5,0,0,0,0
20.33705171,0.5,0,0,0,0
18.15237085,0.5,0,0,0,0
21.50979393,0.5,0,0,0,0
19.18718456,0.5,0,0,0,0
21.98829951,0.5,0,0,0,0
21.81676292,0.5,0,0,0,0
21.76212287,0.5,0,0,0,0
21.24451042,0.5,0,0,0,0
18.88245333,0.5,0,0,0,0
20.13053098,0.5,0,0,0,0
18.89721051,0.5,0,0,0,0
19.03870182,0.5,0,0,0,0
20.44380708,0.5,0,0,0,0
18.16333418,0.5,0,0,0,0
21.87783427,0.5,0,0,0,0
21.67469269,0.5,0,0,0,0
19.52307029,0.5,0,0,0,0
20.06168979,0.5,0,0,0,0
19.86447768,0.5,0,0,0,0
21.52879911,0.5,0,0,0,0
20.75440751,0.5,0,0,0,0
19.11244499,0.5,0,0,0,0
19.78736502,0.5,0,0,0,0
19.7158639,0.5,0,0,0,0
21.83734067,0.5,0,0,0,0
18.70124364,0.5,0,0,0,0
18.35830535,0.5,0,0,0,0
21.52247533,0.5,0,0,0,0
21.58674396,0.5,0,0,0,0
21.48695635,0.5,0,0,0,0
20.04390766,0.5,0,0,0,0
20.63897771,0.5,0,0,0,0
20.25345219,0.5,0,0,0,0
18.2777913,0.5,0,0,0,0
20.38333959,0.5,0,0,0,0
18.05445659,0.5,0,0,0,0
19.29994964,0.5,0,0,0,0
21.7291703,0.5,0,0,0,0
19.21618108,0.5,0,0,0,0
21.75930657,0.5,0,0,0,0
19.00053583,0.5,0,0,0,0
19.25824896,0.5,0,0,0,0
20.51362999,0.5,0,0,0,0
21.04650789,0.5,0,0,0,0
20.00555107,0.5,0,0,0,0
21.52846275,0.5,0,0,0,0
18.16096169,0.5,0,0,0,0
21.68877935,0.5,0,0,0,0
18.7852312,0.5,0,0,0,0
21.53695498,0.5,0,0,0,0
19.60345272,0.5,0,0,0,0
21.33102822,0.5,0,0,0,0
20.6866622,0.5,0,0,0,0
18.70376653,0.5,0,0,0,0
21.67219028,0.5,0,0,0,0
18.98206956,0.5,0,0,0,0
18.97656047,0.5,0,0,0,0
21.25671559,0.5,0,0,0,0
18.42349302,0.5,0,0,0,0
18.88814363,0.5,0,0,0,0
20.01471029,0.5,0,0,0,0
21.32190811,0.5,0,0,0,0
18.5899359,0.5,0,0,0,0
20.19067294,0.5,0,0,0,0
20.84496237,0.5,0,0,0,0
21.4423809,0.5,0,0,0,0
21.74226224,0.5,0,0,0,0
21.13855966,0.5,0,0,0,0
20.61131359,0.5,0,0,0,0
19.73448034,0.5,0,0,0,0
18.44844062,0.5,0,0,0,0
20.83894877,0.5,0,0,0,0
21.97094922,0.5,0,0,0,0
20.94704238,0.5,0,0,0,0
18.06684438,0.5,0,0,0,0
19.98503991,0.5,0,0,0,0
20.45858653,0.5,0,0,0,0
20.7586968,0.5,0,0,0,0
20.87890334,0.5,0,0,0,0
20.23243376,0.5,0,0,0,0
18.89344133,0.5,0,0,0,0
21.76880265,0.5,0,0,0,0
20.78666587,0.5,0,0,0,0
18.94736015,0.5,0,0,0,0
19.28928733,0.5,0,0,0,0
21.68771068,0.5,0,0,0,0
21.54994075,0.5,0,0,0,0
19.62058575,0.5,0,0,0,0
18.15322889,0.5,0,0,0,0
18.19398948,0.5,0,0,0,0
19.13567316,0.5,0,0,0,0
20.51648888,0.5,0,0,0,0
20.33677854,0.5,0,0,0,0
20.53531115,0.5,0,0,0,0
20.86913189,0.5,0,0,0,0
18.07612901,0.5,0,0,0,0
18.42034238,0.5,0,0,0,0
19.43793381,0.5,0,0,0,0
18.61943999,0.5,0,0,0,0
18.30128017,0.5,0,0,0,0
69.91711579,0.5,0,0,0,0
72.28857609,0.5,0,0,0,0
71.43572254,0.5,0,0,0,0
72.31174099,0.5,0,0,0,0
70.255649,0.5,0,0,0,0
71.20069638,0.5,0,0,0,0
64.89619133,0.5,0,0,0,0
74.70490929,0.5,0,0,0,0
63.6910529,0.5,0,0,0,0
64.11711669,0.5,0,0,0,0
65.12933691,0.5,0,0,0,0
74.46452105,0.5,0,0,0,0
85.17823891,0.5,0,0,0,0
82.176751,0.5,0,0,0,0
79.60297393,0.5,0,0,0,0
77.91137117,0.5,0,0,0,0
84.90403553,0.5,0,0,0,0
80.6360659,0.5,0,0,0,0
84.50221159,0.5,0,0,0,0
74.75286841,0.5,0,0,0,0
75.02018478,0.5,0,0,0,0
83.1053257,0.5,0,0,0,0
72.16574837,0.5,0,0,0,0
84.52080041,0.5,0,0,0,0
79.63887214,0.5,0,0,0,0
86.30168633,0.5,0,0,0,0
76.92435251,0.5,0,0,0,0
82.95461041,0.5,0,0,0,0
79.24764594,0.5,0,0,0,0
81.53668494,0.5,0,0,0,0
79.58954013,0.5,0,0,0,0
86.94900678,0.5,0,0,0,0
82.57524425,0.5,0,0,0,0
75.56497688,0.5,0,0,0,0
86.03550177,0.5,0,0,0,0
76.24424896,0.5,0,0,0,0
77.85214677,0.5,0,0,0,0
73.54561839,0.5,0,0,0,0
86.29578496,0.5,0,0,0,0
76.48589902,0.5,0,0,0,0
76.05131067,0.5,0,0,0,0
86.62013253,0.5,0,0,0,0
84.78656368,0.5,0,0,0,0
74.16815403,0.5,0,0,0,0
84.20802103,0.5,0,0,0,0
86.50459933,0.5,0,0,0,0
73.16827208,0.5,0,0,0,0
85.10119579,0.5,0,0,0,0
80.73933874,0.5,0,0,0,0
82.68730947,0.5,0,0,0,0
79.86649686,0.5,0,0,0,0
83.14488979,0.5,0,0,0,0
72.52815485,0.5,0,0,0,0
84.18309878,0.5,0,0,0,0
72.51609113,0.5,0,0,0,0
79.26576921,0.5,0,0,0,0
74.39758018,0.5,0,0,0,0
85.15674591,0.5,0,0,0,0
77.00009009,0.5,0,0,0,0
79.24647299,0.5,0,0,0,0
78.85622658,0.5,0,0,0,0
84.35598217,0.5,0,0,0,0
79.69448424,0.5,0,0,0,0
84.61927144,0.5,0,0,0,0
73.17261997,0.5,0,0,0,0
75.06190034,0.5,0,0,0,0
80.82066842,0.5,0,0,0,0
87.14922983,0.5,0,0,0,0
73.19261213,0.5,0,0,0,0
72.68585837,0.5,0,0,0,0
74.50123457,0.5,0,0,0,0
82.25450166,0.5,0,0,0,0
78.38313418,0.5,0,0,0,0
85.20802007,0.5,0,0,0,0
73.15022817,0.5,0,0,0,0
75.14190402,0.5,0,0,0,0
76.7996852,0.5,0,0,0,0
82.02689392,0.5,0,0,0,0
82.9619666,0.5,0,0,0,0
73.98654243,0.5,0,0,0,0
87.10003918,0.5,0,0,0,0
77.45596258,0.5,0,0,0,0
83.40989947,0.5,0,0,0,0
80.38655178,0.5,0,0,0,0
75.56398473,0.5,0,0,0,0
85.53948893,0.5,0,0,0,0
85.09164507,0.5,0,0,0,0
78.33699926,0.5,0,0,0,0
81.41756505,0.5,0,0,0,0
76.12506497,0.5,0,0,0,0
83.03746663,0.5,0,0,0,0
76.94428127,0.5,0,0,0,0
85.50509558,0.5,0,0,0,0
75.47801675,0.5,0,0,0,0
72.23671607,0.5,0,0,0,0
76.29598218,0.5,0,0,0,0
75.05681096,0.5,0,0,0,0
80.13255226,0.5,0,0,0,0
75.25922377,0.5,0,0,0,0
84.21100559,0.5,0,0,0,0
75.86190108,0.5,0,0,0,0
83.31145889,0.5,0,0,0,0
81.25550357,0.5,0,0,0,0
87.779964,0.5,0,0,0,0
87.99838184,0.5,0,0,0,0
85.91238434,0.5,0,0,0,0
84.15970159,0.5,0,0,0,0
78.1832726,0.5,0,0,0,0
33.6209646,0.5,0,0,0,0
34.92271673,0.5,0,0,0,0
28.94961092,0.5,0,0,0,0
32.24264789,0.5,0,0,0,0
30.19518335,0.5,0,0,0,0
32.37040221,0.5,0,0,0,0
31.78525527,0.5,0,0,0,0
32.48491268,0.5,0,0,0,0
32.32615201,0.5,0,0,0,0
34.94467834,0.5,0,0,0,0
32.33398489,0.5,0,0,0,0
34.21587879,0.5,0,0,0,0
21.5927937,0.5,0,0,0,0
22.12268987,0.5,0,0,0,0
22.26745115,0.5,0,0,0,0
21.40870046,0.5,0,0,0,0
21.86145917,0.5,0,0,0,0
22.84133734,0.5,0,0,0,0
22.75923993,0.5,0,0,0,0
23.01122908,0.5,0,0,0,0
21.73614307,0.5,0,0,0,0
21.57492391,0.5,0,0,0,0
22.90004686,0.5,0,0,0,0
20.75521949,0.5,0,0,0,0
19.46841697,0.5,0,0,0,0
18.60455499,0.5,0,0,0,0
18.72941383,0.5,0,0,0,0
19.42889768,0.5,0,0,0,0
18.51199171,0.5,0,0,0,0
19.43720155,0.5,0,0,0,0
21.11478277,0.5,0,0,0,0
18.68229437,0.5,0,0,0,0
20.22087319,0.5,0,0,0,0
22.17209333,0.5,0,0,0,0
21.6731024,0.5,0,0,0,0
19.68307177,0.5,0,0,0,0
21.80337813,0.5,0,0,0,0
19.41131515,0.5,0,0,0,0
18.37785424,0.5,0,0,0,0
22.08170965,0.5,0,0,0,0
21.58319449,0.5,0,0,0,0
19.95907699,0.5,0,0,0,0
20.76470048,0.5,0,0,0,0
20.78419984,0.5,0,0,0,0
18.86806294,0.5,0,0,0,0
18.89043542,0.5,0,0,0,0
19.97373871,0.5,0,0,0,0
21.75019471,0.5,0,0,0,0
18.05729347,0.5,0,0,0,0
21.15030736,0.5,0,0,0,0
18.24760803,0.5,0,0,0,0
19.93200482,0.5,0,0,0,0
20.57122075,0.5,0,0,0,0
20.76695421,0.5,0,0,0,0
18.25142161,0.5,0,0,0,0
19.6933019,0.5,0,0,0,0
20.35487097,0.5,0,0,0,0
18.28171576,0.5,0,0,0,0
18.55817698,0.5,0,0,0,0
20.67442436,0.5,0,0,0,0
20.0904094,0.5,0,0,0,0
18.65089493,0.5,0,0,0,0
20.14482441,0.5,0,0,0,0
21.65492644,0.5,0,0,0,0
18.06581831,0.5,0,0,0,0
20.57448463,0.5,0,0,0,0
18.2981143,0.5,0,0,0,0
18.02925872,0.5,0,0,0,0
18.60618966,0.5,0,0,0,0
19.69540732,0.5,0,0,0,0
21.21344819,0.5,0,0,0,0
19.1308144,0.5,0,0,0,0
20.50269285,0.5,0,0,0,0
19.64462655,0.5,0,0,0,0
18.93732717,0.5,0,0,0,0
20.05698846,0.5,0,0,0,0
21.18985796,0.5,0,0,0,0
21.32996948,0.5,0,0,0,0
21.38607813,0.5,0,0,0,0
19.35423125,0.5,0,0,0,0
21.17382426,0.5,0,0,0,0
18.84871382,0.5,0,0,0,0
20.95370041,0.5,0,0,0,0
21.79353771,0.5,0,0,0,0
18.05497534,0.5,0,0,0,0
19.76145572,0.5,0,0,0,0
20.59108395,0.5,0,0,0,0
20.80710308,0.5,0,0,0,0
18.70435103,0.5,0,0,0,0
21.8887331,0.5,0,0,0,0
20.46106147,0.5,0,0,0,0
18.6573624,0.5,0,0,0,0
18.08209005,0.5,0,0,0,0
21.1330568,0.5,0,0,0,0
18.31881896,0.5,0,0,0,0
18.56420368,0.5,0,0,0,0
20.29932011,0.5,0,0,0,0
20.41402201,0.5,0,0,0,0
20.74754847,0.5,0,0,0,0
19.57405605,0.5,0,0,0,0
21.09559468,0.5,0,0,0,0
21.8974344,0.5,0,0,0,0
19.08437977,0.5,0,0,0,0
20.81211447,0.5,0,0,0,0
21.71387461,0.5,0,0,0,0
20.74514705,0.5,0,0,0,0
20.72443799,0.5,0,0,0,0
18.89509028,0.5,0,0,0,0
20.1405208,0.5,0,0,0,0
20.25009137,0.5,0,0,0,0
20.80051825,0.5,0,0,0,0
21.9872858,0.5,0,0,0,0
18.13457529,0.5,0,0,0,0
18.26093065,0.5,0,0,0,0
18.31180028,0.5,0,0,0,0
20.97191654,0.5,0,0,0,0
18.54541518,0.5,0,0,0,0
20.4898075,0.5,0,0,0,0
19.29867551,0.5,0,0,0,0
19.82927982,0.5,0,0,0,0
18.86265264,0.5,0,0,0,0
21.46442625,0.5,0,0,0,0
20.3446013,0.5,0,0,0,0
21.77825305,0.5,0,0,0,0
20.298385,0.5,0,0,0,0
18.49563212,0.5,0,0,0,0
18.68348174,0.5,0,0,0,0
21.95629591,0.5,0,0,0,0
20.90226079,0.5,0,0,0,0
18.197115,0.5,0,0,0,0
20.81512402,0.5,0,0,0,0
19.64869219,0.5,0,0,0,0
19.22883355,0.5,0,0,0,0
18.61624317,0.5,0,0,0,0
21.35961582,0.5,0,0,0,0
18.25536552,0.5,0,0,0,0
19.15934185,0.5,0,0,0,0
19.22553158,0.5,0,0,0,0
18.64362114,0.5,0,0,0,0
20.03273953,0.5,0,0,0,0
18.04681051,0.5,0,0,0,0
19.20390206,0.5,0,0,0,0
21.73451778,0.5,0,0,0,0
19.24211828,0.5,0,0,0,0
19.44183755,0.5,0,0,0,0
19.89266019,0.5,0,0,0,0
20.2467735,0.5,0,0,0,0
21.23483458,0.5,0,0,0,0
18.76128489,0.5,0,0,0,0
21.48698551,0.5,0,0,0,0
21.03019743,0.5,0,0,0,0
20.89060134,0.5,0,0,0,0
18.34721829,0.5,0,0,0,0
18.08656276,0.5,0,0,0,0
20.3760508,0.5,0,0,0,0
21.45253585,0.5,0,0,0,0
20.33776586,0.5,0,0,0,0
18.85293946,0.5,0,0,0,0
18.36207959,0.5,0,0,0,0
20.79838581,0.5,0,0,0,0
20.88708111,0.5,0,0,0,0
18.6901268,0.5,0,0,0,0
18.11276126,0.5,0,0,0,0
19.63313405,0.5,0,0,0,0
20.33087481,0.5,0,0,0,0
20.82400964,0.5,0,0,0,0
21.23978004,0.5,0,0,0,0
20.44214971,0.5,0,0,0,0
18.44352243,0.5,0,0,0,0
20.73032669,0.5,0,0,0,0
21.93670657,0.5,0,0,0,0
21.62233834,0.5,0,0,0,0
21.48667564,0.5,0,0,0,0
19.20868061,0.5,0,0,0,0
21.00315271,0.5,0,0,0,0
21.40441378,0.5,0,0,0,0
20.71330482,0.5,0,0,0,0
19.00224703,0.5,0,0,0,0
21.81533589,0.5,0,0,0,0
19.80327765,0.5,0,0,0,0
62.9653556,0.5,0,0,0,0
62.69297937,0.5,0,0,0,0
70.00625823,0.5,0,0,0,0
67.15285119,0.5,0,0,0,0
62.4849807,0.5,0,0,0,0
71.26895818,0.5,0,0,0,0
72.07082227,0.5,0,0,0,0
71.06565258,0.5,0,0,0,0
63.95074794,0.5,0,0,0,0
70.5809462,0.5,0,0,0,0
61.34583012,0.5,0,0,0,0
65.3495251,0.5,0,0,0,0
76.02971017,0.5,0,0,0,0
82.80303265,0.5,0,0,0,0
75.89892067,0.5,0,0,0,0
70.0149018,0.5,0,0,0,0
75.30841631,0.5,0,0,0,0
77.58330201,0.5,0,0,0,0
84.56855429,0.5,0,0,0,0
84.44485239,0.5,0,0,0,0
72.64716507,0.5,0,0,0,0
72.71347433,0.5,0,0,0,0
72.3756802,0.5,0,0,0,0
82.08406839,0.5,0,0,0,0
71.66377453,0.5,0,0,0,0
73.59062616,0.5,0,0,0,0
80.12370998,0.5,0,0,0,0
75.50522711,0.5,0,0,0,0
73.03683711,0.5,0,0,0,0
77.29149991,0.5,0,0,0,0
75.92899775,0.5,0,0,0,0
79.69660289,0.5,0,0,0,0
87.14173108,0.5,0,0,0,0
73.54494094,0.5,0,0,0,0
77.49584551,0.5,0,0,0,0
86.39028972,0.5,0,0,0,0
85.92673273,0.5,0,0,0,0
78.21436655,0.5,0,0,0,0
83.08343233,0.5,0,0,0,0
73.31762536,0.5,0,0,0,0
83.3005761,0.5,0,0,0,0
87.4606448,0.5,0,0,0,0
80.50309067,0.5,0,0,0,0
79.87987262,0.5,0,0,0,0
74.9071014,0.5,0,0,0,0
82.04204245,0.5,0,0,0,0
81.3492601,0.5,0,0,0,0
82.33201184,0.5,0,0,0,0
72.39995243,0.5,0,0,0,0
80.76018872,0.5,0,0,0,0
81.49939295,0.5,0,0,0,0
75.30240525,0.5,0,0,0,0
75.31524572,0.5,0,0,0,0
76.40115002,0.5,0,0,0,0
83.36753246,0.5,0,0,0,0
81.68064895,0.5,0,0,0,0
85.51167461,0.5,0,0,0,0
76.71212182,0.5,0,0,0,0
86.57230662,0.5,0,0,0,0
83.87916276,0.5,0,0,0,0
78.31642735,0.5,0,0,0,0
73.52066389,0.5,0,0,0,0
76.10808524,0.5,0,0,0,0
87.30410068,0.5,0,0,0,0
76.96211966,0.5,0,0,0,0
77.274706,0.5,0,0,0,0
75.02982129,0.5,0,0,0,0
84.90553396,0.5,0,0,0,0
76.40663999,0.5,0,0,0,0
77.28042234,0.5,0,0,0,0
78.62579552,0.5,0,0,0,0
78.93586337,0.5,0,0,0,0
78.58069826,0.5,0,0,0,0
80.05913055,0.5,0,0,0,0
85.03138976,0.5,0,0,0,0
85.10774361,0.5,0,0,0,0
84.77219632,0.5,0,0,0,0
73.61729069,0.5,0,0,0,0
84.79404682,0.5,0,0,0,0
73.92331871,0.5,0,0,0,0
73.99486996,0.5,0,0,0,0
87.16496755,0.5,0,0,0,0
85.10954846,0.5,0,0,0,0
80.83779142,0.5,0,0,0,0
85.99935815,0.5,0,0,0,0
87.82966565,0.5,0,0,0,0
81.77011607,0.5,0,0,0,0
81.80621792,0.5,0,0,0,0
84.07067105,0.5,0,0,0,0
75.71407787,0.5,0,0,0,0
74.67385441,0.5,0,0,0,0
84.15313043,0.5,0,0,0,0
77.51832788,0.5,0,0,0,0
74.16098331,0.5,0,0,0,0
77.0378957,0.5,0,0,0,0
77.73804063,0.5,0,0,0,0
87.44360897,0.5,0,0,0,0
83.16732344,0.5,0,0,0,0
80.49367017,0.5,0,0,0,0
87.50193662,0.5,0,0,0,0
86.45020265,0.5,0,0,0,0
80.19198291,0.5,0,0,0,0
86.49084095,0.5,0,0,0,0
78.4688444,0.5,0,0,0,0
75.68670158,0.5,0,0,0,0
75.72282175,0.5,0,0,0,0
82.59701667,0.5,0,0,0,0
80.0170944,0.5,0,0,0,0
33.01727908,0.5,0,0,0,0
33.1908798,0.5,0,0,0,0
28.94286083,0.5,0,0,0,0
29.1458478,0.5,0,0,0,0
32.20913127,0.5,0,0,0,0
30.02262129,0.5,0,0,0,0
32.84820981,0.5,0,0,0,0
32.33398252,0.5,0,0,0,0
32.54886004,0.5,0,0,0,0
30.73570853,0.5,0,0,0,0
32.89499212,0.5,0,0,0,0
34.10874632,0.5,0,0,0,0
24.63135786,0.5,0,0,0,0
23.91622954,0.5,0,0,0,0
22.6575932,0.5,0,0,0,0
21.02656342,0.5,0,0,0,0
23.21287625,0.5,0,0,0,0
24.36068762,0.5,0,0,0,0
21.10916094,0.5,0,0,0,0
21.30685921,0.5,0,0,0,0
20.82755713,0.5,0,0,0,0
23.46051168,0.5,0,0,0,0
21.98139433,0.5,0,0,0,0
20.44087534,0.5,0,0,0,0
22.0157949,0.5,0,0,0,0
20.71622387,0.5,0,0,0,0
19.78816198,0.5,0,0,0,0
19.84095403,0.5,0,0,0,0
19.62086876,0.5,0,0,0,0
20.29764654,0.5,0,0,0,0
19.81252252,0.5,0,0,0,0
20.67638781,0.5,0,0,0,0
21.60032641,0.5,0,0,0,0
21.19459316,0.5,0,0,0,0
19.6380952,0.5,0,0,0,0
20.59772294,0.5,0,0,0,0
21.46303501,0.5,0,0,0,0
18.36053445,0.5,0,0,0,0
18.40109233,0.5,0,0,0,0
20.32175869,0.5,0,0,0,0
20.65513147,0.5,0,0,0,0
18.93611115,0.5,0,0,0,0
21.08158868,0.5,0,0,0,0
20.68386171,0.5,0,0,0,0
21.79728417,0.5,0,0,0,0
18.76546068,0.5,0,0,0,0
21.1063234,0.5,0,0,0,0
18.42257826,0.5,0,0,0,0
20.28062035,0.5,0,0,0,0
20.22697983,0.5,0,0,0,0
19.57231157,0.5,0,0,0,0
21.39880773,0.5,0,0,0,0
18.03477935,0.5,0,0,0,0
20.09999509,0.5,0,0,0,0
18.88672806,0.5,0,0,0,0
20.9941295,0.5,0,0,0,0
18.18971508,0.5,0,0,0,0
21.34669191,0.5,0,0,0,0
21.37286717,0.5,0,0,0,0
21.35194224,0.5,0,0,0,0
18.61384728,0.5,0,0,0,0
20.52556622,0.5,0,0,0,0
18.06093647,0.5,0,0,0,0
21.3959576,0.5,0,0,0,0
20.89591202,0.5,0,0,0,0
20.12847885,0.5,0,0,0,0
20.92638282,0.5,0,0,0,0
18.38082483,0.5,0,0,0,0
20.11848533,0.5,0,0,0,0
19.16878567,0.5,0,0,0,0
21.89468082,0.5,0,0,0,0
21.43258607,0.5,0,0,0,0
20.93310278,0.5,0,0,0,0
21.73499054,0.5,0,0,0,0
19.38737322,0.5,0,0,0,0
21.6035196,0.5,0,0,0,0
19.30095293,0.5,0,0,0,0
20.93118688,0.5,0,0,0,0
20.94566765,0.5,0,0,0,0
18.07339951,0.5,0,0,0,0
19.44423879,0.5,0,0,0,0
18.07773069,0.5,0,0,0,0
21.98836807,0.5,0,0,0,0
18.48878705,0.5,0,0,0,0
20.17124358,0.5,0,0,0,0
21.16222496,0.5,0,0,0,0
18.80505441,0.5,0,0,0,0
19.94021067,0.5,0,0,0,0
20.42971504,0.5,0,0,0,0
18.64081902,0.5,0,0,0,0
21.11422184,0.5,0,0,0,0
19.19734583,0.5,0,0,0,0
18.84409231,0.5,0,0,0,0
20.23315499,0.5,0,0,0,0
19.64125451,0.5,0,0,0,0
21.68114378,0.5,0,0,0,0
21.52025079,0.5,0,0,0,0
19.93340265,0.5,0,0,0,0
19.4370551,0.5,0,0,0,0
19.30207193,0.5,0,0,0,0
19.07025449,0.5,0,0,0,0
20.17819141,0.5,0,0,0,0
21.21991442,0.5,0,0,0,0
19.24302643,0.5,0,0,0,0
18.76037636,0.5,0,0,0,0
19.90193522,0.5,0,0,0,0
18.27613767,0.5,0,0,0,0
20.80511602,0.5,0,0,0,0
20.07343307,0.5,0,0,0,0
19.98549923,0.5,0,0,0,0
19.20178152,0.5,0,0,0,0
21.61869375,0.5,0,0,0,0
18.36194517,0.5,0,0,0,0
21.47929604,0.5,0,0,0,0
19.50682081,0.5,0,0,0,0
21.52249406,0.5,0,0,0,0
20.91504583,0.5,0,0,0,0
18.41668291,0.5,0,0,0,0
21.32614515,0.5,0,0,0,0
20.72870733,0.5,0,0,0,0
18.12920765,0.5,0,0,0,0
18.53481073,0.5,0,0,0,0
20.54251222,0.5,0,0,0,0
20.65040201,0.5,0,0,0,0
20.98660573,0.5,0,0,0,0
20.8809816,0.5,0,0,0,0
20.63807982,0.5,0,0,0,0
21.06495561,0.5,0,0,0,0
20.30034282,0.5,0,0,0,0
19.04316554,0.5,0,0,0,0
21.64950645,0.5,0,0,0,0
18.07285612,0.5,0,0,0,0
19.46624688,0.5,0,0,0,0
20.91548117,0.5,0,0,0,0
19.70862416,0.5,0,0,0,0
18.09933763,0.5,0,0,0,0
18.26392361,0.5,0,0,0,0
20.59454948,0.5,0,0,0,0
21.8594584,0.5,0,0,0,0
20.20745454,0.5,0,0,0,0
20.02703127,0.5,0,0,0,0
19.27330085,0.5,0,0,0,0
19.0267627,0.5,0,0,0,0
18.08393993,0.5,0,0,0,0
19.09181947,0.5,0,0,0,0
19.79644176,0.5,0,0,0,0
18.79179913,0.5,0,0,0,0
18.34939195,0.5,0,0,0,0
20.87091147,0.5,0,0,0,0
21.57848108,0.5,0,0,0,0
21.74708828,0.5,0,0,0,0
20.47199491,0.5,0,0,0,0
18.21109833,0.5,0,0,0,0
20.96345052,0.5,0,0,0,0
18.44038122,0.5,0,0,0,0
20.67899247,0.5,0,0,0,0
21.11746334,0.5,0,0,0,0
20.90345884,0.5,0,0,0,0
21.80753522,0.5,0,0,0,0
20.95258514,0.5,0,0,0,0
20.77283911,0.5,0,0,0,0
19.04697269,0.5,0,0,0,0
21.69907475,0.5,0,0,0,0
18.71817548,0.5,0,0,0,0
21.61958645,0.5,0,0,0,0
19.25065017,0.5,0,0,0,0
18.52065438,0.5,0,0,0,0
21.30673211,0.5,0,0,0,0
18.00998181,0.5,0,0,0,0
21.32835327,0.5,0,0,0,0
19.04924737,0.5,0,0,0,0
21.53888509,0.5,0,0,0,0
20.76591673,0.5,0,0,0,0
20.66473333,0.5,0,0,0,0
19.46127825,0.5,0,0,0,0
18.2376119,0.5,0,0,0,0
21.32029239,0.5,0,0,0,0
18.68361518,0.5,0,0,0,0
19.48903457,0.5,0,0,0,0
20.40141874,0.5,0,0,0,0
67.75865084,0.5,0,0,0,0
63.90178464,0.5,0,0,0,0
63.11238245,0.5,0,0,0,0
62.8761493,0.5,0,0,0,0
72.93690719,0.5,0,0,0,0
61.62920987,0.5,0,0,0,0
74.48739393,0.5,0,0,0,0
63.89999019,0.5,0,0,0,0
62.70038324,0.5,0,0,0,0
69.04681451,0.5,0,0,0,0
62.28780903,0.5,0,0,0,0
69.39336438,0.5,0,0,0,0
83.04172553,0.5,0,0,0,0
70.58337729,0.5,0,0,0,0
82.25396074,0.5,0,0,0,0
75.96228988,0.5,0,0,0,0
72.31529464,0.5,0,0,0,0
72.57301737,0.5,0,0,0,0
84.09922572,0.5,0,0,0,0
71.55660127,0.5,0,0,0,0
83.29246886,0.5,0,0,0,0
78.28667652,0.5,0,0,0,0
70.4461519,0.5,0,0,0,0
77.04866978,0.5,0,0,0,0
84.56871708,0.5,0,0,0,0
83.11752913,0.5,0,0,0,0
79.34159557,0.5,0,0,0,0
85.24623329,0.5,0,0,0,0
73.48228117,0.5,0,0,0,0
86.03970251,0.5,0,0,0,0
85.02980098,0.5,0,0,0,0
82.83243464,0.5,0,0,0,0
84.57568665,0.5,0,0,0,0
80.21684182,0.5,0,0,0,0
82.30578327,0.5,0,0,0,0
80.48375172,0.5,0,0,0,0
77.59363226,0.5,0,0,0,0
81.00445063,0.5,0,0,0,0
76.02810199,0.5,0,0,0,0
78.94961337,0.5,0,0,0,0
76.40061563,0.5,0,0,0,0
73.87744519,0.5,0,0,0,0
77.05720995,0.5,0,0,0,0
85.52903734,0.5,0,0,0,0
78.00357558,0.5,0,0,0,0
83.86729671,0.5,0,0,0,0
74.71340187,0.5,0,0,0,0
78.6961577,0.5,0,0,0,0
73.81997606,0.5,0,0,0,0
74.20012471,0.5,0,0,0,0
81.85933112,0.5,0,0,0,0
81.70009635,0.5,0,0,0,0
75.39585117,0.5,0,0,0,0
79.57166932,0.5,0,0,0,0
85.79230358,0.5,0,0,0,0
74.76927521,0.5,0,0,0,0
72.29001476,0.5,0,0,0,0
82.41213859,0.5,0,0,0,0
72.8384859,0.5,0,0,0,0
87.65800085,0.5,0,0,0,0
81.75000035,0.5,0,0,0,0
79.52252438,0.5,0,0,0,0
78.87609441,0.5,0,0,0,0
81.16523442,0.5,0,0,0,0
73.44646539,0.5,0,0,0,0
86.87613469,0.5,0,0,0,0
82.0063366,0.5,0,0,0,0
74.94005867,0.5,0,0,0,0
80.9974088,0.5,0,0,0,0
74.12854575,0.5,0,0,0,0
72.277374,0.5,0,0,0,0
82.08433153,0.5,0,0,0,0
82.37494266,0.5,0,0,0,0
81.33836447,0.5,0,0,0,0
74.93501189,0.5,0,0,0,0
81.65409385,0.5,0,0,0,0
72.90347517,0.5,0,0,0,0
81.74702891,0.5,0,0,0,0
80.86349601,0.5,0,0,0,0
82.48328545,0.5,0,0,0,0
86.32678095,0.5,0,0,0,0
85.60490787,0.5,0,0,0,0
87.68962524,0.5,0,0,0,0
87.61901538,0.5,0,0,0,0
84.35695313,0.5,0,0,0,0
87.30254633,0.5,0,0,0,0
85.87637729,0.5,0,0,0,0
83.64115861,0.5,0,0,0,0
73.20600752,0.5,0,0,0,0
72.78465847,0.5,0,0,0,0
85.40142911,0.5,0,0,0,0
79.83434044,0.5,0,0,0,0
85.03354369,0.5,0,0,0,0
77.00654448,0.5,0,0,0,0
78.36224728,0.5,0,0,0,0
83.20282779,0.5,0,0,0,0
86.64519452,0.5,0,0,0,0
73.4041554,0.5,0,0,0,0
85.78361737,0.5,0,0,0,0
84.68817108,0.5,0,0,0,0
77.04859875,0.5,0,0,0,0
77.683436,0.5,0,0,0,0
72.7433557,0.5,0,0,0,0
72.25182203,0.5,0,0,0,0
79.63206744,0.5,0,0,0,0
73.52860609,0.5,0,0,0,0
75.10400019,0.5,0,0,0,0
85.54824234,0.5,0,0,0,0
32.45457547,0.5,0,0,0,0
32.85524129,0.5,0,0,0,0
29.99986196,0.5,0,0,0,0
34.103429,0.5,0,0,0,0
34.35506395,0.5,0,0,0,0
32.14929043,0.5,0,0,0,0
34.64036309,0.5,0,0,0,0
34.20689663,0.5,0,0,0,0
33.4804683,0.5,0,0,0,0
33.49807943,0.5,0,0,0,0
29.47451257,0.5,0,0,0,0
30.53334478,0.5,0,0,0,0
20.45947442,0.5,0,0,0,0
20.19889071,0.5,0,0,0,0
20.86922556,0.5,0,0,0,0
24.10458126,0.5,0,0,0,0
21.23463462,0.5,0,0,0,0
24.50628841,0.5,0,0,0,0
22.83586243,0.5,0,0,0,0
21.22291686,0.5,0,0,0,0
22.38714477,0.5,0,0,0,0
21.14154365,0.5,0,0,0,0
24.56820019,0.5,0,0,0,0
23.95574581,0.5,0,0,0,0
18.53947386,0.5,0,0,0,0
22.31409036,0.5,0,0,0,0
21.38548242,0.5,0,0,0,0
18.76943338,0.5,0,0,0,0
21.17893195,0.5,0,0,0,0
21.0818115,0.5,0,0,0,0
19.32815847,0.5,0,0,0,0
21.53859742,0.5,0,0,0,0
18.7886168,0.5,0,0,0,0
20.43676722,0.5,0,0,0,0
18.47264523,0.5,0,0,0,0
22.39994849,0.5,0,0,0,0
21.1070845,0.5,0,0,0,0
18.72485822,0.5,0,0,0,0
19.45965625,0.5,0,0,0,0
18.73173226,0.5,0,0,0,0
21.16758886,0.5,0,0,0,0
18.32311607,0.5,0,0,0,0
21.46416238,0.5,0,0,0,0
21.87327547,0.5,0,0,0,0
20.80590298,0.5,0,0,0,0
18.94235069,0.5,0,0,0,0
19.53367407,0.5,0,0,0,0
20.00452246,0.5,0,0,0,0
20.43810084,0.5,0,0,0,0
20.69450002,0.5,0,0,0,0
20.23626704,0.5,0,0,0,0
19.42388472,0.5,0,0,0,0
21.58437023,0.5,0,0,0,0
18.34316077,0.5,0,0,0,0
19.88409463,0.5,0,0,0,0
21.12251751,0.5,0,0,0,0
18.2610044,0.5,0,0,0,0
20.84132934,0.5,0,0,0,0
21.29927417,0.5,0,0,0,0
20.66314278,0.5,0,0,0,0
18.0552135,0.5,0,0,0,0
18.72414245,0.5,0,0,0,0
19.37217106,0.5,0,0,0,0
18.93839561,0.5,0,0,0,0
21.85480388,0.5,0,0,0,0
20.61033208,0.5,0,0,0,0
19.1915679,0.5,0,0,0,0
21.72296,0.5,0,0,0,0
20.96640157,0.5,0,0,0,0
19.14210342,0.5,0,0,0,0
19.51927326,0.5,0,0,0,0
18.80132459,0.5,0,0,0,0
21.88429599,0.5,0,0,0,0
20.06918598,0.5,0,0,0,0
21.58422675,0.5,0,0,0,0
19.38599908,0.5,0,0,0,0
21.44336641,0.5,0,0,0,0
18.21554739,0.5,0,0,0,0
21.92836127,0.5,0,0,0,0
21.64813747,0.5,0,0,0,0
19.45281178,0.5,0,0,0,0
21.09888866,0.5,0,0,0,0
21.00903171,0.5,0,0,0,0
21.60501919,0.5,0,0,0,0
19.22901992,0.5,0,0,0,0
19.86208002,0.5,0,0,0,0
21.45999845,0.5,0,0,0,0
21.11431782,0.5,0,0,0,0
19.57386688,0.5,0,0,0,0
21.38290093,0.5,0,0,0,0
18.18781616,0.5,0,0,0,0
21.12818521,0.5,0,0,0,0
18.82706344,0.5,0,0,0,0
19.14448363,0.5,0,0,0,0
19.97285937,0.5,0,0,0,0
19.798938,0.5,0,0,0,0
20.08228043,0.5,0,0,0,0
20.17910238,0.5,0,0,0,0
19.32611076,0.5,0,0,0,0
18.70091005,0.5,0,0,0,0
21.07392492,0.5,0,0,0,0
19.5999046,0.5,0,0,0,0
20.02336345,0.5,0,0,0,0
20.57878687,0.5,0,0,0,0
21.63855169,0.5,0,0,0,0
20.83021132,0.5,0,0,0,0
18.1818369,0.5,0,0,0,0
21.35424145,0.5,0,0,0,0
21.95742006,0.5,0,0,0,0
19.8899401,0.5,0,0,0,0
21.87836135,0.5,0,0,0,0
20.18931497,0.5,0,0,0,0
19.83846398,0.5,0,0,0,0
19.32561906,0.5,0,0,0,0
20.6302195,0.5,0,0,0,0
18.91928168,0.5,0,0,0,0
18.41973687,0.5,0,0,0,0
18.10894841,0.5,0,0,0,0
19.16952045,0.5,0,0,0,0
19.58308333,0.5,0,0,0,0
20.20830679,0.5,0,0,0,0
19.1709993,0.5,0,0,0,0
21.93623829,0.5,0,0,0,0
19.16698067,0.5,0,0,0,0
19.76390155,0.5,0,0,0,0
18.41310466,0.5,0,0,0,0
19.04250605,0.5,0,0,0,0
18.19332856,0.5,0,0,0,0
20.23803453,0.5,0,0,0,0
21.00425873,0.5,0,0,0,0
18.78283926,0.5,0,0,0,0
19.47164375,0.5,0,0,0,0
18.06646491,0.5,0,0,0,0
21.35808822,0.5,0,0,0,0
21.1198541,0.5,0,0,0,0
18.25301612,0.5,0,0,0,0
19.45947044,0.5,0,0,0,0
21.82114646,0.5,0,0,0,0
19.56810822,0.5,0,0,0,0
20.10483471,0.5,0,0,0,0
19.42097144,0.5,0,0,0,0
20.38452555,0.5,0,0,0,0
21.9126275,0.5,0,0,0,0
21.99001001,0.5,0,0,0,0
21.09885991,0.5,0,0,0,0
19.61724439,0.5,0,0,0,0
19.9777288,0.5,0,0,0,0
19.42692531,0.5,0,0,0,0
21.94229852,0.5,0,0,0,0
20.83104122,0.5,0,0,0,0
19.79572578,0.5,0,0,0,0
18.04846108,0.5,0,0,0,0
20.08193366,0.5,0,0,0,0
21.93571281,0.5,0,0,0,0
20.09224364,0.5,0,0,0,0
18.72970674,0.5,0,0,0,0
18.08837499,0.5,0,0,0,0
19.41881503,0.5,0,0,0,0
21.67291222,0.5,0,0,0,0
21.98621643,0.5,0,0,0,0
21.7814719,0.5,0,0,0,0
20.91767997,0.5,0,0,0,0
20.23257091,0.5,0,0,0,0
20.36274459,0.5,0,0,0,0
20.15596804,0.5,0,0,0,0
20.82819722,0.5,0,0,0,0
19.67549291,0.5,0,0,0,0
20.67681602,0.5,0,0,0,0
18.48644846,0.5,0,0,0,0
19.06278123,0.5,0,0,0,0
21.34401216,0.5,0,0,0,0
21.61499572,0.5,0,0,0,0
20.15603295,0.5,0,0,0,0
18.12654247,0.5,0,0,0,0
21.70789428,0.5,0,0,0,0
20.80825703,0.5,0,0,0,0
19.6561117,0.5,0,0,0,0
20.39351577,0.5,0,0,0,0
19.71909934,0.5,0,0,0,0
19.86135691,0.5,0,0,0,0
73.26061417,0.5,0,0,0,0
63.39074576,0.5,0,0,0,0
62.60990024,0.5,0,0,0,0
61.23711093,0.5,0,0,0,0
65.47040511,0.5,0,0,0,0
63.20482722,0.5,0,0,0,0
64.19180273,0.5,0,0,0,0
61.35285016,0.5,0,0,0,0
64.28985764,0.5,0,0,0,0
65.72487751,0.5,0,0,0,0
61.62931795,0.5,0,0,0,0
69.46749609,0.5,0,0,0,0
78.66778141,0.5,0,0,0,0
71.34599528,0.5,0,0,0,0
79.07455175,0.5,0,0,0,0
85.33910882,0.5,0,0,0,0
84.49815815,0.5,0,0,0,0
69.88145382,0.5,0,0,0,0
82.18427139,0.5,0,0,0,0
75.32795389,0.5,0,0,0,0
70.82786927,0.5,0,0,0,0
74.43365948,0.5,0,0,0,0
74.83335073,0.5,0,0,0,0
77.96075059,0.5,0,0,0,0
82.08187623,0.5,0,0,0,0
83.48098046,0.5,0,0,0,0
75.47884199,0.5,0,0,0,0
76.68543915,0.5,0,0,0,0
76.47250267,0.5,0,0,0,0
77.33696715,0.5,0,0,0,0
87.46653394,0.5,0,0,0,0
83.94041029,0.5,0,0,0,0
87.07424836,0.5,0,0,0,0
82.59123829,0.5,0,0,0,0
78.02932924,0.5,0,0,0,0
77.7664915,0.5,0,0,0,0
79.72151756,0.5,0,0,0,0
78.57551263,0.5,0,0,0,0
85.15091607,0.5,0,0,0,0
79.34470417,0.5,0,0,0,0
76.63775397,0.5,0,0,0,0
84.29648698,0.5,0,0,0,0
85.56792168,0.5,0,0,0,0
78.63239106,0.5,0,0,0,0
82.58571523,0.5,0,0,0,0
72.8533435,0.5,0,0,0,0
80.37487191,0.5,0,0,0,0
72.63243457,0.5,0,0,0,0
72.44966136,0.5,0,0,0,0
81.78716398,0.5,0,0,0,0
76.83492131,0.5,0,0,0,0
83.86046326,0.5,0,0,0,0
86.31660001,0.5,0,0,0,0
74.21244352,0.5,0,0,0,0
83.57230325,0.5,0,0,0,0
80.21306422,0.5,0,0,0,0
73.77619746,0.5,0,0,0,0
82.40569959,0.5,0,0,0,0
81.7318485,0.5,0,0,0,0
80.23100981,0.5,0,0,0,0
86.81937174,0.5,0,0,0,0
80.33341895,0.5,0,0,0,0
87.84402513,0.5,0,0,0,0
80.14381393,0.5,0,0,0,0
73.85008764,0.5,0,0,0,0
79.5237227,0.5,0,0,0,0
74.91366417,0.5,0,0,0,0
81.55022117,0.5,0,0,0,0
83.08612648,0.5,0,0,0,0
79.4911487,0.5,0,0,0,0
73.55971645,0.5,0,0,0,0
79.49444646,0.5,0,0,0,0
73.30256372,0.5,0,0,0,0
82.91321931,0.5,0,0,0,0
84.645079,0.5,0,0,0,0
87.39724621,0.5,0,0,0,0
74.38011966,0.5,0,0,0,0
80.51795239,0.5,0,0,0,0
81.07981951,0.5,0,0,0,0
86.75879165,0.5,0,0,0,0
82.0356387,0.5,0,0,0,0
74.32744078,0.5,0,0,0,0
78.98086296,0.5,0,0,0,0
82.47540868,0.5,0,0,0,0
83.20439116,0.5,0,0,0,0
85.80901922,0.5,0,0,0,0
74.88797013,0.5,0,0,0,0
87.22450688,0.5,0,0,0,0
72.94609054,0.5,0,0,0,0
87.74002569,0.5,0,0,0,0
85.7241089,0.5,0,0,0,0
82.564206,0.5,0,0,0,0
83.75976719,0.5,0,0,0,0
73.16293162,0.5,0,0,0,0
72.66353829,0.5,0,0,0,0
73.62811138,0.5,0,0,0,0
73.39772885,0.5,0,0,0,0
80.75806872,0.5,0,0,0,0
75.44707482,0.5,0,0,0,0
85.76325726,0.5,0,0,0,0
79.13194758,0.5,0,0,0,0
83.1281357,0.5,0,0,0,0
82.44593783,0.5,0,0,0,0
77.11761901,0.5,0,0,0,0
75.89065203,0.5,0,0,0,0
77.47927081,0.5,0,0,0,0
84.74650144,0.5,0,0,0,0
81.38039832,0.5,0,0,0,0
30.4226416,0.5,0,0,0,0
34.0342107,0.5,0,0,0,0
29.15045447,0.5,0,0,0,0
33.27476721,0.5,0,0,0,0
31.61023909,0.5,0,0,0,0
33.48025204,0.5,0,0,0,0
34.73574552,0.5,0,0,0,0
33.60021178,0.5,0,0,0,0
31.6285722,0.5,0,0,0,0
29.76623865,0.5,0,0,0,0
33.96063972,0.5,0,0,0,0
31.74850928,0.5,0,0,0,0
20.49739808,0.5,0,0,0,0
23.3813669,0.5,0,0,0,0
21.46749563,0.5,0,0,0,0
20.37901815,0.5,0,0,0,0
24.20432322,0.5,0,0,0,0
22.32429167,0.5,0,0,0,0
21.41870434,0.5,0,0,0,0
23.3694105,0.5,0,0,0,0
24.12884133,0.5,0,0,0,0
20.16137459,0.5,0,0,0,0
23.24157651,0.5,0,0,0,0
23.59621109,0.5,0,0,0,0
19.29186251,0.5,0,0,0,0
20.43749897,0.5,0,0,0,0
18.79771482,0.5,0,0,0,0
21.49068726,0.5,0,0,0,0
21.90317959,0.5,0,0,0,0
18.87513232,0.5,0,0,0,0
21.77622094,0.5,0,0,0,0
21.59235116,0.5,0,0,0,0
19.85295672,0.5,0,0,0,0
21.25942566,0.5,0,0,0,0
18.43219689,0.5,0,0,0,0
22.24864293,0.5,0,0,0,0
20.29850025,0.5,0,0,0,0
20.57966591,0.5,0,0,0,0
20.75779906,0.5,0,0,0,0
20.3426543,0.5,0,0,0,0
21.52990536,0.5,0,0,0,0
20.53691355,0.5,0,0,0,0
21.7348689,0.5,0,0,0,0
20.42690721,0.5,0,0,0,0
18.77417519,0.5,0,0,0,0
21.75819057,0.5,0,0,0,0
20.82599719,0.5,0,0,0,0
20.89678132,0.5,0,0,0,0
21.96299124,0.5,0,0,0,0
18.31835496,0.5,0,0,0,0
19.73329621,0.5,0,0,0,0
18.97457969,0.5,0,0,0,0
20.54140669,0.5,0,0,0,0
21.24762488,0.5,0,0,0,0
21.88623346,0.5,0,0,0,0
19.83741007,0.5,0,0,0,0
21.16517199,0.5,0,0,0,0
21.68900784,0.5,0,0,0,0
20.75320569,0.5,0,0,0,0
18.98914229,0.5,0,0,0,0
20.43533943,0.5,0,0,0,0
21.88400911,0.5,0,0,0,0
21.95442975,0.5,0,0,0,0
20.57338863,0.5,0,0,0,0
21.55208824,0.5,0,0,0,0
18.80500732,0.5,0,0,0,0
18.98795941,0.5,0,0,0,0
21.81573827,0.5,0,0,0,0
18.54450136,0.5,0,0,0,0
18.76802852,0.5,0,0,0,0
19.68597338,0.5,0,0,0,0
20.36224595,0.5,0,0,0,0
20.41526888,0.5,0,0,0,0
19.16790403,0.5,0,0,0,0
21.68245559,0.5,0,0,0,0
21.66039963,0.5,0,0,0,0
19.56827221,0.5,0,0,0,0
19.73716708,0.5,0,0,0,0
20.80998847,0.5,0,0,0,0
20.65198359,0.5,0,0,0,0
19.52918806,0.5,0,0,0,0
19.65697701,0.5,0,0,0,0
19.39215577,0.5,0,0,0,0
18.94154003,0.5,0,0,0,0
19.83255345,0.5,0,0,0,0
20.74573653,0.5,0,0,0,0
20.96786682,0.5,0,0,0,0
21.11549459,0.5,0,0,0,0
19.49892805,0.5,0,0,0,0
21.05854398,0.5,0,0,0,0
18.02606526,0.5,0,0,0,0
19.90819975,0.5,0,0,0,0
21.1756176,0.5,0,0,0,0
20.52017888,0.5,0,0,0,0
19.8962525,0.5,0,0,0,0
20.57856803,0.5,0,0,0,0
21.62778401,0.5,0,0,0,0
20.2655272,0.5,0,0,0,0
21.19914477,0.5,0,0,0,0
21.9229709,0.5,0,0,0,0
20.82227281,0.5,0,0,0,0
20.29330306,0.5,0,0,0,0
18.14994379,0.5,0,0,0,0
19.49791159,0.5,0,0,0,0
20.26177093,0.5,0,0,0,0
21.18882629,0.5,0,0,0,0
19.75241916,0.5,0,0,0,0
21.8402331,0.5,0,0,0,0
19.08717501,0.5,0,0,0,0
20.97826878,0.5,0,0,0,0
19.67612567,0.5,0,0,0,0
19.94395398,0.5,0,0,0,0
21.21000814,0.5,0,0,0,0
19.18486105,0.5,0,0,0,0
18.38724823,0.5,0,0,0,0
20.08102234,0.5,0,0,0,0
20.11517845,0.5,0,0,0,0
21.18867109,0.5,0,0,0,0
21.87327682,0.5,0,0,0,0
18.22120275,0.5,0,0,0,0
20.3667579,0.5,0,0,0,0
20.72511412,0.5,0,0,0,0
21.9432054,0.5,0,0,0,0
21.77036086,0.5,0,0,0,0
20.84980306,0.5,0,0,0,0
20.08715765,0.5,0,0,0,0
18.64609569,0.5,0,0,0,0
19.53670622,0.5,0,0,0,0
20.3404893,0.5,0,0,0,0
20.90080159,0.5,0,0,0,0
20.54159823,0.5,0,0,0,0
20.85649121,0.5,0,0,0,0
19.71661002,0.5,0,0,0,0
20.91050916,0.5,0,0,0,0
18.57496502,0.5,0,0,0,0
18.65034525,0.5,0,0,0,0
18.65132858,0.5,0,0,0,0
21.56345983,0.5,0,0,0,0
18.30413625,0.5,0,0,0,0
21.20603349,0.5,0,0,0,0
18.93428359,0.5,0,0,0,0
19.87371976,0.5,0,0,0,0
21.66382638,0.5,0,0,0,0
20.34374892,0.5,0,0,0,0
18.84047074,0.5,0,0,0,0
19.13636024,0.5,0,0,0,0
21.6817865,0.5,0,0,0,0
19.7085757,0.5,0,0,0,0
20.34794193,0.5,0,0,0,0
19.83972879,0.5,0,0,0,0
19.51375235,0.5,0,0,0,0
18.89311651,0.5,0,0,0,0
20.744766,0.5,0,0,0,0
20.87296811,0.5,0,0,0,0
19.09954037,0.5,0,0,0,0
21.15604337,0.5,0,0,0,0
21.4181408,0.5,0,0,0,0
21.68270039,0.5,0,0,0,0
18.64484966,0.5,0,0,0,0
19.21569473,0.5,0,0,0,0
21.44141339,0.5,0,0,0,0
18.79416081,0.5,0,0,0,0
18.01387384,0.5,0,0,0,0
21.48330924,0.5,0,0,0,0
19.30579777,0.5,0,0,0,0
19.6579901,0.5,0,0,0,0
19.7853361,0.5,0,0,0,0
21.3930984,0.5,0,0,0,0
19.35156858,0.5,0,0,0,0
21.56911954,0.5,0,0,0,0
20.46775655,0.5,0,0,0,0
20.1091469,0.5,0,0,0,0
19.30245803,0.5,0,0,0,0
18.97484679,0.5,0,0,0,0
20.49623377,0.5,0,0,0,0
19.78757664,0.5,0,0,0,0
21.64206404,0.5,0,0,0,0
19.96655486,0.5,0,0,0,0
20.04717967,0.5,0,0,0,0
19.66689312,0.5,0,0,0,0
71.93397676,0.5,0,0,0,0
66.97781309,0.5,0,0,0,0
64.8630512,0.5,0,0,0,0
72.92361989,0.5,0,0,0,0
69.31686381,0.5,0,0,0,0
69.24453899,0.5,0,0,0,0
69.50718202,0.5,0,0,0,0
70.97622058,0.5,0,0,0,0
65.45772465,0.5,0,0,0,0
61.66028344,0.5,0,0,0,0
72.22406699,0.5,0,0,0,0
62.95310873,0.5,0,0,0,0
81.04264232,0.5,0,0,0,0
71.11753343,0.5,0,0,0,0
75.66477771,0.5,0,0,0,0
70.8181646,0.5,0,0,0,0
77.94475631,0.5,0,0,0,0
79.97666719,0.5,0,0,0,0
72.50064235,0.5,0,0,0,0
75.60766064,0.5,0,0,0,0
84.2773169,0.5,0,0,0,0
76.7058791,0.5,0,0,0,0
82.29547619,0.5,0,0,0,0
84.22990724,0.5,0,0,0,0
87.063996,0.5,0,0,0,0
85.8549134,0.5,0,0,0,0
76.61601435,0.5,0,0,0,0
86.87675918,0.5,0,0,0,0
84.48833392,0.5,0,0,0,0
84.88244048,0.5,0,0,0,0
71.80931114,0.5,0,0,0,0
86.74421488,0.5,0,0,0,0
83.94274692,0.5,0,0,0,0
83.78175506,0.5,0,0,0,0
72.86456932,0.5,0,0,0,0
75.26677008,0.5,0,0,0,0
87.29131122,0.5,0,0,0,0
79.9148202,0.5,0,0,0,0
78.27168942,0.5,0,0,0,0
85.33652621,0.5,0,0,0,0
73.30936969,0.5,0,0,0,0
78.57666697,0.5,0,0,0,0
77.91759894,0.5,0,0,0,0
77.50450505,0.5,0,0,0,0
76.83076821,0.5,0,0,0,0
75.27076587,0.5,0,0,0,0
74.67685296,0.5,0,0,0,0
82.14780207,0.5,0,0,0,0
86.68950698,0.5,0,0,0,0
80.12239233,0.5,0,0,0,0
76.74916862,0.5,0,0,0,0
74.52867199,0.5,0,0,0,0
85.26182609,0.5,0,0,0,0
87.52286237,0.5,0,0,0,0
77.56786567,0.5,0,0,0,0
76.63680956,0.5,0,0,0,0
81.60429751,0.5,0,0,0,0
84.38500643,0.5,0,0,0,0
79.26741611,0.5,0,0,0,0
82.06147092,0.5,0,0,0,0
83.46077878,0.5,0,0,0,0
87.36528287,0.5,0,0,0,0
74.63701454,0.5,0,0,0,0
87.95389791,0.5,0,0,0,0
78.27074931,0.5,0,0,0,0
83.56719087,0.5,0,0,0,0
81.15473443,0.5,0,0,0,0
79.78286811,0.5,0,0,0,0
83.16521378,0.5,0,0,0,0
78.32830166,0.5,0,0,0,0
74.01420685,0.5,0,0,0,0
79.81846266,0.5,0,0,0,0
80.34988256,0.5,0,0,0,0
75.22971224,0.5,0,0,0,0
86.96907479,0.5,0,0,0,0
75.63888421,0.5,0,0,0,0
78.54688745,0.5,0,0,0,0
74.47815999,0.5,0,0,0,0
80.57197284,0.5,0,0,0,0
76.92146328,0.5,0,0,0,0
79.82759397,0.5,0,0,0,0
75.59314496,0.5,0,0,0,0
72.85970259,0.5,0,0,0,0
84.46681553,0.5,0,0,0,0
82.25722261,0.5,0,0,0,0
77.45168098,0.5,0,0,0,0
72.7597679,0.5,0,0,0,0
85.84903617,0.5,0,0,0,0
74.71657662,0.5,0,0,0,0
86.89170866,0.5,0,0,0,0
79.65737312,0.5,0,0,0,0
77.44603866,0.5,0,0,0,0
83.8679906,0.5,0,0,0,0
86.02926532,0.5,0,0,0,0
77.93126739,0.5,0,0,0,0
78.51734928,0.5,0,0,0,0
78.9305012,0.5,0,0,0,0
86.75713567,0.5,0,0,0,0
83.08099196,0.5,0,0,0,0
75.9623087,0.5,0,0,0,0
74.95996638,0.5,0,0,0,0
75.68585355,0.5,0,0,0,0
76.21699296,0.5,0,0,0,0
75.6829068,0.5,0,0,0,0
82.53607146,0.5,0,0,0,0
73.85490781,0.5,0,0,0,0
78.19770581,0.5,0,0,0,0
82.00082568,0.5,0,0,0,0
30.66149795,0.5,0,0,0,0
29.21775045,0.5,0,0,0,0
29.32366748,0.5,0,0,0,0
29.60618168,0.5,0,0,0,0
34.1493888,0.5,0,0,0,0
33.0103201,0.5,0,0,0,0
29.21293782,0.5,0,0,0,0
31.30283482,0.5,0,0,0,0
30.58293923,0.5,0,0,0,0
32.49945047,0.5,0,0,0,0
32.14595191,0.5,0,0,0,0
31.87918763,0.5,0,0,0,0
21.56901424,0.5,0,0,0,0
20.77734184,0.5,0,0,0,0
23.48584491,0.5,0,0,0,0
24.101757,0.5,0,0,0,0
24.38979474,0.5,0,0,0,0
20.42261187,0.5,0,0,0,0
23.47478974,0.5,0,0,0,0
23.41473421,0.5,0,0,0,0
24.40304973,0.5,0,0,0,0
21.29305622,0.5,0,0,0,0
23.4849608,0.5,0,0,0,0
20.40472465,0.5,0,0,0,0
21.01758222,0.5,0,0,0,0
19.86907245,0.5,0,0,0,0
21.58145281,0.5,0,0,0,0
21.96809409,0.5,0,0,0,0
19.92630675,0.5,0,0,0,0
20.58480039,0.5,0,0,0,0
18.91288681,0.5,0,0,0,0
20.13965069,0.5,0,0,0,0
19.90983817,0.5,0,0,0,0
19.18207346,0.5,0,0,0,0
22.09578418,0.5,0,0,0,0
19.03856756,0.5,0,0,0,0
20.64156358,0.5,0,0,0,0
21.66406126,0.5,0,0,0,0
21.75178406,0.5,0,0,0,0
21.27458895,0.5,0,0,0,0
18.7943464,0.5,0,0,0,0
21.37182027,0.5,0,0,0,0
19.19796925,0.5,0,0,0,0
21.7937021,0.5,0,0,0,0
20.93636114,0.5,0,0,0,0
21.24254733,0.5,0,0,0,0
18.42816239,0.5,0,0,0,0
20.42864949,0.5,0,0,0,0
21.30500168,0.5,0,0,0,0
21.46694991,0.5,0,0,0,0
18.13191676,0.5,0,0,0,0
21.77752329,0.5,0,0,0,0
18.19080135,0.5,0,0,0,0
20.47771446,0.5,0,0,0,0
20.79349271,0.5,0,0,0,0
18.44707336,0.5,0,0,0,0
18.20951182,0.5,0,0,0,0
21.15994267,0.5,0,0,0,0
19.55743962,0.5,0,0,0,0
18.44614136,0.5,0,0,0,0
21.05471299,0.5,0,0,0,0
21.40076044,0.5,0,0,0,0
20.35345187,0.5,0,0,0,0
18.64852706,0.5,0,0,0,0
18.06435758,0.5,0,0,0,0
20.80720414,0.5,0,0,0,0
20.2044372,0.5,0,0,0,0
20.60714438,0.5,0,0,0,0
21.2568192,0.5,0,0,0,0
19.74070059,0.5,0,0,0,0
18.5016135,0.5,0,0,0,0
21.76411105,0.5,0,0,0,0
20.18104851,0.5,0,0,0,0
20.46117648,0.5,0,0,0,0
21.73364572,0.5,0,0,0,0
21.72633463,0.5,0,0,0,0
20.28837843,0.5,0,0,0,0
19.1904457,0.5,0,0,0,0
21.98845454,0.5,0,0,0,0
20.72326836,0.5,0,0,0,0
19.63374671,0.5,0,0,0,0
20.23934721,0.5,0,0,0,0
19.6633362,0.5,0,0,0,0
21.55322061,0.5,0,0,0,0
19.9299975,0.5,0,0,0,0
21.2941135,0.5,0,0,0,0
21.36070519,0.5,0,0,0,0
21.29732935,0.5,0,0,0,0
20.88875445,0.5,0,0,0,0
21.41951087,0.5,0,0,0,0
19.54891832,0.5,0,0,0,0
18.45865282,0.5,0,0,0,0
21.36981682,0.5,0,0,0,0
19.99267366,0.5,0,0,0,0
18.50950413,0.5,0,0,0,0
18.46125009,0.5,0,0,0,0
18.63696958,0.5,0,0,0,0
21.00389304,0.5,0,0,0,0
20.84342669,0.5,0,0,0,0
18.81527472,0.5,0,0,0,0
21.38769367,0.5,0,0,0,0
19.12517918,0.5,0,0,0,0
21.17194233,0.5,0,0,0,0
19.95522363,0.5,0,0,0,0
20.92619473,0.5,0,0,0,0
19.52555065,0.5,0,0,0,0
19.38856239,0.5,0,0,0,0
21.3654384,0.5,0,0,0,0
18.14120902,0.5,0,0,0,0
21.89894779,0.5,0,0,0,0
20.59271823,0.5,0,0,0,0
19.72993355,0.5,0,0,0,0
20.51221812,0.5,0,0,0,0
18.49096379,0.5,0,0,0,0
20.05620982,0.5,0,0,0,0
21.94038209,0.5,0,0,0,0
18.94107775,0.5,0,0,0,0
20.8891124,0.5,0,0,0,0
19.7398855,0.5,0,0,0,0
20.60983259,0.5,0,0,0,0
18.81954891,0.5,0,0,0,0
19.88185993,0.5,0,0,0,0
21.92037086,0.5,0,0,0,0
18.7811486,0.5,0,0,0,0
20.54578011,0.5,0,0,0,0
20.302391,0.5,0,0,0,0
20.26020635,0.5,0,0,0,0
20.46049316,0.5,0,0,0,0
20.00895189,0.5,0,0,0,0
18.067723,0.5,0,0,0,0
21.60038725,0.5,0,0,0,0
21.30791531,0.5,0,0,0,0
18.69667072,0.5,0,0,0,0
19.65309271,0.5,0,0,0,0
21.08219592,0.5,0,0,0,0
21.92024926,0.5,0,0,0,0
21.80454819,0.5,0,0,0,0
21.5974368,0.5,0,0,0,0
18.63349559,0.5,0,0,0,0
21.65790042,0.5,0,0,0,0
21.51377965,0.5,0,0,0,0
19.50779964,0.5,0,0,0,0
19.57809038,0.5,0,0,0,0
19.83963569,0.5,0,0,0,0
20.62470252,0.5,0,0,0,0
19.04334246,0.5,0,0,0,0
18.09179372,0.5,0,0,0,0
18.5649181,0.5,0,0,0,0
19.76046363,0.5,0,0,0,0
19.12801028,0.5,0,0,0,0
21.05806624,0.5,0,0,0,0
18.42676028,0.5,0,0,0,0
21.6698609,0.5,0,0,0,0
21.58130872,0.5,0,0,0,0
21.63502727,0.5,0,0,0,0
20.95843999,0.5,0,0,0,0
18.42799989,0.5,0,0,0,0
19.75255029,0.5,0,0,0,0
18.52562149,0.5,0,0,0,0
21.95079677,0.5,0,0,0,0
19.33215369,0.5,0,0,0,0
20.34132217,0.5,0,0,0,0
21.11757222,0.5,0,0,0,0
21.68246434,0.5,0,0,0,0
21.0221909,0.5,0,0,0,0
20.69801512,0.5,0,0,0,0
19.86392713,0.5,0,0,0,0
20.42160054,0.5,0,0,0,0
18.37665524,0.5,0,0,0,0
21.53569017,0.5,0,0,0,0
20.17510924,0.5,0,0,0,0
18.1605402,0.5,0,0,0,0
21.6796085,0.5,0,0,0,0
19.9572079,0.5,0,0,0,0
21.47435657,0.5,0,0,0,0
21.42755182,0.5,0,0,0,0
21.26300635,0.5,0,0,0,0
18.24561208,0.5,0,0,0,0
18.98826658,0.5,0,0,0,0
21.50219149,0.5,0,0,0,0
73.42627836,0.5,0,0,0,0
67.42973653,0.5,0,0,0,0
67.18456396,0.5,0,0,0,0
63.58191262,0.5,0,0,0,0
74.37038673,0.5,0,0,0,0
64.09868326,0.5,0,0,0,0
63.79674027,0.5,0,0,0,0
70.18591399,0.5,0,0,0,0
64.50268252,0.5,0,0,0,0
73.96729391,0.5,0,0,0,0
61.34833514,0.5,0,0,0,0
61.27824437,0.5,0,0,0,0
77.67568796,0.5,0,0,0,0
77.41472938,0.5,0,0,0,0
72.37540962,0.5,0,0,0,0
77.51494362,0.5,0,0,0,0
76.22898035,0.5,0,0,0,0
83.65791423,0.5,0,0,0,0
69.98362084,0.5,0,0,0,0
84.99170737,0.5,0,0,0,0
79.5305757,0.5,0,0,0,0
72.19661028,0.5,0,0,0,0
70.56571541,0.5,0,0,0,0
78.19139982,0.5,0,0,0,0
75.3036932,0.5,0,0,0,0
76.3577367,0.5,0,0,0,0
75.46658195,0.5,0,0,0,0
81.90834048,0.5,0,0,0,0
80.37132461,0.5,0,0,0,0
72.80810523,0.5,0,0,0,0
79.94187798,0.5,0,0,0,0
84.15108203,0.5,0,0,0,0
72.85931877,0.5,0,0,0,0
85.71840868,0.5,0,0,0,0
80.76538895,0.5,0,0,0,0
86.68673156,0.5,0,0,0,0
74.28101517,0.5,0,0,0,0
87.79156354,0.5,0,0,0,0
82.20959582,0.5,0,0,0,0
80.9826113,0.5,0,0,0,0
80.14818062,0.5,0,0,0,0
72.29161581,0.5,0,0,0,0
86.92978599,0.5,0,0,0,0
82.20514687,0.5,0,0,0,0
73.37786452,0.5,0,0,0,0
72.24843244,0.5,0,0,0,0
72.72516318,0.5,0,0,0,0
81.65223182,0.5,0,0,0,0
81.80460882,0.5,0,0,0,0
79.97547795,0.5,0,0,0,0
76.88979515,0.5,0,0,0,0
80.48856181,0.5,0,0,0,0
80.24156654,0.5,0,0,0,0
72.2932944,0.5,0,0,0,0
76.501143,0.5,0,0,0,0
72.83348123,0.5,0,0,0,0
86.38173943,0.5,0,0,0,0
83.58350575,0.5,0,0,0,0
87.91673764,0.5,0,0,0,0
76.81629988,0.5,0,0,0,0
86.05164289,0.5,0,0,0,0
81.64494914,0.5,0,0,0,0
79.24620251,0.5,0,0,0,0
75.55754284,0.5,0,0,0,0
83.81025156,0.5,0,0,0,0
86.4621016,0.5,0,0,0,0
75.76129765,0.5,0,0,0,0
74.80265466,0.5,0,0,0,0
83.13555994,0.5,0,0,0,0
87.62736429,0.5,0,0,0,0
83.99524965,0.5,0,0,0,0
76.54961727,0.5,0,0,0,0
78.71853108,0.5,0,0,0,0
78.14833194,0.5,0,0,0,0
85.63269821,0.5,0,0,0,0
84.34112278,0.5,0,0,0,0
81.42282529,0.5,0,0,0,0
76.39861233,0.5,0,0,0,0
87.00698117,0.5,0,0,0,0
82.45225205,0.5,0,0,0,0
87.52678608,0.5,0,0,0,0
81.28109222,0.5,0,0,0,0
85.1382668,0.5,0,0,0,0
85.00886998,0.5,0,0,0,0
77.39711183,0.5,0,0,0,0
87.42416371,0.5,0,0,0,0
72.35092457,0.5,0,0,0,0
84.29921269,0.5,0,0,0,0
87.44874547,0.5,0,0,0,0
77.4223826,0.5,0,0,0,0
82.36961125,0.5,0,0,0,0
80.99541649,0.5,0,0,0,0
84.18395532,0.5,0,0,0,0
85.8586819,0.5,0,0,0,0
81.64855634,0.5,0,0,0,0
85.05431008,0.5,0,0,0,0
76.99653965,0.5,0,0,0,0
75.65736389,0.5,0,0,0,0
78.89065274,0.5,0,0,0,0
82.84375378,0.5,0,0,0,0
74.99592238,0.5,0,0,0,0
82.88560325,0.5,0,0,0,0
78.30546831,0.5,0,0,0,0
84.72917185,0.5,0,0,0,0
72.5893452,0.5,0,0,0,0
82.68769045,0.5,0,0,0,0
82.39712575,0.5,0,0,0,0
87.05493419,0.5,0,0,0,0
33.36554594,0.5,0,0,0,0
33.89632563,0.5,0,0,0,0
34.58937586,0.5,0,0,0,0
33.12032592,0.5,0,0,0,0
30.65697738,0.5,0,0,0,0
34.36654572,0.5,0,0,0,0
33.58449352,0.5,0,0,0,0
31.51639461,0.5,0,0,0,0
33.3473803,0.5,0,0,0,0
34.35320222,0.5,0,0,0,0
35.04416691,0.5,0,0,0,0
34.89504293,0.5,0,0,0,0
21.61746748,0.5,0,0,0,0
22.04918663,0.5,0,0,0,0
20.65072286,0.5,0,0,0,0
21.26899724,0.5,0,0,0,0
24.11324569,0.5,0,0,0,0
21.77660648,0.5,0,0,0,0
22.94007465,0.5,0,0,0,0
23.1435247,0.5,0,0,0,0
23.66259385,0.5,0,0,0,0
20.97894298,0.5,0,0,0,0
21.52556166,0.5,0,0,0,0
22.16854559,0.5,0,0,0,0
19.92638875,0.5,0,0,0,0
22.45797956,0.5,0,0,0,0
21.85191727,0.5,0,0,0,0
20.3967967,0.5,0,0,0,0
22.03348403,0.5,0,0,0,0
19.85598624,0.5,0,0,0,0
21.65075255,0.5,0,0,0,0
19.34817502,0.5,0,0,0,0
21.59543084,0.5,0,0,0,0
20.3016329,0.5,0,0,0,0
18.87231699,0.5,0,0,0,0
19.55128278,0.5,0,0,0,0
19.70322212,0.5,0,0,0,0
21.09795802,0.5,0,0,0,0
18.37973208,0.5,0,0,0,0
20.73725123,0.5,0,0,0,0
20.96420197,0.5,0,0,0,0
20.71464072,0.5,0,0,0,0
21.14368336,0.5,0,0,0,0
18.80249526,0.5,0,0,0,0
20.44608575,0.5,0,0,0,0
21.86904972,0.5,0,0,0,0
20.54126409,0.5,0,0,0,0
20.543483,0.5,0,0,0,0
20.96586649,0.5,0,0,0,0
19.35137642,0.5,0,0,0,0
20.82187342,0.5,0,0,0,0
21.68573366,0.5,0,0,0,0
18.06090372,0.5,0,0,0,0
21.50107339,0.5,0,0,0,0
18.89259281,0.5,0,0,0,0
19.84272383,0.5,0,0,0,0
21.42994421,0.5,0,0,0,0
21.31609232,0.5,0,0,0,0
21.5884149,0.5,0,0,0,0
21.78255836,0.5,0,0,0,0
19.79242724,0.5,0,0,0,0
20.62941533,0.5,0,0,0,0
19.56566965,0.5,0,0,0,0
19.40659222,0.5,0,0,0,0
19.73016911,0.5,0,0,0,0
20.97633122,0.5,0,0,0,0
20.00960409,0.5,0,0,0,0
21.26031989,0.5,0,0,0,0
20.98490223,0.5,0,0,0,0
18.08538557,0.5,0,0,0,0
20.52489265,0.5,0,0,0,0
19.75007578,0.5,0,0,0,0
19.82651596,0.5,0,0,0,0
21.27349222,0.5,0,0,0,0
20.19043194,0.5,0,0,0,0
21.54248729,0.5,0,0,0,0
20.85122237,0.5,0,0,0,0
20.21136004,0.5,0,0,0,0
21.0181519,0.5,0,0,0,0
18.1533962,0.5,0,0,0,0
18.10833462,0.5,0,0,0,0
18.33339731,0.5,0,0,0,0
19.7502613,0.5,0,0,0,0
18.94180058,0.5,0,0,0,0
21.93704518,0.5,0,0,0,0
20.16916056,0.5,0,0,0,0
20.64966298,0.5,0,0,0,0
19.11528055,0.5,0,0,0,0
19.28718763,0.5,0,0,0,0
19.34184766,0.5,0,0,0,0
20.79494282,0.5,0,0,0,0
19.89482483,0.5,0,0,0,0
20.07073461,0.5,0,0,0,0
20.36801193,0.5,0,0,0,0
21.07524663,0.5,0,0,0,0
18.36147899,0.5,0,0,0,0
21.10749565,0.5,0,0,0,0
20.25294028,0.5,0,0,0,0
20.67638178,0.5,0,0,0,0
19.31020706,0.5,0,0,0,0
19.63754735,0.5,0,0,0,0
18.92466328,0.5,0,0,0,0
21.91719999,0.5,0,0,0,0
19.98801189,0.5,0,0,0,0
21.98430766,0.5,0,0,0,0
19.95914391,0.5,0,0,0,0
18.87900506,0.5,0,0,0,0
20.02980959,0.5,0,0,0,0
18.15838229,0.5,0,0,0,0
21.61907921,0.5,0,0,0,0
21.274201,0.5,0,0,0,0
20.90328208,0.5,0,0,0,0
20.43930686,0.5,0,0,0,0
20.31933693,0.5,0,0,0,0
21.98691286,0.5,0,0,0,0
19.11198974,0.5,0,0,0,0
21.11873746,0.5,0,0,0,0
20.32561908,0.5,0,0,0,0
21.90352218,0.5,0,0,0,0
21.31121273,0.5,0,0,0,0
21.99410045,0.5,0,0,0,0
20.35329998,0.5,0,0,0,0
18.81817583,0.5,0,0,0,0
20.01474814,0.5,0,0,0,0
20.84444454,0.5,0,0,0,0
21.09744154,0.5,0,0,0,0
18.00203996,0.5,0,0,0,0
20.02010835,0.5,0,0,0,0
18.94093832,0.5,0,0,0,0
21.49964733,0.5,0,0,0,0
18.61162178,0.5,0,0,0,0
20.665825,0.5,0,0,0,0
19.06424876,0.5,0,0,0,0
19.42616857,0.5,0,0,0,0
21.76223704,0.5,0,0,0,0
18.9617925,0.5,0,0,0,0
18.38001105,0.5,0,0,0,0
18.27713961,0.5,0,0,0,0
20.01846044,0.5,0,0,0,0
20.56684593,0.5,0,0,0,0
19.30917457,0.5,0,0,0,0
20.76103897,0.5,0,0,0,0
18.24413487,0.5,0,0,0,0
21.42933858,0.5,0,0,0,0
21.26626884,0.5,0,0,0,0
21.94198509,0.5,0,0,0,0
21.74601992,0.5,0,0,0,0
19.42478866,0.5,0,0,0,0
19.59710154,0.5,0,0,0,0
20.98385939,0.5,0,0,0,0
18.53633109,0.5,0,0,0,0
19.25605884,0.5,0,0,0,0
18.47416375,0.5,0,0,0,0
19.8195458,0.5,0,0,0,0
20.20801712,0.5,0,0,0,0
18.84464188,0.5,0,0,0,0
18.10652675,0.5,0,0,0,0
20.87742333,0.5,0,0,0,0
18.08002066,0.5,0,0,0,0
21.89361044,0.5,0,0,0,0
18.88642903,0.5,0,0,0,0
20.65560037,0.5,0,0,0,0
19.73900691,0.5,0,0,0,0
18.23869544,0.5,0,0,0,0
19.88873443,0.5,0,0,0,0
20.06704254,0.5,0,0,0,0
21.41873283,0.5,0,0,0,0
20.92939628,0.5,0,0,0,0
18.3172099,0.5,0,0,0,0
18.83665073,0.5,0,0,0,0
19.24755074,0.5,0,0,0,0
18.46563075,0.5,0,0,0,0
19.82759628,0.5,0,0,0,0
21.93723676,0.5,0,0,0,0
20.05845117,0.5,0,0,0,0
20.96752867,0.5,0,0,0,0
20.73175119,0.5,0,0,0,0
21.39964574,0.5,0,0,0,0
18.86289396,0.5,0,0,0,0
21.01530505,0.5,0,0,0,0
73.18643127,0.5,0,0,0,0
63.53253359,0.5,0,0,0,0
65.91651019,0.5,0,0,0,0
74.39338399,0.5,0,0,0,0
71.81871471,0.5,0,0,0,0
65.04323532,0.5,0,0,0,0
68.86960807,0.5,0,0,0,0
66.69883527,0.5,0,0,0,0
67.8635264,0.5,0,0,0,0
66.0302602,0.5,0,0,0,0
64.99890185,0.5,0,0,0,0
70.37677736,0.5,0,0,0,0
81.92296897,0.5,0,0,0,0
83.40381455,0.5,0,0,0,0
72.25072109,0.5,0,0,0,0
82.61071773,0.5,0,0,0,0
73.7945088,0.5,0,0,0,0
76.47226077,0.5,0,0,0,0
83.830406,0.5,0,0,0,0
76.89389589,0.5,0,0,0,0
72.89842605,0.5,0,0,0,0
72.32116153,0.5,0,0,0,0
77.18070806,0.5,0,0,0,0
81.67667602,0.5,0,0,0,0
87.42755061,0.5,0,0,0,0
84.09094683,0.5,0,0,0,0
85.5159982,0.5,0,0,0,0
83.46152587,0.5,0,0,0,0
85.80899984,0.5,0,0,0,0
72.78137251,0.5,0,0,0,0
86.35763215,0.5,0,0,0,0
77.87244347,0.5,0,0,0,0
86.22535261,0.5,0,0,0,0
72.77245505,0.5,0,0,0,0
82.94322399,0.5,0,0,0,0
83.26839386,0.5,0,0,0,0
87.84503354,0.5,0,0,0,0
84.20052231,0.5,0,0,0,0
78.02743388,0.5,0,0,0,0
80.81887765,0.5,0,0,0,0
77.77137723,0.5,0,0,0,0
75.04613477,0.5,0,0,0,0
75.884866,0.5,0,0,0,0
75.46150595,0.5,0,0,0,0
80.68410803,0.5,0,0,0,0
86.39477187,0.5,0,0,0,0
86.49970167,0.5,0,0,0,0
72.78876898,0.5,0,0,0,0
73.2608036,0.5,0,0,0,0
75.90368366,0.5,0,0,0,0
76.06269181,0.5,0,0,0,0
73.50058243,0.5,0,0,0,0
78.19664176,0.5,0,0,0,0
81.38406942,0.5,0,0,0,0
81.23109507,0.5,0,0,0,0
80.67550813,0.5,0,0,0,0
77.4001703,0.5,0,0,0,0
83.28329818,0.5,0,0,0,0
85.20328936,0.5,0,0,0,0
77.52177857,0.5,0,0,0,0
73.36504406,0.5,0,0,0,0
76.73760044,0.5,0,0,0,0
74.19433697,0.5,0,0,0,0
79.4739247,0.5,0,0,0,0
74.49138666,0.5,0,0,0,0
79.40170466,0.5,0,0,0,0
75.53242055,0.5,0,0,0,0
83.81567434,0.5,0,0,0,0
72.43761468,0.5,0,0,0,0
80.87205882,0.5,0,0,0,0
74.70822623,0.5,0,0,0,0
72.01241307,0.5,0,0,0,0
85.9063767,0.5,0,0,0,0
82.74365026,0.5,0,0,0,0
73.58237876,0.5,0,0,0,0
82.62436468,0.5,0,0,0,0
81.78557217,0.5,0,0,0,0
79.57294309,0.5,0,0,0,0
78.70737398,0.5,0,0,0,0
86.19228875,0.5,0,0,0,0
75.92163946,0.5,0,0,0,0
78.37220853,0.5,0,0,0,0
77.26510485,0.5,0,0,0,0
84.33840681,0.5,0,0,0,0
86.66327851,0.5,0,0,0,0
85.59634283,0.5,0,0,0,0
84.76310014,0.5,0,0,0,0
87.78847057,0.5,0,0,0,0
83.15415315,0.5,0,0,0,0
84.01669935,0.5,0,0,0,0
87.7246722,0.5,0,0,0,0
72.11171411,0.5,0,0,0,0
82.14461631,0.5,0,0,0,0
83.82338357,0.5,0,0,0,0
86.68506642,0.5,0,0,0,0
86.14134348,0.5,0,0,0,0
85.47133808,0.5,0,0,0,0
87.13262689,0.5,0,0,0,0
80.59803606,0.5,0,0,0,0
72.11069384,0.5,0,0,0,0
72.17684266,0.5,0,0,0,0
80.7141939,0.5,0,0,0,0
78.9643255,0.5,0,0,0,0
79.21989043,0.5,0,0,0,0
78.40644569,0.5,0,0,0,0
86.68357966,0.5,0,0,0,0
77.74669576,0.5,0,0,0,0
85.69959816,0.5,0,0,0,0
34.57832804,0.5,0,0,0,0
31.99680518,0.5,0,0,0,0
31.66039736,0.5,0,0,0,0
33.6705254,0.5,0,0,0,0
33.33101125,0.5,0,0,0,0
30.90261881,0.5,0,0,0,0
29.45630235,0.5,0,0,0,0
30.49504951,0.5,0,0,0,0
29.63857675,0.5,0,0,0,0
30.68628067,0.5,0,0,0,0
30.47565217,0.5,0,0,0,0
32.8813468,0.5,0,0,0,0
24.43614087,0.5,0,0,0,0
23.23213065,0.5,0,0,0,0
24.31138801,0.5,0,0,0,0
23.67291122,0.5,0,0,0,0
23.42089046,0.5,0,0,0,0
22.01499628,0.5,0,0,0,0
21.61507819,0.5,0,0,0,0
23.95132131,0.5,0,0,0,0
24.21616036,0.5,0,0,0,0
22.18443235,0.5,0,0,0,0
20.20060157,0.5,0,0,0,0
23.71053784,0.5,0,0,0,0
19.59964174,0.5,0,0,0,0
18.47250047,0.5,0,0,0,0
21.72923288,0.5,0,0,0,0
20.55132827,0.5,0,0,0,0
21.23862296,0.5,0,0,0,0
22.17856924,0.5,0,0,0,0
20.64864776,0.5,0,0,0,0
20.49308268,0.5,0,0,0,0
19.62255181,0.5,0,0,0,0
19.68207371,0.5,0,0,0,0
21.69463604,0.5,0,0,0,0
20.27122355,0.5,0,0,0,0
18.74364449,0.5,0,0,0,0
18.46632996,0.5,0,0,0,0
19.98716048,0.5,0,0,0,0
19.95514718,0.5,0,0,0,0
20.71277946,0.5,0,0,0,0
19.97971436,0.5,0,0,0,0
18.6630575,0.5,0,0,0,0
20.12736131,0.5,0,0,0,0
21.73096792,0.5,0,0,0,0
18.72722688,0.5,0,0,0,0
20.8586618,0.5,0,0,0,0
20.47323911,0.5,0,0,0,0
21.01449747,0.5,0,0,0,0
18.62025939,0.5,0,0,0,0
21.7873171,0.5,0,0,0,0
20.50353021,0.5,0,0,0,0
21.40881729,0.5,0,0,0,0
19.00465402,0.5,0,0,0,0
20.97777089,0.5,0,0,0,0
21.14440196,0.5,0,0,0,0
19.60854723,0.5,0,0,0,0
19.55456818,0.5,0,0,0,0
20.65099099,0.5,0,0,0,0
18.3912694,0.5,0,0,0,0
20.94651756,0.5,0,0,0,0
18.17503597,0.5,0,0,0,0
18.76596358,0.5,0,0,0,0
20.66054109,0.5,0,0,0,0
18.39682618,0.5,0,0,0,0
21.89157074,0.5,0,0,0,0
21.47770776,0.5,0,0,0,0
20.50914633,0.5,0,0,0,0
21.28031486,0.5,0,0,0,0
21.55445785,0.5,0,0,0,0
19.04155787,0.5,0,0,0,0
21.4017547,0.5,0,0,0,0
18.77917513,0.5,0,0,0,0
19.65336906,0.5,0,0,0,0
20.23303853,0.5,0,0,0,0
20.85556385,0.5,0,0,0,0
18.12056527,0.5,0,0,0,0
19.16203765,0.5,0,0,0,0
20.43407639,0.5,0,0,0,0
19.42947472,0.5,0,0,0,0
21.10010022,0.5,0,0,0,0
20.60660864,0.5,0,0,0,0
18.93760581,0.5,0,0,0,0
18.58371592,0.5,0,0,0,0
20.51618797,0.5,0,0,0,0
19.80186931,0.5,0,0,0,0
18.67582816,0.5,0,0,0,0
19.30549682,0.5,0,0,0,0
19.21218699,0.5,0,0,0,0
18.43252789,0.5,0,0,0,0
20.18763608,0.5,0,0,0,0
21.05459454,0.5,0,0,0,0
20.30186756,0.5,0,0,0,0
21.30516546,0.5,0,0,0,0
18.51027419,0.5,0,0,0,0
19.74244743,0.5,0,0,0,0
20.43766041,0.5,0,0,0,0
20.70400624,0.5,0,0,0,0
20.78314523,0.5,0,0,0,0
20.91586171,0.5,0,0,0,0
20.60571925,0.5,0,0,0,0
18.37691236,0.5,0,0,0,0
20.78122271,0.5,0,0,0,0
20.89913063,0.5,0,0,0,0
21.97391974,0.5,0,0,0,0
20.77344975,0.5,0,0,0,0
20.74732158,0.5,0,0,0,0
20.05925316,0.5,0,0,0,0
21.47169163,0.5,0,0,0,0
21.98733905,0.5,0,0,0,0
21.11617948,0.5,0,0,0,0
20.45000151,0.5,0,0,0,0
18.31581931,0.5,0,0,0,0
20.90695653,0.5,0,0,0,0
20.83424627,0.5,0,0,0,0
21.10227259,0.5,0,0,0,0
18.49822155,0.5,0,0,0,0
20.61493,0.5,0,0,0,0
19.18289562,0.5,0,0,0,0
21.04108497,0.5,0,0,0,0
18.96149582,0.5,0,0,0,0
20.73591471,0.5,0,0,0,0
19.17997179,0.5,0,0,0,0
18.03597717,0.5,0,0,0,0
20.53343165,0.5,0,0,0,0
18.45307633,0.5,0,0,0,0
20.63716589,0.5,0,0,0,0
21.70243779,0.5,0,0,0,0
21.87698374,0.5,0,0,0,0
18.94369235,0.5,0,0,0,0
21.23701291,0.5,0,0,0,0
19.41421311,0.5,0,0,0,0
21.60182829,0.5,0,0,0,0
21.14995827,0.5,0,0,0,0
18.29568687,0.5,0,0,0,0
19.62854798,0.5,0,0,0,0
19.3492713,0.5,0,0,0,0
21.14072408,0.5,0,0,0,0
19.64114284,0.5,0,0,0,0
20.73835359,0.5,0,0,0,0
20.40974102,0.5,0,0,0,0
21.90255488,0.5,0,0,0,0
21.75113983,0.5,0,0,0,0
19.71079806,0.5,0,0,0,0
20.89431285,0.5,0,0,0,0
21.31784038,0.5,0,0,0,0
21.59554302,0.5,0,0,0,0
18.27253706,0.5,0,0,0,0
19.2083152,0.5,0,0,0,0
19.28092016,0.5,0,0,0,0
19.7377838,0.5,0,0,0,0
18.677059,0.5,0,0,0,0
19.98482352,0.5,0,0,0,0
20.65285731,0.5,0,0,0,0
19.98945568,0.5,0,0,0,0
20.66317238,0.5,0,0,0,0
18.26576653,0.5,0,0,0,0
21.50394933,0.5,0,0,0,0
21.75627677,0.5,0,0,0,0
20.4716297,0.5,0,0,0,0
21.52556399,0.5,0,0,0,0
18.52578407,0.5,0,0,0,0
21.18979568,0.5,0,0,0,0
18.47659277,0.5,0,0,0,0
19.63204093,0.5,0,0,0,0
19.29527414,0.5,0,0,0,0
20.3423673,0.5,0,0,0,0
19.20605814,0.5,0,0,0,0
20.54925452,0.5,0,0,0,0
19.46954916,0.5,0,0,0,0
21.44316152,0.5,0,0,0,0
20.53553536,0.5,0,0,0,0
18.86119319,0.5,0,0,0,0
19.34451769,0.5,0,0,0,0
21.38968355,0.5,0,0,0,0
19.545919,0.5,0,0,0,0
20.14319626,0.5,0,0,0,0
20.59576774,0.5,0,0,0,0
19.3912386,0.5,0,0,0,0
19.17591452,0.5,0,0,0,0
67.66346668,0.5,0,0,0,0
64.12238122,0.5,0,0,0,0
65.06526398,0.5,0,0,0,0
62.04426738,0.5,0,0,0,0
65.33399575,0.5,0,0,0,0
65.56157567,0.5,0,0,0,0
74.28093106,0.5,0,0,0,0
69.22031203,0.5,0,0,0,0
71.90840099,0.5,0,0,0,0
61.81713064,0.5,0,0,0,0
62.64889903,0.5,0,0,0,0
72.27770267,0.5,0,0,0,0
79.51748901,0.5,0,0,0,0
72.80404111,0.5,0,0,0,0
76.1224247,0.5,0,0,0,0
78.2001972,0.5,0,0,0,0
82.93282455,0.5,0,0,0,0
70.77759411,0.5,0,0,0,0
79.10112993,0.5,0,0,0,0
80.9683975,0.5,0,0,0,0
85.01688163,0.5,0,0,0,0
82.36712442,0.5,0,0,0,0
74.12704791,0.5,0,0,0,0
80.85266909,0.5,0,0,0,0
83.70717148,0.5,0,0,0,0
83.17371339,0.5,0,0,0,0
84.61157126,0.5,0,0,0,0
85.94092154,0.5,0,0,0,0
73.13342864,0.5,0,0,0,0
73.23416439,0.5,0,0,0,0
84.23394542,0.5,0,0,0,0
75.58173187,0.5,0,0,0,0
72.49904277,0.5,0,0,0,0
77.94914889,0.5,0,0,0,0
84.60732241,0.5,0,0,0,0
73.58089014,0.5,0,0,0,0
82.65017218,0.5,0,0,0,0
71.97138436,0.5,0,0,0,0
73.6672922,0.5,0,0,0,0
77.52046921,0.5,0,0,0,0
73.24963133,0.5,0,0,0,0
85.43178537,0.5,0,0,0,0
85.7221379,0.5,0,0,0,0
83.98822429,0.5,0,0,0,0
75.78861849,0.5,0,0,0,0
80.27550686,0.5,0,0,0,0
74.85707999,0.5,0,0,0,0
76.40865465,0.5,0,0,0,0
80.23682321,0.5,0,0,0,0
83.74011848,0.5,0,0,0,0
73.49682661,0.5,0,0,0,0
76.72872785,0.5,0,0,0,0
86.80510335,0.5,0,0,0,0
78.84704525,0.5,0,0,0,0
87.00102952,0.5,0,0,0,0
87.84132169,0.5,0,0,0,0
80.40725484,0.5,0,0,0,0
76.59031807,0.5,0,0,0,0
84.63211235,0.5,0,0,0,0
74.53108002,0.5,0,0,0,0
76.02910018,0.5,0,0,0,0
84.55401976,0.5,0,0,0,0
78.93454576,0.5,0,0,0,0
75.22099621,0.5,0,0,0,0
82.41405585,0.5,0,0,0,0
83.72017102,0.5,0,0,0,0
73.99758778,0.5,0,0,0,0
76.42801544,0.5,0,0,0,0
75.53680215,0.5,0,0,0,0
78.07392633,0.5,0,0,0,0
84.211076,0.5,0,0,0,0
83.41532551,0.5,0,0,0,0
82.5995896,0.5,0,0,0,0
72.09987657,0.5,0,0,0,0
74.27357998,0.5,0,0,0,0
75.57203529,0.5,0,0,0,0
76.35056056,0.5,0,0,0,0
74.34211098,0.5,0,0,0,0
78.5642946,0.5,0,0,0,0
73.20218661,0.5,0,0,0,0
83.99954864,0.5,0,0,0,0
84.6027204,0.5,0,0,0,0
81.18748763,0.5,0,0,0,0
73.43457305,0.5,0,0,0,0
86.24116513,0.5,0,0,0,0
87.45000536,0.5,0,0,0,0
75.23767251,0.5,0,0,0,0
83.27407722,0.5,0,0,0,0
85.47085399,0.5,0,0,0,0
80.63734154,0.5,0,0,0,0
77.17302142,0.5,0,0,0,0
79.6567865,0.5,0,0,0,0
80.19614604,0.5,0,0,0,0
78.41004216,0.5,0,0,0,0
86.87731309,0.5,0,0,0,0
83.90196868,0.5,0,0,0,0
75.86079715,0.5,0,0,0,0
81.36888375,0.5,0,0,0,0
83.01899454,0.5,0,0,0,0
74.24247424,0.5,0,0,0,0
77.73478203,0.5,0,0,0,0
86.48873929,0.5,0,0,0,0
81.07473847,0.5,0,0,0,0
75.47193496,0.5,0,0,0,0
73.96452837,0.5,0,0,0,0
80.29159946,0.5,0,0,0,0
80.76294056,0.5,0,0,0,0
77.35060152,0.5,0,0,0,0
32.83465628,0.5,0,0,0,0
29.23957638,0.5,0,0,0,0
29.72888833,0.5,0,0,0,0
32.29614625,0.5,0,0,0,0
29.19561484,0.5,0,0,0,0
34.43780948,0.5,0,0,0,0
29.70973107,0.5,0,0,0,0
33.11308084,0.5,0,0,0,0
31.30369602,0.5,0,0,0,0
31.35863556,0.5,0,0,0,0
33.69528651,0.5,0,0,0,0
31.99655152,0.5,0,0,0,0
23.41093519,0.5,0,0,0,0
22.42325547,0.5,0,0,0,0
22.81621468,0.5,0,0,0,0
23.56800024,0.5,0,0,0,0
22.88074191,0.5,0,0,0,0
22.91795443,0.5,0,0,0,0
23.69570247,0.5,0,0,0,0
24.4119076,0.5,0,0,0,0
21.84768717,0.5,0,0,0,0
22.74548362,0.5,0,0,0,0
20.54650262,0.5,0,0,0,0
21.76744019,0.5,0,0,0,0
20.11975339,0.5,0,0,0,0
21.85313179,0.5,0,0,0,0
20.53485503,0.5,0,0,0,0
21.42644761,0.5,0,0,0,0
18.50985409,0.5,0,0,0,0
20.33456173,0.5,0,0,0,0
22.12379689,0.5,0,0,0,0
19.35078954,0.5,0,0,0,0
18.56111465,0.5,0,0,0,0
20.20724193,0.5,0,0,0,0
21.31735248,0.5,0,0,0,0
20.29348228,0.5,0,0,0,0
19.93514479,0.5,0,0,0,0
20.77848037,0.5,0,0,0,0
19.10883945,0.5,0,0,0,0
21.1083954,0.5,0,0,0,0
18.70179386,0.5,0,0,0,0
19.67700078,0.5,0,0,0,0
20.72302774,0.5,0,0,0,0
21.41578066,0.5,0,0,0,0
21.26772163,0.5,0,0,0,0
20.98699871,0.5,0,0,0,0
19.52968014,0.5,0,0,0,0
18.57796546,0.5,0,0,0,0
18.8854495,0.5,0,0,0,0
21.47993621,0.5,0,0,0,0
21.44989762,0.5,0,0,0,0
21.82717739,0.5,0,0,0,0
18.3215264,0.5,0,0,0,0
20.16657768,0.5,0,0,0,0
20.61450311,0.5,0,0,0,0
20.86263842,0.5,0,0,0,0
20.59520536,0.5,0,0,0,0
21.10028239,0.5,0,0,0,0
19.45654667,0.5,0,0,0,0
18.7357001,0.5,0,0,0,0
18.82194661,0.5,0,0,0,0
18.05137996,0.5,0,0,0,0
19.40501253,0.5,0,0,0,0
18.37050266,0.5,0,0,0,0
19.28965767,0.5,0,0,0,0
20.51677877,0.5,0,0,0,0
21.58205518,0.5,0,0,0,0
21.36252262,0.5,0,0,0,0
19.0143469,0.5,0,0,0,0
18.53989154,0.5,0,0,0,0
18.77589337,0.5,0,0,0,0
21.88814832,0.5,0,0,0,0
20.19789792,0.5,0,0,0,0
18.73000889,0.5,0,0,0,0
21.36298462,0.5,0,0,0,0
19.58076498,0.5,0,0,0,0
21.59688861,0.5,0,0,0,0
19.04270851,0.5,0,0,0,0
19.57288704,0.5,0,0,0,0
20.01979105,0.5,0,0,0,0
21.57046134,0.5,0,0,0,0
21.47502973,0.5,0,0,0,0
20.29742028,0.5,0,0,0,0
18.88710204,0.5,0,0,0,0
19.61342789,0.5,0,0,0,0
21.90253226,0.5,0,0,0,0
20.4310929,0.5,0,0,0,0
21.12439102,0.5,0,0,0,0
19.79945878,0.5,0,0,0,0
20.1280291,0.5,0,0,0,0
19.71581645,0.5,0,0,0,0
20.81168399,0.5,0,0,0,0
21.40588406,0.5,0,0,0,0
20.02945417,0.5,0,0,0,0
19.92346983,0.5,0,0,0,0
19.36114587,0.5,0,0,0,0
18.70838678,0.5,0,0,0,0
21.75699089,0.5,0,0,0,0
19.26431887,0.5,0,0,0,0
21.20276585,0.5,0,0,0,0
20.86138809,0.5,0,0,0,0
21.1636704,0.5,0,0,0,0
21.74707253,0.5,0,0,0,0
20.49348304,0.5,0,0,0,0
21.59180137,0.5,0,0,0,0
18.67078929,0.5,0,0,0,0
20.5068503,0.5,0,0,0,0
21.08910245,0.5,0,0,0,0
19.08656452,0.5,0,0,0,0
20.96301521,0.5,0,0,0,0
21.11390732,0.5,0,0,0,0
21.32475182,0.5,0,0,0,0
19.25153165,0.5,0,0,0,0
20.72642636,0.5,0,0,0,0
19.21701313,0.5,0,0,0,0
20.95616155,0.5,0,0,0,0
19.85189466,0.5,0,0,0,0
20.3901775,0.5,0,0,0,0
19.66335993,0.5,0,0,0,0
18.64793171,0.5,0,0,0,0
18.71211812,0.5,0,0,0,0
18.31027563,0.5,0,0,0,0
20.47229072,0.5,0,0,0,0
21.39455359,0.5,0,0,0,0
18.08334731,0.5,0,0,0,0
18.26495801,0.5,0,0,0,0
19.82986797,0.5,0,0,0,0
20.95088294,0.5,0,0,0,0
18.63083058,0.5,0,0,0,0
19.08660528,0.5,0,0,0,0
18.92802481,0.5,0,0,0,0
19.59620487,0.5,0,0,0,0
18.89999471,0.5,0,0,0,0
19.41039471,0.5,0,0,0,0
20.91417039,0.5,0,0,0,0
20.44403699,0.5,0,0,0,0
18.32472682,0.5,0,0,0,0
20.55098267,0.5,0,0,0,0
19.90830869,0.5,0,0,0,0
21.7382623,0.5,0,0,0,0
19.15721727,0.5,0,0,0,0
20.90466568,0.5,0,0,0,0
20.92344329,0.5,0,0,0,0
18.88600312,0.5,0,0,0,0
21.6128945,0.5,0,0,0,0
19.9647328,0.5,0,0,0,0
20.71553347,0.5,0,0,0,0
18.58342224,0.5,0,0,0,0
19.03121567,0.5,0,0,0,0
20.34442847,0.5,0,0,0,0
19.27610907,0.5,0,0,0,0
19.99877167,0.5,0,0,0,0
19.4960208,0.5,0,0,0,0
20.56221519,0.5,0,0,0,0
19.94858145,0.5,0,0,0,0
18.01843974,0.5,0,0,0,0
20.59872335,0.5,0,0,0,0
19.68848623,0.5,0,0,0,0
19.36679336,0.5,0,0,0,0
18.37658701,0.5,0,0,0,0
18.88147876,0.5,0,0,0,0
18.89508917,0.5,0,0,0,0
21.741478,0.5,0,0,0,0
19.7300519,0.5,0,0,0,0
18.16826339,0.5,0,0,0,0
18.55526673,0.5,0,0,0,0
18.3161307,0.5,0,0,0,0
20.35547756,0.5,0,0,0,0
18.74648597,0.5,0,0,0,0
19.99423056,0.5,0,0,0,0
19.48024825,0.5,0,0,0,0
21.21550551,0.5,0,0,0,0
19.28195855,0.5,0,0,0,0
19.83306193,0.5,0,0,0,0
20.88514219,0.5,0,0,0,0
19.73340483,0.5,0,0,0,0
21.17286214,0.5,0,0,0,0
20.64673742,0.5,0,0,0,0
19.64211646,0.5,0,0,0,0
20.0159277,0.5,0,0,0,0
74.353967,0.5,0,0,0,0
70.19791635,0.5,0,0,0,0
73.50793507,0.5,0,0,0,0
63.63111565,0.5,0,0,0,0
67.77201172,0.5,0,0,0,0
73.55779871,0.5,0,0,0,0
65.58752404,0.5,0,0,0,0
74.36023309,0.5,0,0,0,0
62.52025387,0.5,0,0,0,0
73.47632792,0.5,0,0,0,0
67.25488486,0.5,0,0,0,0
62.20292065,0.5,0,0,0,0
83.49017512,0.5,0,0,0,0
73.7501121,0.5,0,0,0,0
70.18532195,0.5,0,0,0,0
71.94772628,0.5,0,0,0,0
80.06946079,0.5,0,0,0,0
85.01563431,0.5,0,0,0,0
71.56989241,0.5,0,0,0,0
77.00943371,0.5,0,0,0,0
72.64347927,0.5,0,0,0,0
81.40296701,0.5,0,0,0,0
71.67227412,0.5,0,0,0,0
73.56234394,0.5,0,0,0,0
74.69164051,0.5,0,0,0,0
80.35527459,0.5,0,0,0,0
85.4551198,0.5,0,0,0,0
79.69637856,0.5,0,0,0,0
72.49430387,0.5,0,0,0,0
80.52813755,0.5,0,0,0,0
84.25177397,0.5,0,0,0,0
73.66981216,0.5,0,0,0,0
72.72439915,0.5,0,0,0,0
74.55489489,0.5,0,0,0,0
83.43375688,0.5,0,0,0,0
80.97808539,0.5,0,0,0,0
80.55273505,0.5,0,0,0,0
75.9004883,0.5,0,0,0,0
77.22300658,0.5,0,0,0,0
87.34921521,0.5,0,0,0,0
75.75898362,0.5,0,0,0,0
86.32261518,0.5,0,0,0,0
81.19095787,0.5,0,0,0,0
73.88397617,0.5,0,0,0,0
79.38162565,0.5,0,0,0,0
87.07216734,0.5,0,0,0,0
78.60261311,0.5,0,0,0,0
85.71120801,0.5,0,0,0,0
76.08459443,0.5,0,0,0,0
81.11528209,0.5,0,0,0,0
85.48111254,0.5,0,0,0,0
86.71019962,0.5,0,0,0,0
79.75402831,0.5,0,0,0,0
82.21527323,0.5,0,0,0,0
72.03039065,0.5,0,0,0,0
76.03332054,0.5,0,0,0,0
76.44104341,0.5,0,0,0,0
73.47824917,0.5,0,0,0,0
76.45676618,0.5,0,0,0,0
77.11943942,0.5,0,0,0,0
87.49605662,0.5,0,0,0,0
82.6936686,0.5,0,0,0,0
78.8122981,0.5,0,0,0,0
87.80465655,0.5,0,0,0,0
74.44814344,0.5,0,0,0,0
79.6129975,0.5,0,0,0,0
82.34904237,0.5,0,0,0,0
72.88579147,0.5,0,0,0,0
83.46797507,0.5,0,0,0,0
73.59434495,0.5,0,0,0,0
74.2409532,0.5,0,0,0,0
74.55145356,0.5,0,0,0,0
86.86140335,0.5,0,0,0,0
82.93097258,0.5,0,0,0,0
82.48604814,0.5,0,0,0,0
80.88711942,0.5,0,0,0,0
76.6841598,0.5,0,0,0,0
81.9334487,0.5,0,0,0,0
78.56164132,0.5,0,0,0,0
74.32594487,0.5,0,0,0,0
83.03275952,0.5,0,0,0,0
74.07260358,0.5,0,0,0,0
75.04997681,0.5,0,0,0,0
85.08237219,0.5,0,0,0,0
82.56171502,0.5,0,0,0,0
82.09570084,0.5,0,0,0,0
78.69109346,0.5,0,0,0,0
78.34033788,0.5,1,-1,-2,-1
83.0440423,0.5,1,0,0,0
83.83992764,0.5,1,0,0,0
80.16325732,0.5,1,0,0,0
87.50813989,0.5,1,0,0,0
87.29102534,0.5,1,0,0,0
78.59872093,0.5,1,0,0,0
85.12979262,0.5,1,0,0,0
80.69213054,0.5,1,0,0,0
80.18806341,0.5,1,0,0,0
72.879397,0.5,1,0,0,0
81.18356419,0.5,1,0,0,0
86.40921371,0.5,1,0,0,0
84.48210915,0.5,1,0,0,0
84.58104184,0.5,1,0,0,0
74.55883599,0.5,1,0,0,0
77.7351613,0.5,1,0,0,0
75.73124959,0.5,1,0,0,0
77.05461493,0.5,1,0,0,0
81.27259829,0.5,1,0,0,0
77.83651112,0.5,1,0,0,0
32.38845981,0.5,1,0,0,0
31.60640192,0.5,1,0,0,0
30.63433369,0.5,1,0,0,0
29.41057633,0.5,1,0,0,0
34.5077595,0.5,1,0,0,0
28.872784,0.5,1,0,0,0
28.81057039,0.5,1,0,0,0
34.09149899,0.5,1,0,0,0
35.17958326,0.5,1,0,0,0
33.45345167,0.5,1,0,0,0
28.89774702,0.5,1,0,0,0
30.25081164,0.5,1,0,0,0
24.51376435,0.5,1,0,0,0
23.78254575,0.5,1,0,0,0
22.69926206,0.5,1,0,0,0
21.22113481,0.5,1,0,0,0
20.22437741,0.5,1,0,0,0
20.25345829,0.5,1,0,0,0
22.90167301,0.5,1,0,0,0
20.25780569,0.5,1,0,0,0
24.61146169,0.5,1,0,0,0
20.98155842,0.5,1,0,0,0
23.3439677,0.5,1,0,0,0
20.85466641,0.5,1,0,0,0
20.64422241,0.5,1,0,0,0
18.76218361,0.5,1,0,0,0
21.57272417,0.5,1,0,0,0
20.82783655,0.5,1,0,0,0
18.78493855,0.5,1,0,0,0
21.90780877,0.5,1,0,0,0
20.672588,0.5,1,0,0,0
22.20684184,0.5,1,0,0,0
22.18648907,0.5,1,0,0,0
22.20239964,0.5,1,0,0,0
18.75060796,0.5,1,0,0,0
18.92744277,0.5,1,0,0,0
22.05618714,0.5,1,0,0,0
20.04616517,0.5,1,0,0,0
19.04382987,0.5,1,0,0,0
21.17983546,0.5,1,0,0,0
19.14861511,0.5,1,0,0,0
21.00922524,0.5,1,0,0,0
21.45161895,0.5,1,0,0,0
21.23851131,0.5,1,0,0,0
19.1878529,0.5,1,0,0,0
19.70058532,0.5,1,0,0,0
19.74733838,0.5,1,0,0,0
20.06092406,0.5,1,0,0,0
18.68741411,0.5,1,0,0,0
19.82889768,0.5,1,0,0,0
20.06237336,0.5,1,0,0,0
20.14615774,0.5,1,0,0,0
21.30003013,0.5,1,0,0,0
20.08860455,0.5,1,0,0,0
18.94130189,0.5,1,0,0,0
20.67234136,0.5,1,0,0,0
21.20959825,0.5,1,0,0,0
19.29599304,0.5,1,0,0,0
20.60098168,0.5,1,0,0,0
18.60559622,0.5,1,0,0,0
19.37142382,0.5,1,0,0,0
21.64105,0.5,1,0,0,0
21.64938854,0.5,1,0,0,0
20.30519616,0.5,1,0,0,0
20.81340125,0.5,1,0,0,0
21.42017354,0.5,1,0,0,0
21.83840491,0.5,1,0,0,0
19.96337799,0.5,1,0,0,0
20.25019023,0.5,1,0,0,0
19.66634148,0.5,1,0,0,0
18.29143903,0.5,1,0,0,0
19.6949946,0.5,1,0,0,0
21.16250936,0.5,1,0,0,0
21.21954199,0.5,1,0,0,0
21.56950846,0.5,1,0,0,0
18.20586682,0.5,1,0,0,0
20.10861836,0.5,1,0,0,0
18.42969795,0.5,1,0,0,0
18.80296873,0.5,1,0,0,0
21.60086601,0.5,1,0,0,0
19.98716503,0.5,1,0,0,0
21.03417968,0.5,1,0,0,0
18.25753642,0.5,1,0,0,0
19.66730602,0.5,1,0,0,0
20.69696112,0.5,1,0,0,0
18.53362593,0.5,1,0,0,0
19.30327152,0.5,1,0,0,0
18.25819122,0.5,1,0,0,0
20.60535976,0.5,1,0,0,0
21.88356504,0.5,1,0,0,0
21.30818196,0.5,1,0,0,0
21.89849247,0.5,1,0,0,0
21.38241918,0.5,1,0,0,0
21.42078322,0.5,1,0,0,0
20.30870878,0.5,1,0,0,0
20.07300925,0.5,1,0,0,0
19.62501707,0.5,1,0,0,0
21.27237958,0.5,1,0,0,0
18.72827045,0.5,1,0,0,0
18.22489966,0.5,1,0,0,0
21.79157529,0.5,1,0,0,0
18.01511274,0.5,1,0,0,0
21.90731729,0.5,1,0,0,0
20.91541348,0.5,1,0,0,0
19.31399568,0.5,1,0,0,0
20.79127937,0.5,1,0,0,0
21.27150063,0.5,1,0,0,0
18.98144822,0.5,1,0,0,0
21.08358273,0.5,1,0,0,0
21.2174785,0.5,1,0,0,0
18.99741852,0.5,1,0,0,0
18.16770542,0.5,1,0,0,0
18.81648914,0.5,1,0,0,0
18.80258564,0.5,1,0,0,0
18.26096182,0.5,1,0,0,0
20.90402954,0.5,1,0,0,0
19.5198997,0.5,1,0,0,0
21.53754467,0.5,1,0,0,0
19.00868442,0.5,1,0,0,0
19.81292866,0.5,1,0,0,0
20.55606972,0.5,1,0,0,0
21.5098598,0.5,1,0,0,0
20.09848441,0.5,1,0,0,0
19.49409851,0.5,1,0,0,0
21.46806031,0.5,1,0,0,0
19.2409857,0.5,1,0,0,0
18.3176948,0.5,1,0,0,0
19.78016843,0.5,1,0,0,0
21.14037323,0.5,1,0,0,0
18.12312333,0.5,1,0,0,0
20.34352898,0.5,1,0,0,0
20.37785619,0.5,1,0,0,0
21.71416705,0.5,1,0,0,0
19.14585927,0.5,1,0,0,0
19.11534645,0.5,1,0,0,0
19.76193461,0.5,1,0,0,0
19.42765961,0.5,1,0,0,0
20.94538345,0.5,1,0,0,0
20.56700831,0.5,1,0,0,0
21.03568415,0.5,1,0,0,0
21.28016716,0.5,1,0,0,0
21.69192453,0.5,1,0,0,0
19.72374693,0.5,1,0,0,0
21.93878956,0.5,1,0,0,0
18.86264325,0.5,1,0,0,0
20.85746065,0.5,1,0,0,0
20.13603727,0.5,1,0,0,0
21.26760238,0.5,1,0,0,0
19.90708208,0.5,1,0,0,0
21.13575454,0.5,1,0,0,0
21.72067486,0.5,1,0,0,0
20.92917706,0.5,1,0,0,0
21.10437714,0.5,1,0,0,0
18.26870173,0.5,1,0,0,0
18.81983065,0.5,1,0,0,0
21.89721496,0.5,1,0,0,0
20.77274802,0.5,1,0,0,0
20.24579607,0.5,1,0,0,0
19.46790549,0.5,1,0,0,0
18.177556,0.5,1,0,0,0
19.47654363,0.5,1,0,0,0
19.99565149,0.5,1,0,0,0
18.84583804,0.5,1,0,0,0
18.69254717,0.5,1,0,0,0
20.03366621,0.5,1,0,0,0
20.34361694,0.5,1,0,0,0
18.95967168,0.5,1,0,0,0
20.3495579,0.5,1,0,0,0
21.60135986,0.5,1,0,0,0
19.89269303,0.5,1,0,0,0
21.42956068,0.5,1,0,0,0
21.70908578,0.5,1,0,0,0
18.36957612,0.5,1,0,0,0
18.38324632,0.5,1,0,0,0
19.90417673,0.5,1,0,0,0
20.35240978,0.5,1,0,0,0
19.70353386,0.5,1,0,0,0
19.30580308,0.5,1,0,0,0
20.56397646,0.5,1,0,0,0
18.00832605,0.5,1,0,0,0
39.37012762,0.5,1,0,0,0
34.07096944,0.5,1,0,0,0
39.00311113,0.5,1,0,0,0
33.18490616,0.5,1,0,0,0
34.11422771,0.5,1,0,0,0
34.09109065,0.5,1,0,0,0
39.57230091,0.5,1,0,0,0
32.43312393,0.5,1,0,0,0
37.00539511,0.5,1,0,0,0
38.66174338,0.5,1,0,0,0
37.24037031,0.5,1,0,0,0
35.01168349,0.5,1,0,0,0
42.7931454,0.5,1,0,0,0
42.28520272,0.5,1,0,0,0
38.68220657,0.5,1,0,0,0
39.77489538,0.5,1,0,0,0
42.86535043,0.5,1,0,0,0
42.98327324,0.5,1,0,0,0
38.80661448,0.5,1,0,0,0
41.92322422,0.5,1,0,0,0
37.64752498,0.5,1,0,0,0
38.19501292,0.5,1,0,0,0
36.57220356,0.5,1,0,0,0
36.92000721,0.5,1,0,0,0
41.08996647,0.5,1,0,0,0
39.92590793,0.5,1,0,0,0
37.69765867,0.5,1,0,0,0
39.06638382,0.5,1,0,0,0
38.82952581,0.5,1,0,0,0
43.72328611,0.5,1,0,0,0
42.65721259,0.5,1,0,0,0
38.94731574,0.5,1,0,0,0
43.1380873,0.5,1,0,0,0
38.5861188,0.5,1,0,0,0
41.17783925,0.5,1,0,0,0
43.55826717,0.5,1,0,0,0
39.09093313,0.5,1,0,0,0
41.40592846,0.5,1,0,0,0
38.33669658,0.5,1,0,0,0
38.09999413,0.5,1,0,0,0
40.56077873,0.5,1,0,0,0
43.79904949,0.5,1,0,0,0
39.59337073,0.5,1,0,0,0
43.46629489,0.5,1,0,0,0
43.28025624,0.5,1,0,0,0
37.99967682,0.5,1,0,0,0
39.18318361,0.5,1,0,0,0
41.11350269,0.5,1,0,0,0
40.13794398,0.5,1,0,0,0
36.76178541,0.5,1,0,0,0
43.94255231,0.5,1,0,0,0
42.01450861,0.5,1,0,0,0
39.49523206,0.5,1,0,0,0
40.93879714,0.5,1,0,0,0
36.69471044,0.5,1,0,0,0
39.95601924,0.5,1,0,0,0
43.43970786,0.5,1,0,0,0
43.16590002,0.5,1,0,0,0
38.69285492,0.5,1,0,0,0
40.24450276,0.5,1,0,0,0
41.57773766,0.5,1,0,0,0
38.71883509,0.5,1,0,0,0
36.51786514,0.5,1,0,0,0
40.04225186,0.5,1,0,0,0
40.81177987,0.5,1,0,0,0
36.04557931,0.5,1,0,0,0
36.76342652,0.5,1,0,0,0
37.65712008,0.5,1,0,0,0
38.78317719,0.5,1,0,0,0
40.32711927,0.5,1,0,0,0
38.34951613,0.5,1,0,0,0
38.20824781,0.5,1,0,0,0
42.95451984,0.5,1,0,0,0
37.1601673,0.5,1,0,0,0
39.9634253,0.5,1,0,0,0
43.62231855,0.5,1,0,0,0
40.99984359,0.5,1,0,0,0
41.73737672,0.5,1,0,0,0
39.44964345,0.5,1,0,0,0
36.15922592,0.5,1,0,0,0
41.16877947,0.5,1,0,0,0
41.0551315,0.5,1,0,0,0
36.88318504,0.5,1,0,0,0
39.69702365,0.5,1,0,0,0
43.3225761,0.5,1,0,0,0
37.64063048,0.5,1,0,0,0
39.68873924,0.5,1,0,0,0
39.68877468,0.5,1,0,0,0
42.48603736,0.5,1,0,0,0
42.59655244,0.5,1,0,0,0
42.0741015,0.5,1,0,0,0
38.92358345,0.5,1,0,0,0
36.57624858,0.5,1,0,0,0
38.79581416,0.5,1,0,0,0
41.43827657,0.5,1,0,0,0
41.62191932,0.5,1,0,0,0
43.71999048,0.5,1,0,0,0
39.62911971,0.5,1,0,0,0
41.05947415,0.5,1,0,0,0
40.31351665,0.5,1,0,0,0
37.20493896,0.5,1,0,0,0
39.68960962,0.5,1,0,0,0
40.35867091,0.5,1,0,0,0
43.60598569,0.5,1,0,0,0
38.93230247,0.5,1,0,0,0
43.8407816,0.5,1,0,0,0
40.33839027,0.5,1,0,0,0
37.93974423,0.5,1,0,0,0
22.51998714,0.5,1,0,0,0
22.2801337,0.5,1,0,0,0
23.77407575,0.5,1,0,0,0
21.70524501,0.5,1,0,0,0
23.73621533,0.5,1,0,0,0
26.34434027,0.5,1,0,0,0
24.8165105,0.5,1,0,0,0
25.24697123,0.5,1,0,0,0
22.17122398,0.5,1,0,0,0
23.8708821,0.5,1,0,0,0
22.97386892,0.5,1,0,0,0
25.89166592,0.5,1,0,0,0
19.4741763,0.5,1,0,0,0
20.62833023,0.5,1,0,0,0
21.16627809,0.5,1,0,0,0
20.85841053,0.5,1,0,0,0
22.17381264,0.5,1,0,0,0
19.68284481,0.5,1,0,0,0
20.28994662,0.5,1,0,0,0
22.01507024,0.5,1,0,0,0
20.91677666,0.5,1,0,0,0
20.39280792,0.5,1,0,0,0
18.84248049,0.5,1,0,0,0
21.85408293,0.5,1,0,0,0
22.06383805,0.5,1,0,0,0
20.64499714,0.5,1,0,0,0
21.59757411,0.5,1,0,0,0
20.22804291,0.5,1,0,0,0
19.07813758,0.5,1,0,0,0
18.20223049,0.5,1,0,0,0
20.77850173,0.5,1,0,0,0
20.13221479,0.5,1,0,0,0
21.29741964,0.5,1,0,0,0
20.94495942,0.5,1,0,0,0
22.12742386,0.5,1,0,0,0
20.20158025,0.5,1,0,0,0
19.74023306,0.5,1,0,0,0
19.17759388,0.5,1,0,0,0
19.93929706,0.5,1,0,0,0
21.52587227,0.5,1,0,0,0
18.1988305,0.5,1,0,0,0
21.94665873,0.5,1,0,0,0
22.00838593,0.5,1,0,0,0
20.42391155,0.5,1,0,0,0
19.35709868,0.5,1,0,0,0
18.92242337,0.5,1,0,0,0
19.13653111,0.5,1,0,0,0
18.22954237,0.5,1,0,0,0
19.90681197,0.5,1,0,0,0
18.23513046,0.5,1,0,0,0
20.8805765,0.5,1,0,0,0
19.49395389,0.5,1,0,0,0
18.80347411,0.5,1,0,0,0
20.18587164,0.5,1,0,0,0
21.90204364,0.5,1,0,0,0
20.78717396,0.5,1,0,0,0
19.97337683,0.5,1,0,0,0
21.11441164,0.5,1,0,0,0
20.95660985,0.5,1,0,0,0
21.57384326,0.5,1,0,0,0
18.81988019,0.5,1,0,0,0
21.43688218,0.5,1,0,0,0
19.20533341,0.5,1,0,0,0
21.76538861,0.5,1,0,0,0
19.12548455,0.5,1,0,0,0
21.70878345,0.5,1,0,0,0
21.85656159,0.5,1,0,0,0
18.58315468,0.5,1,0,0,0
21.899401,0.5,1,0,0,0
18.34406582,0.5,1,0,0,0
18.8754791,0.5,1,0,0,0
19.77794083,0.5,1,0,0,0
21.97438946,0.5,1,0,0,0
19.9542522,0.5,1,0,0,0
20.20163777,0.5,1,0,0,0
20.7776998,0.5,1,0,0,0
21.87317423,0.5,1,0,0,0
21.1334056,0.5,1,0,0,0
18.89661602,0.5,1,0,0,0
19.21196372,0.5,1,0,0,0
18.39051296,0.5,1,0,0,0
20.57780946,0.5,1,0,0,0
18.72296123,0.5,1,0,0,0
19.02961955,0.5,1,0,0,0
21.55245462,0.5,1,0,0,0
19.3070227,0.5,1,0,0,0
20.26658687,0.5,1,0,0,0
19.59026404,0.5,1,0,0,0
18.29612515,0.5,1,0,0,0
19.45145532,0.5,1,0,0,0
19.63227281,0.5,1,0,0,0
21.58280441,0.5,1,0,0,0
19.29780261,0.5,1,0,0,0
19.51696448,0.5,1,0,0,0
21.13158707,0.5,0,0,0,0
21.0358266,0.5,0,0,0,0
21.19314111,0.5,0,0,0,0
21.81508296,0.5,0,0,0,0
21.18222999,0.5,0,0,0,0
19.63043281,0.5,0,0,0,0
21.28603407,0.5,0,0,0,0
20.03469853,0.5,0,0,0,0
19.11085613,0.5,0,0,0,0
19.21166827,0.5,0,0,0,0
18.89536955,0.5,0,0,0,0
18.57997183,0.5,0,0,0,0
18.73796165,0.5,0,0,0,0
18.2527122,0.5,0,0,0,0
21.55380346,0.5,0,0,0,0
21.72403124,0.5,0,0,0,0
20.34708157,0.5,0,0,0,0
21.36195823,0.5,0,0,0,0
18.73428441,0.5,0,0,0,0
21.6066953,0.5,0,0,0,0
20.02544624,0.5,0,0,0,0
18.26865997,0.5,0,0,0,0
18.56525098,0.5,0,0,0,0
19.23590584,0.5,0,0,0,0
18.17423032,0.5,0,0,0,0
19.23717351,0.5,0,0,0,0
18.23972173,0.5,0,0,0,0
18.94411042,0.5,0,0,0,0
19.06267902,0.5,0,0,0,0
21.97747591,0.5,0,0,0,0
18.9421867,0.5,0,0,0,0
18.9567458,0.5,0,0,0,0
20.74715587,0.5,0,0,0,0
21.43742991,0.5,0,0,0,0
19.54822165,0.5,0,0,0,0
21.50247208,0.5,0,0,0,0
19.36056808,0.5,0,0,0,0
18.78806352,0.5,0,0,0,0
19.3185553,0.5,0,0,0,0
20.4374255,0.5,0,0,0,0
19.46857264,0.5,0,0,0,0
20.69157522,0.5,0,0,0,0
18.94774352,0.5,0,0,0,0
20.80397158,0.5,0,0,0,0
19.38975345,0.5,0,0,0,0
19.82347349,0.5,0,0,0,0
20.23098056,0.5,0,0,0,0
20.74490001,0.5,0,0,0,0
18.95485477,0.5,0,0,0,0
21.34378215,0.5,0,0,0,0
20.887371,0.5,0,0,0,0
18.93639168,0.5,0,0,0,0
21.89989825,0.5,0,0,0,0
20.65918796,0.5,0,0,0,0
19.80970755,0.5,0,0,0,0
18.6301093,0.5,0,0,0,0
20.13288401,0.5,0,0,0,0
18.65910355,0.5,0,0,0,0
19.71796671,0.5,0,0,0,0
19.63485009,0.5,0,0,0,0
20.87975858,0.5,0,0,0,0
18.76953272,0.5,0,0,0,0
21.28748542,0.5,0,0,0,0
19.30452931,0.5,0,0,0,0
19.77595451,0.5,0,0,0,0
21.0893639,0.5,0,0,0,0
20.5015696,0.5,0,0,0,0
19.23210141,0.5,0,0,0,0
19.5448117,0.5,0,0,0,0
19.22314726,0.5,0,0,0,0
20.37908067,0.5,0,0,0,0
19.33049813,0.5,0,0,0,0
20.90279078,0.5,0,0,0,0
20.31914863,0.5,0,0,0,0
18.58282645,0.5,0,0,0,0
19.24107447,0.5,0,0,0,0
18.88578977,0.5,0,0,0,0
19.56125285,0.5,0,0,0,0
20.06393634,0.5,0,0,0,0
20.02705143,0.5,0,0,0,0
21.01809471,0.5,0,0,0,0
18.75668745,0.5,0,0,0,0
21.78589132,0.5,0,0,0,0
19.37138043,0.5,0,0,0,0
19.20099539,0.5,0,0,0,0
20.74071431,0.5,0,0,0,0
72.15502615,0.5,0,0,0,0
66.347216,0.5,0,0,0,0
71.35711886,0.5,0,0,0,0
73.218809,0.5,0,0,0,0
71.62852985,0.5,0,0,0,0
61.6650722,0.5,0,0,0,0
72.45221719,0.5,0,0,0,0
71.73294104,0.5,0,0,0,0
70.30234724,0.5,0,0,0,0
71.5363049,0.5,0,0,0,0
74.52018538,0.5,0,0,0,0
67.06313527,0.5,0,0,0,0
70.88330461,0.5,0,0,0,0
76.99301233,0.5,0,0,0,0
70.56065033,0.5,0,0,0,0
74.40676633,0.5,0,0,0,0
78.94837437,0.5,0,0,0,0
74.6453473,0.5,0,0,0,0
80.47733422,0.5,0,0,0,0
82.59722781,0.5,0,0,0,0
76.36521606,0.5,0,0,0,0
83.810141,0.5,0,0,0,0
71.07910021,0.5,0,0,0,0
82.87855631,0.5,0,0,0,0
84.74562731,0.5,0,0,0,0
76.68899093,0.5,0,0,0,0
76.31876634,0.5,0,0,0,0
76.42023058,0.5,0,0,0,0
84.4724056,0.5,0,0,0,0
84.79461707,0.5,0,0,0,0
76.81190599,0.5,0,0,0,0
80.99255689,0.5,0,0,0,0
73.77759408,0.5,0,0,0,0
79.02345705,0.5,0,0,0,0
87.4528015,0.5,0,0,0,0
74.09417781,0.5,0,0,0,0
87.05640904,0.5,0,0,0,0
85.08584986,0.5,0,0,0,0
87.45036789,0.5,0,0,0,0
74.78341226,0.5,0,0,0,0
75.32579629,0.5,0,0,0,0
72.18315106,0.5,0,0,0,0
83.49491473,0.5,0,0,0,0
82.20674848,0.5,0,0,0,0
74.75922816,0.5,0,0,0,0
84.55672947,0.5,0,0,0,0
76.69498354,0.5,0,0,0,0
74.07093719,0.5,0,0,0,0
78.7421,0.5,0,0,0,0
73.43788825,0.5,0,0,0,0
76.19360764,0.5,0,0,0,0
77.92262781,0.5,0,0,0,0
85.60927563,0.5,0,0,0,0
84.66045647,0.5,0,0,0,0
79.0650884,0.5,0,0,0,0
83.57313856,0.5,0,0,0,0
81.07893056,0.5,0,0,0,0
77.43488085,0.5,0,0,0,0
83.59392214,0.5,0,0,0,0
82.91608183,0.5,0,0,0,0
81.90157961,0.5,0,0,0,0
81.88335775,0.5,0,0,0,0
82.92373135,0.5,0,0,0,0
78.14897687,0.5,0,0,0,0
85.90108959,0.5,0,0,0,0
74.59334488,0.5,0,0,0,0
86.13803259,0.5,0,0,0,0
77.47279062,0.5,0,0,0,0
73.99695383,0.5,0,0,0,0
81.59652162,0.5,0,0,0,0
78.01204195,0.5,0,0,0,0
85.04391333,0.5,0,0,0,0
78.89181013,0.5,0,0,0,0
82.69620652,0.5,0,0,0,0
76.93138928,0.5,0,0,0,0
75.35051463,0.5,0,0,0,0
78.20803369,0.5,0,0,0,0
81.70814095,0.5,0,0,0,0
82.51035572,0.5,0,0,0,0
81.25052663,0.5,0,0,0,0
87.80804853,0.5,0,0,0,0
83.05664563,0.5,0,0,0,0
86.90347976,0.5,0,0,0,0
73.8862218,0.5,0,0,0,0
72.98182675,0.5,0,0,0,0
76.97576744,0.5,0,0,0,0
74.18528058,0.5,0,0,0,0
80.41374206,0.5,0,0,0,0
80.30354587,0.5,0,0,0,0
81.20059876,0.5,0,0,0,0
83.92348496,0.5,0,0,0,0
87.54110712,0.5,0,0,0,0
86.05197384,0.5,0,0,0,0
73.89373396,0.5,0,0,0,0
77.41607038,0.5,0,0,0,0
76.0930223,0.5,0,0,0,0
74.82904899,0.5,0,0,0,0
80.71556703,0.5,0,0,0,0
80.85219939,0.5,0,0,0,0
75.6358882,0.5,0,0,0,0
83.39032398,0.5,0,0,0,0
83.72659664,0.5,0,0,0,0
72.33565214,0.5,0,0,0,0
78.33209318,0.5,0,0,0,0
86.24221714,0.5,0,0,0,0
80.32506689,0.5,0,0,0,0
77.56201504,0.5,0,0,0,0
76.05878922,0.5,0,0,0,0
30.3574631,0.5,0,0,0,0
29.43850976,0.5,0,0,0,0
34.03024255,0.5,0,0,0,0
29.35460176,0.5,0,0,0,0
30.67068061,0.5,0,0,0,0
29.09231914,0.5,0,0,0,0
33.80086756,0.5,0,0,0,0
29.05140999,0.5,0,0,0,0
30.77312116,0.5,0,0,0,0
32.46909693,0.5,0,0,0,0
31.42118667,0.5,0,0,0,0
30.60652895,0.5,0,0,0,0
21.39284587,0.5,0,0,0,0
23.73409927,0.5,0,0,0,0
24.52342052,0.5,0,0,0,0
21.7192228,0.5,0,0,0,0
20.33537079,0.5,0,0,0,0
20.32381357,0.5,0,0,0,0
23.56127481,0.5,0,0,0,0
22.63461556,0.5,0,0,0,0
23.67049381,0.5,0,0,0,0
23.28478533,0.5,0,0,0,0
24.22562712,0.5,0,0,0,0
24.1284915,0.5,0,0,0,0
21.66098875,0.5,0,0,0,0
20.37837456,0.5,0,0,0,0
19.69408553,0.5,0,0,0,0
20.50878148,0.5,0,0,0,0
20.48848506,0.5,0,0,0,0
20.9316884,0.5,0,0,0,0
19.19425541,0.5,0,0,0,0
21.11741878,0.5,0,0,0,0
20.30223714,0.5,0,0,0,0
20.97235874,0.5,0,0,0,0
19.41342112,0.5,0,0,0,0
20.21128124,0.5,0,0,0,0
18.93124067,0.5,0,0,0,0
21.60442643,0.5,0,0,0,0
20.04761298,0.5,0,0,0,0
18.99064526,0.5,0,0,0,0
18.25202595,0.5,0,0,0,0
20.80232879,0.5,0,0,0,0
18.94909999,0.5,0,0,0,0
22.06372869,0.5,0,0,0,0
20.23144849,0.5,0,0,0,0
19.2478563,0.5,0,0,0,0
20.72973709,0.5,0,0,0,0
19.19256387,0.5,0,0,0,0
21.30152702,0.5,0,0,0,0
19.25140782,0.5,0,0,0,0
21.97406579,0.5,0,0,0,0
20.44018289,0.5,0,0,0,0
21.39816712,0.5,0,0,0,0
18.30882148,0.5,0,0,0,0
19.41181513,0.5,0,0,0,0
20.97006028,0.5,0,0,0,0
20.64003149,0.5,0,0,0,0
18.79499837,0.5,0,0,0,0
19.44345953,0.5,0,0,0,0
19.07206524,0.5,0,0,0,0
20.45740775,0.5,0,0,0,0
19.38199354,0.5,0,0,0,0
19.23991032,0.5,0,0,0,0
18.83312719,0.5,0,0,0,0
19.63987861,0.5,0,0,0,0
18.7856165,0.5,0,0,0,0
21.8544736,0.5,0,0,0,0
18.6215819,0.5,0,0,0,0
21.65737628,0.5,0,0,0,0
19.71767746,0.5,0,0,0,0
19.51521017,0.5,0,0,0,0
18.92891286,0.5,0,0,0,0
20.54302534,0.5,0,0,0,0
20.74211206,0.5,0,0,0,0
19.87028385,0.5,0,0,0,0
18.22282758,0.5,0,0,0,0
21.6740406,0.5,0,0,0,0
21.92131653,0.5,0,0,0,0
19.72417366,0.5,0,0,0,0
20.45464323,0.5,0,0,0,0
19.80119451,0.5,0,0,0,0
19.2875186,0.5,0,0,0,0
18.30927517,0.5,0,0,0,0
19.82427092,0.5,0,0,0,0
21.27353823,0.5,0,0,0,0
18.06812584,0.5,0,0,0,0
20.32843073,0.5,0,0,0,0
21.52308843,0.5,0,0,0,0
18.87019772,0.5,0,0,0,0
18.73302346,0.5,0,0,0,0
21.0891065,0.5,0,0,0,0
19.02034572,0.5,0,0,0,0
18.76793707,0.5,0,0,0,0
19.511957,0.5,0,0,0,0
19.57000805,0.5,0,0,0,0
21.49640425,0.5,0,0,0,0
20.47377389,0.5,0,0,0,0
19.62384583,0.5,0,0,0,0
20.13755186,0.5,0,0,0,0
21.81586093,0.5,0,0,0,0
18.45285871,0.5,0,0,0,0
18.83086209,0.5,0,0,0,0
21.85011483,0.5,0,0,0,0
21.82929939,0.5,0,0,0,0
18.70866169,0.5,0,0,0,0
18.58043527,0.5,0,0,0,0
19.68434054,0.5,0,0,0,0
18.19887317,0.5,0,0,0,0
20.61961413,0.5,0,0,0,0
18.30998409,0.5,0,0,0,0
18.23211851,0.5,0,0,0,0
19.94074774,0.5,0,0,0,0
21.83114654,0.5,0,0,0,0
19.70718374,0.5,0,0,0,0
19.42592463,0.5,0,0,0,0
21.99182686,0.5,0,0,0,0
20.12787584,0.5,0,0,0,0
19.50096563,0.5,0,0,0,0
19.54344325,0.5,0,0,0,0
18.77983798,0.5,0,0,0,0
20.04889223,0.5,0,0,0,0
19.75542011,0.5,0,0,0,0
19.08318119,0.5,0,0,0,0
18.64216035,0.5,0,0,0,0
19.24495547,0.5,0,0,0,0
20.03473331,0.5,0,0,0,0
18.23333309,0.5,0,0,0,0
18.61497611,0.5,0,0,0,0
21.79062907,0.5,0,0,0,0
20.1714214,0.5,0,0,0,0
18.25379721,0.5,0,0,0,0
20.77235104,0.5,0,0,0,0
18.24721148,0.5,0,0,0,0
20.95549691,0.5,0,0,0,0
20.99985089,0.5,0,0,0,0
20.6043159,0.5,0,0,0,0
20.92881818,0.5,0,0,0,0
18.35186312,0.5,0,0,0,0
20.90712221,0.5,0,0,0,0
18.54675328,0.5,0,0,0,0
19.35802363,0.5,0,0,0,0
21.77098101,0.5,0,0,0,0
20.01150191,0.5,0,0,0,0
21.86970573,0.5,0,0,0,0
18.35568984,0.5,0,0,0,0
19.9102264,0.5,0,0,0,0
18.24960928,0.5,0,0,0,0
20.52084105,0.5,0,0,0,0
18.31482801,0.5,0,0,0,0
18.70147121,0.5,0,0,0,0
19.03532124,0.5,0,0,0,0
20.99497541,0.5,0,0,0,0
18.65584848,0.5,0,0,0,0
21.38652821,0.5,0,0,0,0
18.52761576,0.5,0,0,0,0
18.1409778,0.5,0,0,0,0
19.58018168,0.5,0,0,0,0
21.91776657,0.5,0,0,0,0
18.44136891,0.5,0,0,0,0
18.40687378,0.5,0,0,0,0
21.00466604,0.5,0,0,0,0
19.24864678,0.5,0,0,0,0
20.86912647,0.5,0,0,0,0
18.80004236,0.5,0,0,0,0
19.84028798,0.5,0,0,0,0
19.06115951,0.5,0,0,0,0
19.80611286,0.5,0,0,0,0
21.07638837,0.5,0,0,0,0
21.04803976,0.5,0,0,0,0
20.06308915,0.5,0,0,0,0
21.71348737,0.5,0,0,0,0
19.05513641,0.5,0,0,0,0
18.9612454,0.5,0,0,0,0
20.4552256,0.5,0,0,0,0
20.48518814,0.5,0,0,0,0
18.18616016,0.5,0,0,0,0
20.43111085,0.5,0,0,0,0
19.49774463,0.5,0,0,0,0
20.9897701,0.5,0,0,0,0
21.23242266,0.5,0,0,0,0
68.70929195,0.5,0,0,0,0
61.22318843,0.5,0,0,0,0
69.85457502,0.5,0,0,0,0
71.3847854,0.5,0,0,0,0
64.58617242,0.5,0,0,0,0
67.51918562,0.5,0,0,0,0
74.33388208,0.5,0,0,0,0
65.25437153,0.5,0,0,0,0
64.23488421,0.5,0,0,0,0
64.06762515,0.5,0,0,0,0
68.79969135,0.5,0,0,0,0
74.11710458,0.5,0,0,0,0
79.28687081,0.5,0,0,0,0
74.54757483,0.5,0,0,0,0
79.75060296,0.5,0,0,0,0
79.53755246,0.5,0,0,0,0
79.10427811,0.5,0,0,0,0
72.31429473,0.5,0,0,0,0
79.68847673,0.5,0,0,0,0
76.5161523,0.5,0,0,0,0
70.12854875,0.5,0,0,0,0
78.21714484,0.5,0,0,0,0
85.19341989,0.5,0,0,0,0
75.26795845,0.5,0,0,0,0
86.92425381,0.5,0,0,0,0
73.09805612,0.5,0,0,0,0
83.21688664,0.5,0,0,0,0
73.38630424,0.5,0,0,0,0
75.91888231,0.5,0,0,0,0
80.64665265,0.5,0,0,0,0
80.99556825,0.5,0,0,0,0
83.89696079,0.5,0,0,0,0
81.35391262,0.5,0,0,0,0
81.00884826,0.5,0,0,0,0
86.0780635,0.5,0,0,0,0
78.7591646,0.5,0,0,0,0
75.51352736,0.5,0,0,0,0
74.49911102,0.5,0,0,0,0
78.30583365,0.5,0,0,0,0
83.30395923,0.5,0,0,0,0
72.59347892,0.5,0,0,0,0
73.97597636,0.5,0,0,0,0
73.60937798,0.5,0,0,0,0
81.26636565,0.5,0,0,0,0
75.79477141,0.5,0,0,0,0
74.57055867,0.5,0,0,0,0
81.38655032,0.5,0,0,0,0
84.0799415,0.5,0,0,0,0
77.29592319,0.5,0,0,0,0
81.23177339,0.5,0,0,0,0
73.55233381,0.5,0,0,0,0
86.94218535,0.5,0,0,0,0
77.37176528,0.5,0,0,0,0
87.93898067,0.5,0,0,0,0
87.63636632,0.5,0,0,0,0
84.44090451,0.5,0,0,0,0
72.30371647,0.5,0,0,0,0
80.67623178,0.5,0,0,0,0
73.37176928,0.5,0,0,0,0
86.30149109,0.5,0,0,0,0
84.6301176,0.5,0,0,0,0
87.55324327,0.5,0,0,0,0
81.73020401,0.5,0,0,0,0
80.35090784,0.5,0,0,0,0
80.29972712,0.5,0,0,0,0
78.1794212,0.5,0,0,0,0
79.49522512,0.5,0,0,0,0
82.16265733,0.5,0,0,0,0
86.92298922,0.5,0,0,0,0
81.53023577,0.5,0,0,0,0
85.70974081,0.5,0,0,0,0
85.80035997,0.5,0,0,0,0
80.30055192,0.5,0,0,0,0
77.55876969,0.5,0,0,0,0
82.23239253,0.5,0,0,0,0
79.13327778,0.5,0,0,0,0
73.30235017,0.5,0,0,0,0
78.04419638,0.5,0,0,0,0
87.90431032,0.5,0,0,0,0
72.77549127,0.5,0,0,0,0
83.14587238,0.5,0,0,0,0
85.45819887,0.5,0,0,0,0
82.37882361,0.5,0,0,0,0
81.11519299,0.5,0,0,0,0
83.3207107,0.5,0,0,0,0
78.86933237,0.5,0,0,0,0
73.46164675,0.5,0,0,0,0
87.39778026,0.5,0,0,0,0
78.9166608,0.5,0,0,0,0
82.64606911,0.5,0,0,0,0
80.50081243,0.5,0,0,0,0
72.87462923,0.5,0,0,0,0
87.24377811,0.5,0,0,0,0
84.68043303,0.5,0,0,0,0
74.38542349,0.5,0,0,0,0
87.70621362,0.5,0,0,0,0
83.79038978,0.5,0,0,0,0
79.55711586,0.5,0,0,0,0
81.7818895,0.5,0,0,0,0
73.70775861,0.5,0,0,0,0
80.96655307,0.5,0,0,0,0
73.17854905,0.5,0,0,0,0
80.71765312,0.5,0,0,0,0
80.84309998,0.5,0,0,0,0
85.99098754,0.5,0,0,0,0
83.6008879,0.5,0,0,0,0
75.99280909,0.5,0,0,0,0
86.21478517,0.5,0,0,0,0
32.46874682,0.5,0,0,0,0
32.68082239,0.5,0,0,0,0
29.88147503,0.5,0,0,0,0
34.28974443,0.5,0,0,0,0
34.75817006,0.5,0,0,0,0
33.75993367,0.5,0,0,0,0
34.82080901,0.5,0,0,0,0
30.73471349,0.5,0,0,0,0
34.31115609,0.5,0,0,0,0
31.92890998,0.5,0,0,0,0
29.84906437,0.5,0,0,0,0
33.08031748,0.5,0,0,0,0
23.22485754,0.5,0,0,0,0
21.44542065,0.5,0,0,0,0
20.28316901,0.5,0,0,0,0
21.05531457,0.5,0,0,0,0
21.95100221,0.5,0,0,0,0
20.91068069,0.5,0,0,0,0
21.02925301,0.5,0,0,0,0
21.91342897,0.5,0,0,0,0
24.46880269,0.5,0,0,0,0
23.58380966,0.5,0,0,0,0
21.59247165,0.5,0,0,0,0
24.42318489,0.5,0,0,0,0
21.07656901,0.5,0,0,0,0
20.2975215,0.5,0,0,0,0
20.35015737,0.5,0,0,0,0
20.1144091,0.5,0,0,0,0
19.38633521,0.5,0,0,0,0
20.01564522,0.5,0,0,0,0
20.59426334,0.5,0,0,0,0
20.59479978,0.5,0,0,0,0
21.55207409,0.5,0,0,0,0
19.90163578,0.5,0,0,0,0
21.36800447,0.5,0,0,0,0
20.79986392,0.5,0,0,0,0
21.952249,0.5,0,0,0,0
19.63493713,0.5,0,0,0,0
21.70856916,0.5,0,0,0,0
21.38472647,0.5,0,0,0,0
20.64930024,0.5,0,0,0,0
20.71702449,0.5,0,0,0,0
18.42662497,0.5,0,0,0,0
21.90554268,0.5,0,0,0,0
18.51619738,0.5,0,0,0,0
20.35014726,0.5,0,0,0,0
19.41302051,0.5,0,0,0,0
19.81406102,0.5,0,0,0,0
20.46035514,0.5,0,0,0,0
21.65617549,0.5,0,0,0,0
19.84930554,0.5,0,0,0,0
21.97199109,0.5,0,0,0,0
20.39080465,0.5,0,0,0,0
18.66011229,0.5,0,0,0,0
18.77804681,0.5,0,0,0,0
20.884474,0.5,0,0,0,0
18.2190647,0.5,0,0,0,0
19.94049081,0.5,0,0,0,0
18.61072559,0.5,0,0,0,0
19.75181809,0.5,0,0,0,0
21.00370162,0.5,0,0,0,0
19.83906008,0.5,0,0,0,0
18.65738596,0.5,0,0,0,0
19.01135096,0.5,0,0,0,0
19.47389662,0.5,0,0,0,0
18.28175416,0.5,0,0,0,0
20.34125531,0.5,0,0,0,0
20.43405775,0.5,0,0,0,0
18.25211144,0.5,0,0,0,0
19.61301026,0.5,0,0,0,0
19.65977668,0.5,0,0,0,0
19.33899065,0.5,0,0,0,0
20.23095896,0.5,0,0,0,0
19.38382996,0.5,0,0,0,0
19.66563712,0.5,0,0,0,0
21.19009419,0.5,0,0,0,0
18.64843742,0.5,0,0,0,0
20.47645878,0.5,0,0,0,0
20.02237761,0.5,0,0,0,0
19.22028655,0.5,0,0,0,0
20.91013863,0.5,0,0,0,0
20.20475344,0.5,0,0,0,0
19.90944611,0.5,0,0,0,0
20.67067726,0.5,0,0,0,0
21.20916123,0.5,0,0,0,0
21.89067516,0.5,0,0,0,0
20.51740147,0.5,0,0,0,0
21.49775994,0.5,0,0,0,0
18.00436616,0.5,0,0,0,0
20.12094277,0.5,0,0,0,0
18.8585902,0.5,0,0,0,0
18.37676983,0.5,0,0,0,0
20.12788407,0.5,0,0,0,0
20.98730602,0.5,0,0,0,0
19.64909009,0.5,0,0,0,0
20.6804298,0.5,0,0,0,0
19.95887702,0.5,0,0,0,0
19.74834346,0.5,0,0,0,0
19.16102656,0.5,0,0,0,0
19.53037406,0.5,0,0,0,0
19.39918252,0.5,0,0,0,0
20.58474874,0.5,0,0,0,0
18.46407405,0.5,0,0,0,0
18.37054547,0.5,0,0,0,0
20.64005198,0.5,0,0,0,0
20.18519228,0.5,0,0,0,0
19.72080039,0.5,0,0,0,0
18.60977154,0.5,0,0,0,0
19.64410845,0.5,0,0,0,0
21.15892705,0.5,0,0,0,0
21.55848494,0.5,0,0,0,0
20.81030628,0.5,0,0,0,0
18.2396487,0.5,0,0,0,0
20.68163911,0.5,0,0,0,0
18.96394236,0.5,0,0,0,0
19.26100497,0.5,0,0,0,0
18.78349283,0.5,0,0,0,0
21.10302316,0.5,0,0,0,0
20.59440849,0.5,0,0,0,0
20.44734022,0.5,0,0,0,0
20.67189044,0.5,0,0,0,0
18.94708905,0.5,0,0,0,0
19.77857766,0.5,0,0,0,0
20.53301489,0.5,0,0,0,0
20.54637611,0.5,0,0,0,0
21.16740745,0.5,0,0,0,0
19.14841587,0.5,0,0,0,0
21.08134449,0.5,0,0,0,0
19.76073792,0.5,0,0,0,0
20.68069077,0.5,0,0,0,0
19.82287752,0.5,0,0,0,0
21.79444068,0.5,0,0,0,0
18.71720906,0.5,0,0,0,0
20.70002035,0.5,0,0,0,0
20.30614,0.5,0,0,0,0
18.69092416,0.5,0,0,0,0
18.26402534,0.5,0,0,0,0
21.19657756,0.5,0,0,0,0
18.62980533,0.5,0,0,0,0
18.74602673,0.5,0,0,0,0
21.9137369,0.5,0,0,0,0
20.86904341,0.5,0,0,0,0
19.00194737,0.5,0,0,0,0
20.36379584,0.5,0,0,0,0
20.13644735,0.5,0,0,0,0
21.37789307,0.5,0,0,0,0
20.91728299,0.5,0,0,0,0
21.3268845,0.5,0,0,0,0
18.84602635,0.5,0,0,0,0
20.56087682,0.5,0,0,0,0
18.16096343,0.5,0,0,0,0
18.27576245,0.5,0,0,0,0
20.85410813,0.5,0,0,0,0
18.09768041,0.5,0,0,0,0
20.31906004,0.5,0,0,0,0
21.36162039,0.5,0,0,0,0
19.51976723,0.5,0,0,0,0
18.17936175,0.5,0,0,0,0
20.8553898,0.5,0,0,0,0
21.71874581,0.5,0,0,0,0
20.86868557,0.5,0,0,0,0
20.31378897,0.5,0,0,0,0
18.92011532,0.5,0,0,0,0
18.0615025,0.5,0,0,0,0
20.77868843,0.5,0,0,0,0
18.9241047,0.5,0,0,0,0
21.43265071,0.5,0,0,0,0
19.86545648,0.5,0,0,0,0
20.12254233,0.5,0,0,0,0
21.01574618,0.5,0,0,0,0
21.11772243,0.5,0,0,0,0
20.57060333,0.5,0,0,0,0
21.75372726,0.5,0,0,0,0
21.92919375,0.5,0,0,0,0
21.78754178,0.5,0,0,0,0
21.29671674,0.5,0,0,0,0
20.82250088,0.5,0,0,0,0
20.65330343,0.5,0,0,0,0
18.41500071,0.5,0,0,0,0
19.08593739,0.5,0,0,0,0
61.27735984,0.5,0,0,0,0
63.06877424,0.5,0,0,0,0
67.17352089,0.5,0,0,0,0
63.19289709,0.5,0,0,0,0
73.46262244,0.5,0,0,0,0
72.15750892,0.5,0,0,0,0
62.173922,0.5,0,0,0,0
64.58522653,0.5,0,0,0,0
72.33937763,0.5,0,0,0,0
72.12142732,0.5,0,0,0,0
74.05812748,0.5,0,0,0,0
74.76664956,0.5,0,0,0,0
84.99171138,0.5,0,0,0,0
76.20534154,0.5,0,0,0,0
73.72509745,0.5,0,0,0,0
81.61052616,0.5,0,0,0,0
74.4847153,0.5,0,0,0,0
82.35533359,0.5,0,0,0,0
78.12697742,0.5,0,0,0,0
82.16175131,0.5,0,0,0,0
74.12165573,0.5,0,0,0,0
77.72458394,0.5,0,0,0,0
78.59364928,0.5,0,0,0,0
84.47703721,0.5,0,0,0,0
75.80796786,0.5,0,0,0,0
86.46508976,0.5,0,0,0,0
84.36847619,0.5,0,0,0,0
83.19213904,0.5,0,0,0,0
84.08238476,0.5,0,0,0,0
81.19667993,0.5,0,0,0,0
75.44984849,0.5,0,0,0,0
74.58172798,0.5,0,0,0,0
85.3462942,0.5,0,0,0,0
83.10061706,0.5,0,0,0,0
74.95880091,0.5,0,0,0,0
81.35044489,0.5,0,0,0,0
79.06575081,0.5,0,0,0,0
74.44903654,0.5,0,0,0,0
80.41310209,0.5,0,0,0,0
76.41250031,0.5,0,0,0,0
73.4516581,0.5,0,0,0,0
79.37596718,0.5,0,0,0,0
81.34400675,0.5,0,0,0,0
72.66320196,0.5,0,0,0,0
78.33936381,0.5,0,0,0,0
76.03124361,0.5,0,0,0,0
72.40342096,0.5,0,0,0,0
73.92178807,0.5,0,0,0,0
74.20673265,0.5,0,0,0,0
74.90800573,0.5,0,0,0,0
84.83367617,0.5,0,0,0,0
79.01290221,0.5,0,0,0,0
74.33553107,0.5,0,0,0,0
73.58708633,0.5,0,0,0,0
76.74862325,0.5,0,0,0,0
84.74790392,0.5,0,0,0,0
77.81267804,0.5,0,0,0,0
74.54046376,0.5,0,0,0,0
78.4470271,0.5,0,0,0,0
80.86557252,0.5,0,0,0,0
72.46986822,0.5,0,0,0,0
82.03833079,0.5,0,0,0,0
78.31785261,0.5,0,0,0,0
72.15215053,0.5,0,0,0,0
82.77825684,0.5,0,0,0,0
83.39419906,0.5,0,0,0,0
82.05749767,0.5,0,0,0,0
77.46716488,0.5,0,0,0,0
80.46981493,0.5,0,0,0,0
78.19076996,0.5,0,0,0,0
83.20595361,0.5,0,0,0,0
81.33337879,0.5,0,0,0,0
73.30808206,0.5,0,0,0,0
82.28870695,0.5,0,0,0,0
82.99501787,0.5,0,0,0,0
77.93048675,0.5,0,0,0,0
86.01174677,0.5,0,0,0,0
85.48740899,0.5,0,0,0,0
74.80194628,0.5,0,0,0,0
86.46743084,0.5,0,0,0,0
79.05319903,0.5,0,0,0,0
83.57919207,0.5,0,0,0,0
85.02473587,0.5,0,0,0,0
80.08102995,0.5,0,0,0,0
78.38548053,0.5,0,0,0,0
86.64705554,0.5,0,0,0,0
75.69351152,0.5,0,0,0,0
76.11137511,0.5,0,0,0,0
77.78577568,0.5,0,0,0,0
85.7512878,0.5,0,0,0,0
87.02044515,0.5,0,0,0,0
75.52093844,0.5,0,0,0,0
85.82175758,0.5,0,0,0,0
76.13110118,0.5,0,0,0,0
87.53009189,0.5,0,0,0,0
81.55836968,0.5,0,0,0,0
72.11335579,0.5,0,0,0,0
72.54605061,0.5,0,0,0,0
74.35972394,0.5,0,0,0,0
75.00114172,0.5,0,0,0,0
84.2818736,0.5,0,0,0,0
75.56422501,0.5,0,0,0,0
87.50623232,0.5,0,0,0,0
82.17776136,0.5,0,0,0,0
83.08024825,0.5,0,0,0,0
75.48503532,0.5,0,0,0,0
86.28326789,0.5,0,0,0,0
82.68500141,0.5,0,0,0,0
34.3321894,0.5,0,0,0,0
34.92147232,0.5,0,0,0,0
29.60409657,0.5,0,0,0,0
29.41815263,0.5,0,0,0,0
33.94180357,0.5,0,0,0,0
34.34320018,0.5,0,0,0,0
32.53606685,0.5,0,0,0,0
31.14239753,0.5,0,0,0,0
32.97682334,0.5,0,0,0,0
30.75624416,0.5,0,0,0,0
30.32566261,0.5,0,0,0,0
31.92412321,0.5,0,0,0,0
21.12836799,0.5,0,0,0,0
22.32699094,0.5,0,0,0,0
24.4455958,0.5,0,0,0,0
23.92223117,0.5,0,0,0,0
24.37850518,0.5,0,0,0,0
23.7723525,0.5,0,0,0,0
21.749283,0.5,0,0,0,0
23.79796136,0.5,0,0,0,0
24.2946612,0.5,0,0,0,0
24.40271899,0.5,0,0,0,0
23.2207251,0.5,0,0,0,0
21.10692141,0.5,0,0,0,0
18.59473039,0.5,0,0,0,0
19.03493191,0.5,0,0,0,0
22.38687991,0.5,0,0,0,0
20.32474835,0.5,0,0,0,0
21.93402245,0.5,0,0,0,0
20.33682061,0.5,0,0,0,0
21.13870857,0.5,0,0,0,0
18.5308804,0.5,0,0,0,0
19.45544657,0.5,0,0,0,0
20.21895873,0.5,0,0,0,0
21.01506452,0.5,0,0,0,0
19.13455056,0.5,0,0,0,0
21.15928519,0.5,0,0,0,0
19.55101535,0.5,0,0,0,0
21.37183578,0.5,0,0,0,0
18.48015732,0.5,0,0,0,0
20.81847763,0.5,0,0,0,0
19.26534519,0.5,0,0,0,0
21.283204,0.5,0,0,0,0
19.70280333,0.5,0,0,0,0
20.76057319,0.5,0,0,0,0
21.84155968,0.5,0,0,0,0
18.16930252,0.5,0,0,0,0
18.13108053,0.5,0,0,0,0
21.10135487,0.5,0,0,0,0
20.60533435,0.5,0,0,0,0
19.19032391,0.5,0,0,0,0
19.99676528,0.5,0,0,0,0
18.18518369,0.5,0,0,0,0
18.7878014,0.5,0,0,0,0
19.71689555,0.5,0,0,0,0
21.35666039,0.5,0,0,0,0
19.93779064,0.5,0,0,0,0
20.36498164,0.5,0,0,0,0
21.51565037,0.5,0,0,0,0
19.25374151,0.5,0,0,0,0
20.80679142,0.5,0,0,0,0
21.45078679,0.5,0,0,0,0
18.81407441,0.5,0,0,0,0
19.42964243,0.5,0,0,0,0
21.92344919,0.5,0,0,0,0
21.93708537,0.5,0,0,0,0
18.89654716,0.5,0,0,0,0
18.26929038,0.5,0,0,0,0
19.08735051,0.5,0,0,0,0
19.59468929,0.5,0,0,0,0
19.76781709,0.5,0,0,0,0
20.47915647,0.5,0,0,0,0
